Date,Close,High,Low,Open,Volume,Avg_Sentiment,TextBlob_Sentiment,Avg_Reddit_Score,Comment_Count,FinBERT_Sentiment
2021-07-06,219.8600006103516,228.0,217.13333129882807,227.23666381835935,69853500.0,0.11784723618090452,0.06000255832507119,4.055276381909548,398,0
2021-07-07,214.88333129882807,221.8999938964844,212.77333068847656,221.42333984375,56376000.0,0.17352305630026812,0.06546696692107534,4.1233243967828415,373,0
2021-07-08,217.60333251953125,218.1433258056641,206.82000732421875,209.4566650390625,68319900.0,0.1364635696821516,0.07548297485008586,3.215158924205379,409,0
2021-07-09,218.98333740234372,219.6366729736328,214.89666748046875,217.72666931152344,54421500.0,0.1279496894409938,0.07120411133983938,2.8229813664596275,322,0
2021-07-12,228.5666656494141,229.0800018310547,220.72000122070312,220.73333740234372,77781000.0,0.10894790123456789,0.07304814829755674,4.664197530864198,405,0
2021-07-13,222.8466644287109,231.0933380126953,222.1000061035156,228.77333068847656,62898300.0,0.11769903381642513,0.06978915304449351,6.118357487922705,414,0
2021-07-14,217.7933349609375,226.20333862304688,217.6133270263672,223.5833282470703,64923600.0,0.08833247863247863,0.032553772635723864,6.148148148148148,351,0
2021-07-15,216.86666870117188,222.04666137695312,212.6266632080078,219.4633331298828,60628800.0,0.14011771428571426,0.04326000194942372,5.034285714285715,350,0
2021-07-16,214.7400054931641,218.8999938964844,214.0666656494141,218.22666931152344,49113000.0,0.17706569343065692,0.04355868083201981,3.9416058394160585,274,0
2021-07-19,215.4066619873047,215.73333740234372,207.0966644287109,209.9633331298828,63891300.0,0.18604969696969698,0.058160843059057346,4.287878787878788,330,0
2021-07-20,220.1666717529297,220.79666137695312,213.5,217.3300018310547,46461300.0,0.18533032069970845,0.04695062266662642,8.650145772594753,343,0
2021-07-21,218.42999267578125,221.6199951171875,216.76333618164065,219.8699951171875,41859900.0,0.12659338422391858,0.05625469255597956,3.7251908396946565,393,0
2021-07-22,216.4199981689453,220.72332763671875,214.86666870117188,218.81333923339844,45317100.0,0.13877478510028654,0.054122609269308154,3.4527220630372493,349,0
2021-07-23,214.4600067138672,216.26666259765625,212.43333435058597,215.45333862304688,43814700.0,0.12540368550368552,0.05808785877197674,3.5945945945945947,407,0
2021-07-26,219.2066650390625,222.73333740234372,215.70333862304688,216.9900054931641,76009800.0,0.1505931493815414,0.06612407648476684,5.065651760228354,1051,0
2021-07-27,214.9266662597656,222.1666717529297,209.0800018310547,221.13333129882807,98439900.0,0.16767656967840736,0.07976529544148091,3.771822358346095,653,0
2021-07-28,215.66000366210935,218.3233337402344,213.13333129882807,215.6666717529297,48019800.0,0.23368106312292355,0.08524550640757937,4.3455149501661126,301,0
2021-07-29,225.7833404541016,227.89666748046875,216.26666259765625,216.5966644287109,91183800.0,0.17847327766179538,0.07808133262255348,4.674321503131524,479,0
2021-07-30,229.0666656494141,232.50999450683597,223.0,223.9199981689453,88969200.0,0.15930425101214574,0.07953056392220409,4.168016194331984,494,0
2021-08-02,236.55667114257807,242.31333923339844,232.8000030517578,233.3333282470703,100847400.0,0.13166256077795785,0.06931682787447696,4.228525121555916,617,0
2021-08-03,236.5800018310547,240.88333129882807,233.6699981689453,239.6666717529297,64860900.0,0.19108943089430894,0.07758049579660432,8.287262872628727,369,0
2021-08-04,236.97332763671875,241.63333129882807,236.30999755859372,237.0,51007800.0,0.18000906249999998,0.06751343892179318,5.021875,320,0
2021-08-05,238.2100067138672,240.3166656494141,237.1366729736328,238.6666717529297,38758800.0,0.1653323076923077,0.06141814835093681,4.424615384615384,325,0
2021-08-06,233.0333404541016,238.77667236328125,232.5433349609375,237.3000030517578,46869000.0,0.12972246376811594,0.052489938718577,3.9130434782608696,276,0
2021-08-09,237.9199981689453,239.6766662597656,235.0433349609375,236.72332763671875,44145900.0,0.19435495867768596,0.08619389306840805,4.144628099173554,242,0
2021-08-10,236.663330078125,238.8633270263672,233.9600067138672,237.9966735839844,40296900.0,0.09280932835820896,0.053305858907743454,3.3992537313432836,268,0
2021-08-11,235.94000244140625,238.3933258056641,234.73666381835935,237.57000732421875,29401800.0,0.14653654618473896,0.05638508495670962,5.855421686746988,249,0
2021-08-12,240.75,240.93333435058597,233.13333129882807,235.44667053222656,52377300.0,0.13211261261261262,0.08618732657510315,3.684684684684685,333,0
2021-08-13,239.05667114257807,243.3000030517578,238.1133270263672,241.23666381835935,50194500.0,0.19901497975708501,0.07331374633709799,3.526315789473684,247,0
2021-08-16,228.72332763671875,236.5,225.46665954589844,235.02333068847656,68032200.0,0.06995884861407249,0.03179201355299024,5.759061833688699,469,0
2021-08-17,221.90333557128903,224.8600006103516,216.27999877929688,224.22000122070312,71163900.0,0.12776530612244896,0.0535350998411974,6.636363636363637,539,0
2021-08-18,229.663330078125,231.92333984375,223.11666870117188,223.25,61048200.0,0.15322302483069977,0.067349170854373,4.029345372460496,443,0
2021-08-19,224.4900054931641,228.8500061035156,222.52999877929688,226.07000732421875,42940500.0,0.11142903225806451,0.024674863985611875,3.532258064516129,372,0
2021-08-20,226.7533264160156,230.7100067138672,224.5666656494141,227.61666870117188,44525700.0,0.13972090729783038,0.06089648099598167,4.5266272189349115,507,0
2021-08-23,235.43333435058597,237.3766632080078,226.9166717529297,228.47999572753903,60794700.0,0.1581802013422819,0.06072575101058643,4.4630872483221475,298,0
2021-08-24,236.163330078125,238.4066619873047,234.2133331298828,236.8933258056641,39249300.0,0.22130206185567008,0.09363124466141566,23.508591065292098,291,0
2021-08-25,237.0666656494141,238.9900054931641,234.6666717529297,235.6766662597656,37936800.0,0.16387500000000002,0.06211117100385845,3.2149122807017543,228,0
2021-08-26,233.72000122070312,238.46665954589844,232.5399932861328,236.10333251953125,39642900.0,0.22923832752613238,0.07438164368805711,5.306620209059234,287,0
2021-08-27,237.30667114257807,238.3333282470703,234.0333404541016,235.0,41501400.0,0.20732947761194032,0.10858838182254582,4.8059701492537314,268,0
2021-08-30,243.6366729736328,243.6666717529297,237.57666015625,238.2400054931641,55812600.0,0.15463150684931506,0.0847707038024308,4.857534246575343,365,0
2021-08-31,245.2400054931641,246.79666137695312,242.14666748046875,244.3333282470703,62566200.0,0.170261800486618,0.07553884199372121,3.980535279805353,411,0
2021-09-01,244.69667053222656,247.3300018310547,243.7566680908203,244.69332885742188,39612900.0,0.14480977917981072,0.08889131562819035,5.444794952681388,317,0
2021-09-02,244.1300048828125,246.9900054931641,243.51333618164065,244.8333282470703,38331900.0,0.5032225806451613,0.27479126060506215,2.506311360448808,713,0
2021-09-03,244.52333068847656,244.6666717529297,241.3999938964844,244.0833282470703,45738300.0,0.1970446511627907,0.08775462991109699,3.0093023255813955,215,0
2021-09-07,250.97332763671875,253.3999938964844,246.4199981689453,246.6666717529297,60119400.0,0.15791514195583597,0.07092477833909785,4.470031545741325,317,0
2021-09-08,251.2899932861328,254.8166656494141,246.92333984375,253.8600006103516,56379000.0,0.16168557046979865,0.05642282681941474,3.0,298,0
2021-09-09,251.6199951171875,254.0333404541016,250.5433349609375,251.1366729736328,42233100.0,0.16625448028673834,0.05149075487298636,11.075268817204302,279,0
2021-09-10,245.42333984375,254.20333862304688,244.83999633789065,253.1999969482422,45552600.0,0.16653778920308482,0.07442169896383999,3.67866323907455,389,0
2021-09-13,247.6666717529297,248.25999450683597,236.2833404541016,246.73666381835935,68857500.0,0.16312491103202845,0.06523138465457401,3.565836298932384,281,0
2021-09-14,248.163330078125,251.4900054931641,245.46665954589844,247.52333068847656,55574700.0,0.17695059171597632,0.07333560342429478,4.254437869822485,338,0
2021-09-15,251.94332885742188,252.2866668701172,246.1199951171875,248.3333282470703,46073100.0,0.18605340501792117,0.07116269704232668,4.885304659498208,279,0
2021-09-16,252.3300018310547,252.97000122070312,249.20333862304688,250.94332885742188,41770200.0,0.18268534482758622,0.06652585543538161,4.581896551724138,232,0
2021-09-17,253.163330078125,253.67999267578125,250.0,252.38333129882807,84612600.0,0.18787151515151515,0.0871333458675782,5.236363636363636,330,0
2021-09-20,243.38999938964844,247.3333282470703,239.5399932861328,244.85333251953125,74273100.0,0.11622335329341318,0.06546785860519999,3.2574850299401197,334,0
2021-09-21,246.4600067138672,248.2466735839844,243.47999572753903,244.92999267578125,48992100.0,0.16119433198380567,0.06905435977030445,3.3441295546558703,247,0
2021-09-22,250.64666748046875,251.22332763671875,246.3733367919922,247.8433380126953,45378900.0,0.2397239316239316,0.07914501321412952,4.0,234,0
2021-09-23,251.2133331298828,252.73333740234372,249.30667114257807,251.6666717529297,35842500.0,0.20318429118773948,0.08165846588837193,4.417624521072797,261,0
2021-09-24,258.1300048828125,258.26666259765625,248.1866607666016,248.6300048828125,64119000.0,0.1398422178988327,0.07777524342903094,4.120622568093385,514,0
2021-09-27,263.78668212890625,266.3333435058594,256.4366760253906,257.7066650390625,84212100.0,0.1574460451977401,0.07821890926275595,4.419491525423729,708,0
2021-09-28,259.1866760253906,265.2133178710937,255.3933258056641,262.3999938964844,76144200.0,0.15877708737864077,0.08450844181021885,4.0504854368932035,515,0
2021-09-29,260.4366760253906,264.5,256.8933410644531,259.9333190917969,62828700.0,0.23576492307692307,0.07510243053216871,5.683076923076923,325,0
2021-09-30,258.49334716796875,263.0433349609375,258.3333435058594,260.3333435058594,53868000.0,0.19934333333333332,0.09016684560228932,4.084848484848485,330,0
2021-10-01,258.4066772460937,260.260009765625,254.52999877929688,259.4666748046875,51094200.0,0.1666544850498339,0.07669059520018445,3.744186046511628,301,0
2021-10-04,260.510009765625,268.989990234375,258.7066650390625,265.5,91449900.0,0.17235623409669212,0.06926239690941466,5.582697201017812,393,0
2021-10-05,260.1966552734375,265.7699890136719,258.0666809082031,261.6000061035156,55297800.0,0.14905316804407712,0.07459579224733043,4.848484848484849,363,0
2021-10-06,260.9166564941406,262.2200012207031,257.739990234375,258.7333374023437,43898400.0,0.20017675840978594,0.09112738731184848,3.9388379204892967,327,0
2021-10-07,264.53668212890625,268.3333435058594,261.1266784667969,261.82000732421875,57587400.0,0.16305297397769516,0.06346070869820579,5.299256505576208,538,0
2021-10-08,261.8299865722656,265.4599914550781,260.3033447265625,265.4033203125,50215800.0,0.17085825,0.07303556699542191,4.0575,400,0
2021-10-11,263.9800109863281,267.0799865722656,261.8333435058594,262.54998779296875,42600900.0,0.1825260355029586,0.05199220189783552,4.3698224852071,338,0
2021-10-12,268.5733337402344,270.7733459472656,265.5233459472656,266.9766540527344,66060000.0,0.11876893732970027,0.03729431927514839,6.501362397820164,367,0
2021-10-13,270.3599853515625,271.8033447265625,268.59332275390625,270.1566772460937,42360300.0,0.16221988636363635,0.05739812427450246,3.835227272727273,352,0
2021-10-14,272.7733459472656,273.4166564941406,271.1166687011719,271.8299865722656,36741600.0,0.19307521367521369,0.062469024308633,11.968660968660968,351,0
2021-10-15,281.010009765625,281.07000732421875,274.1166687011719,274.5799865722656,56773800.0,0.12006676783004551,0.05558418773739022,4.6054628224582705,659,0
2021-10-18,290.03668212890625,291.7533264160156,283.8233337402344,283.92999267578125,72621600.0,0.15538588516746413,0.07084614866905307,6.5669856459330145,836,0
2021-10-19,288.0899963378906,292.6499938964844,287.5033264160156,292.510009765625,52143300.0,0.1425056,0.060573971448563045,5.0272,625,0
2021-10-20,288.6000061035156,289.8299865722656,285.7933349609375,288.45001220703125,42096300.0,0.09937746331236898,0.05433821989550969,4.746331236897275,954,0
2021-10-21,298.0,300.0,285.1666564941406,285.3333435058594,94444500.0,0.1058403574788335,0.05580839866801375,9.049858889934148,1063,0
2021-10-22,303.2266540527344,303.3333435058594,296.9866638183594,298.5,68642400.0,0.15427520215633422,0.07075755982164582,5.297843665768194,742,0
2021-10-25,341.6199951171875,348.3399963378906,314.7333374023437,316.84332275390625,188556300.0,0.13171785714285714,0.059091158654542626,7.657539682539682,2520,0
2021-10-26,339.4766540527344,364.9800109863281,333.8133239746094,341.5633239746094,187245000.0,0.14547333625218914,0.06864826994566618,8.175131348511384,2284,0
2021-10-27,345.9533386230469,356.9599914550781,343.59332275390625,346.5533447265625,115579500.0,0.17825555555555556,0.07174597326340358,6.372637944066516,1323,0
2021-10-28,359.0133361816406,360.3333435058594,351.3999938964844,356.10333251953125,81639600.0,0.16542504118616144,0.06773417565554335,6.759472817133443,1214,0
2021-10-29,371.3333435058594,371.7366638183594,357.7366638183594,360.6199951171875,89755200.0,0.12004097222222224,0.06162956541269804,8.016975308641975,1296,0
2021-11-01,402.86334228515625,403.25,372.88665771484375,381.6666564941406,168146100.0,0.12090760053026955,0.05984402645285955,7.410517012814847,2263,0
2021-11-02,390.6666564941406,402.86334228515625,382.0,386.4533386230469,128213400.0,0.1101707951807229,0.05492415754494853,6.346987951807229,2075,0
2021-11-03,404.6199951171875,405.1300048828125,384.2066650390625,392.4433288574219,103885500.0,0.14459674603174605,0.05173742712995806,6.0055555555555555,1260,0
2021-11-04,409.9700012207031,414.4966735839844,405.6666564941406,411.4700012207031,76192200.0,0.13303856209150328,0.06327174975074806,8.952941176470588,1530,0
2021-11-05,407.36334228515625,413.2900085449219,402.6666564941406,409.3333435058594,64886400.0,0.1433982387475538,0.06925723541227927,5.126223091976517,1022,0
2021-11-08,387.6466674804688,399.0,377.6666564941406,383.2633361816406,100337100.0,0.11279104696673191,0.04992074499448923,6.813600782778865,2044,0
2021-11-09,341.1666564941406,391.5,337.17333984375,391.2000122070313,177317400.0,0.09452903587443946,0.04359295168817227,5.470291479820628,1784,0
2021-11-10,355.9833374023437,359.3666687011719,329.10333251953125,336.8033447265625,128408100.0,0.12004699806326662,0.06257485486874252,5.68947708198838,1549,0
2021-11-11,354.5033264160156,368.3233337402344,351.5599975585937,367.5899963378906,67189800.0,0.12982871559633027,0.05213969455675607,4.756880733944954,1090,0
2021-11-12,344.47332763671875,351.5,339.7333374023437,349.1666564941406,76719300.0,0.12828267326732673,0.05470307858857263,4.785891089108911,808,0
2021-11-15,337.7966613769531,343.99334716796875,326.20001220703125,339.2099914550781,104326800.0,0.11079584295612009,0.06380408382388443,6.501154734411085,1299,0
2021-11-16,351.57666015625,352.3999938964844,334.0599975585937,334.4366760253906,79627200.0,0.13555954118873825,0.072601375038435,4.886339937434828,959,0
2021-11-17,363.0033264160156,373.21331787109375,351.8333435058594,354.5033264160156,94336200.0,0.1470703631010795,0.0703693227508152,5.350343473994112,1019,0
2021-11-18,365.4599914550781,370.6666564941406,358.3399963378906,368.8500061035156,62696700.0,0.15472388758782202,0.06922060036654082,6.5889929742388755,854,0
2021-11-19,379.0199890136719,379.5733337402344,364.23333740234375,366.2900085449219,64926900.0,0.11691178977272726,0.06448116778929204,5.862215909090909,704,0
2021-11-22,385.6233215332031,400.6499938964844,377.4766540527344,387.4433288574219,99217500.0,0.15270530726256984,0.0852965103350542,4.9972067039106145,716,0
2021-11-23,369.6766662597656,393.5,354.2333374023437,389.1700134277344,108515100.0,0.1436931081081081,0.04822214233806961,4.527027027027027,740,0
2021-11-24,372.0,377.5899963378906,354.0,360.1300048828125,67680600.0,0.16649434931506849,0.06266433852788247,4.397260273972603,584,0
2021-11-26,360.6400146484375,369.5933227539063,360.3333435058594,366.489990234375,35042700.0,0.11399169435215947,0.037076494280688724,5.401993355481728,301,0
2021-11-29,378.9966735839844,380.8900146484375,366.7300109863281,366.9966735839844,58393500.0,0.1768742574257426,0.08327752096298066,5.352475247524753,505,0
2021-11-30,381.586669921875,389.3333435058594,372.6666564941406,381.4566650390625,81276000.0,0.12157058823529411,0.046586777427004025,4.643598615916955,578,0
2021-12-01,365.0,390.9466552734375,363.586669921875,386.8999938964844,68450400.0,0.12777246376811593,0.057258460648517286,3.6149068322981366,483,0
2021-12-02,361.5333251953125,371.0,352.2166748046875,366.3533325195313,73114800.0,0.14593890160183068,0.06927973606010145,5.48512585812357,437,0
2021-12-03,338.3233337402344,363.5266723632813,333.4033203125,361.5966796875,92322000.0,0.12047461059190032,0.060290099860690276,7.118380062305296,642,0
2021-12-06,336.336669921875,340.5466613769531,316.8333435058594,333.836669921875,81663000.0,0.1188663814180929,0.0520122487514976,4.909535452322738,818,0
2021-12-07,350.5833435058594,352.5566711425781,342.2699890136719,348.0666809082031,56084700.0,0.12306449912126538,0.057748880479001716,4.1441124780316345,569,0
2021-12-08,356.32000732421875,357.4599914550781,344.3333435058594,350.9033203125,41906400.0,0.14660847457627119,0.06900788910886727,8.2788906009245,649,0
2021-12-09,334.6000061035156,354.163330078125,334.1199951171875,353.5466613769531,59438400.0,0.11432827496757457,0.05673563087449006,4.256809338521401,771,0
2021-12-10,339.010009765625,340.32666015625,327.510009765625,336.25,59664300.0,0.09106608478802992,0.047757752299696365,4.603491271820449,802,0
2021-12-13,322.1366577148437,335.0,317.1400146484375,333.6966552734375,78595500.0,0.13205290611028317,0.07775737708515779,4.7585692995529065,671,0
2021-12-14,319.5033264160156,322.1366577148437,310.0,315.0,70806300.0,0.11769544827586206,0.05779687605026406,4.953103448275862,725,0
2021-12-15,325.3299865722656,326.25,309.4166564941406,317.7366638183594,75169200.0,0.14092146118721463,0.05680001119679696,7.375951293759513,657,0
2021-12-16,308.97332763671875,331.6600036621094,307.2833251953125,331.5,82771500.0,0.10154057428214731,0.05205840160649625,4.138576779026217,801,0
2021-12-17,310.8566589355469,320.2200012207031,303.0133361816406,304.92333984375,100437300.0,0.09414199346405229,0.0624177995648862,5.032679738562091,612,0
2021-12-20,299.9800109863281,307.2300109863281,297.7966613769531,303.5666809082031,56480100.0,0.1194,0.061916663690526556,4.0036297640653356,551,0
2021-12-21,312.84332275390625,313.1666564941406,295.3733215332031,305.6233215332031,71517900.0,0.07781142322097377,0.054914013251878134,3.7265917602996255,534,0
2021-12-22,336.2900085449219,338.5533447265625,319.01666259765625,321.8866577148437,93634200.0,0.13317202247191012,0.047427036737321425,4.786516853932584,890,0
2021-12-23,355.6666564941406,357.6600036621094,332.5199890136719,335.6000061035156,92713200.0,0.11930422832980973,0.05337708350824353,4.636363636363637,946,0
2021-12-27,364.6466674804688,372.3333435058594,356.9066772460937,357.8900146484375,71145900.0,0.11944294117647059,0.049696697876246844,6.763529411764706,850,0
2021-12-28,362.8233337402344,373.0,359.47332763671875,369.8299865722656,60324000.0,0.13697857142857142,0.04811575317819065,5.238095238095238,714,0
2021-12-29,362.0633239746094,368.0,354.7133178710937,366.21331787109375,56154000.0,0.10592871939736347,0.05160424016900103,5.809792843691149,1062,0
2021-12-30,356.7799987792969,365.1833190917969,351.04998779296875,353.77667236328125,47040900.0,0.10820355987055016,0.03988229930996106,5.3926645091693635,927,0
2021-12-31,352.260009765625,360.6666564941406,351.5299987792969,357.8133239746094,40733700.0,0.10146851851851851,0.05049024917021099,11.74537037037037,648,0
2022-01-03,399.9266662597656,400.3566589355469,378.6799926757813,382.5833435058594,103931400.0,0.12083941384537646,0.06321940540748529,10.859525012632643,1979,0
2022-01-04,383.1966552734375,402.6666564941406,374.3500061035156,396.51666259765625,100248300.0,0.1497119922630561,0.056706126344867575,6.709219858156028,1551,0
2022-01-05,362.7066650390625,390.11334228515625,360.336669921875,382.2166748046875,80119800.0,0.14953491295938104,0.06059882580008276,4.582205029013539,1034,0
2022-01-06,354.8999938964844,362.6666564941406,340.1666564941406,359.0,90336600.0,0.09818901098901098,0.049818133933666395,4.328449328449328,819,0
2022-01-07,342.32000732421875,360.30999755859375,336.6666564941406,360.1233215332031,84164700.0,0.11655897771952818,0.05685671702518069,3.5530799475753603,763,0
2022-01-10,352.7066650390625,353.0333251953125,326.6666564941406,333.3333435058594,91815000.0,0.11793852813852813,0.05257484912378153,4.662337662337662,924,0
2022-01-11,354.79998779296875,358.6166687011719,346.2733459472656,351.22332763671875,66063300.0,0.1605646984924623,0.05892066583191632,4.4459798994974875,796,0
2022-01-12,368.739990234375,371.61334228515625,357.5299987792969,359.6166687011719,83739000.0,0.09953396464646465,0.056036053869421024,4.433080808080808,792,0
2022-01-13,343.85333251953125,371.8666687011719,342.17999267578125,369.6900024414063,97209900.0,0.11066284023668638,0.057316149870138215,4.066272189349112,845,0
2022-01-14,349.8699951171875,350.6666564941406,337.7933349609375,339.9599914550781,72924300.0,0.09150127877237851,0.04572024352296763,3.6751918158567776,782,0
2022-01-18,343.5033264160156,356.92999267578125,338.6866760253906,342.2033386230469,66743400.0,0.1201403076923077,0.04774273560082355,4.17076923076923,650,0
2022-01-19,331.8833312988281,351.5566711425781,331.6666564941406,347.2366638183594,75442500.0,0.12074227769110764,0.0466969719989458,5.009360374414976,641,0
2022-01-20,332.0899963378906,347.2200012207031,331.3333435058594,336.57666015625,70488600.0,0.1620027027027027,0.0690979101262439,3.469416785206259,703,0
2022-01-21,314.6333312988281,334.8500061035156,313.5,332.11334228515625,103416000.0,0.11847136706135629,0.059776801038655854,4.655543595263724,929,0
2022-01-24,310.0,311.1700134277344,283.8233337402344,301.586669921875,151565700.0,0.08717804878048781,0.05205952318264468,3.9243061396131202,1189,0
2022-01-25,306.1333312988281,317.086669921875,301.07000732421875,304.7333374023437,86595900.0,0.11653042279411764,0.04265331717283425,4.1525735294117645,1088,0
2022-01-26,312.4700012207031,329.2300109863281,302.0,317.4766540527344,104867400.0,0.08166193241816262,0.041884943585571065,4.631995776135164,1894,0
2022-01-27,276.3666687011719,311.7966613769531,276.3333435058594,311.1199951171875,147109500.0,0.08577172061328792,0.05823464307234041,5.315729699034639,1761,0
2022-01-28,282.1166687011719,285.8333435058594,264.0033264160156,277.1866760253906,134789100.0,0.10318925476603119,0.05715507878067559,4.723570190641248,1154,0
2022-01-31,312.239990234375,312.663330078125,287.3500061035156,290.9033203125,104436000.0,0.09439544879898862,0.05591292930971113,4.763590391908976,791,0
2022-02-01,310.4166564941406,314.5666809082031,301.6666564941406,311.7366638183594,73138200.0,0.11206778916544656,0.041376850825624006,5.218155197657394,683,0
2022-02-02,301.8866577148437,310.5,296.4700012207031,309.3933410644531,66792900.0,0.15472240802675585,0.05768012541668279,4.2675585284280935,598,0
2022-02-03,297.0466613769531,312.3333435058594,293.50665283203125,294.0,78855600.0,0.12572353658536586,0.0540803390803578,3.9378048780487807,820,0
2022-02-04,307.7733459472656,312.1666564941406,293.72332763671875,299.0733337402344,73625400.0,0.14096694736842105,0.06872752578043069,3.3557894736842107,475,0
2022-02-07,302.4466552734375,315.92333984375,300.9033203125,307.92999267578125,60994500.0,0.17504275534441804,0.07421643142431039,4.1258907363420425,421,0
2022-02-08,307.3333435058594,308.7633361816406,298.26666259765625,301.84332275390625,50729100.0,0.14098342696629212,0.06688142460536393,4.089887640449438,356,0
2022-02-09,310.6666564941406,315.42333984375,306.6666564941406,311.6666564941406,52259400.0,0.15204489795918366,0.07829305324945814,3.795918367346939,392,0
2022-02-10,301.51666259765625,314.60333251953125,298.8999938964844,302.7900085449219,66126900.0,0.08380168539325843,0.04777322922925518,3.407303370786517,356,0
2022-02-11,286.6666564941406,305.32000732421875,283.5666809082031,303.2099914550781,79645800.0,0.07007902298850574,0.035971714395701807,3.6235632183908044,348,0
2022-02-14,291.9200134277344,299.6266784667969,284.3833312988281,287.19000244140625,67756500.0,0.1196657060518732,0.07508198533298883,5.060518731988473,347,0
2022-02-15,307.4766540527344,307.6666564941406,297.7933349609375,300.0,57286200.0,0.1709551282051282,0.07073758288249204,4.330128205128205,312,0
2022-02-16,307.7966613769531,308.8099975585937,300.4033203125,304.6833190917969,51294300.0,0.18895407407407408,0.07559473779321388,4.048148148148148,270,0
2022-02-17,292.1166687011719,306.1666564941406,291.3666687011719,304.4200134277344,55178400.0,0.09695121412803533,0.07826217881495774,3.5496688741721854,453,0
2022-02-18,285.6600036621094,295.6233215332031,279.2033386230469,295.3333435058594,68501700.0,0.13404645308924484,0.06908054104577215,2.940503432494279,437,0
2022-02-22,273.84332275390625,285.57666015625,267.0333251953125,278.0433349609375,83288100.0,0.05181411992263056,0.044842642006594415,8.731141199226306,517,0
2022-02-23,254.67999267578125,278.4333190917969,253.5200042724609,276.8099975585937,95256900.0,0.07827141148325359,0.04155882774132232,5.106459330143541,836,0
2022-02-24,266.92333984375,267.49334716796875,233.3333282470703,233.4633331298828,135322200.0,0.11782547393364928,0.04872063566841802,4.062796208530806,844,0
2022-02-25,269.9566650390625,273.1666564941406,260.79998779296875,269.74334716796875,76067700.0,0.08059187675070029,0.03614686829309553,3.2408963585434174,357,0
2022-02-28,290.1433410644531,292.28668212890625,271.57000732421875,271.6700134277344,99006900.0,0.15014514285714287,0.04569614655081208,4.8533333333333335,525,0
2022-03-01,288.1233215332031,296.6266784667969,284.59332275390625,289.8933410644531,74766900.0,0.1318268817204301,0.04957631874986113,3.35752688172043,372,0
2022-03-02,293.2966613769531,295.49334716796875,281.42333984375,290.7099914550781,74643300.0,0.024089442815249263,0.02848743937758058,3.038123167155425,341,0
2022-03-03,279.7633361816406,295.4800109863281,277.5333251953125,292.92333984375,61623600.0,0.11084274809160305,0.05381899954217218,2.8244274809160306,393,0
2022-03-04,279.42999267578125,285.2166748046875,275.0533447265625,283.0333251953125,66999600.0,0.03902513513513514,0.024969190456311668,3.075675675675676,370,0
2022-03-07,268.1933288574219,288.7133178710937,268.19000244140625,285.4333190917969,72494100.0,0.0972324705882353,0.04476408812890605,4.658823529411765,425,0
2022-03-08,274.79998779296875,283.3299865722656,260.72332763671875,265.1766662597656,80399100.0,0.050782526881720434,0.024186377336370937,3.903225806451613,372,0
2022-03-09,286.3233337402344,286.85333251953125,277.336669921875,279.82666015625,59184000.0,0.10999811320754717,0.06994808690968826,3.3679245283018866,318,0
2022-03-10,279.4333190917969,284.8166809082031,270.1199951171875,283.8166809082031,58648500.0,0.14485040431266846,0.07367026601043042,4.172506738544475,371,0
2022-03-11,265.1166687011719,281.26666259765625,264.5899963378906,280.0666809082031,67037100.0,0.07480935251798561,0.03632426249950023,4.083932853717027,417,0
2022-03-14,255.4566650390625,266.8999938964844,252.01333618164065,260.2033386230469,71152200.0,0.10755258799171842,0.044765278167738044,3.9730848861283645,483,0
2022-03-15,267.2966613769531,268.5233459472656,252.19000244140625,258.42333984375,66841200.0,0.11690623376623378,0.042413660555736234,3.5610389610389612,385,0
2022-03-16,280.07666015625,280.6666564941406,267.4200134277344,269.6666564941406,84028800.0,0.08753047091412743,0.0504167574732628,4.551246537396122,361,0
2022-03-17,290.5333251953125,291.6666564941406,275.239990234375,276.9966735839844,66582900.0,0.12001037527593819,0.03202656963509547,4.103752759381899,453,0
2022-03-18,301.7966613769531,302.6166687011719,289.1300048828125,291.4966735839844,100414200.0,0.12259402390438247,0.04787259033573775,3.8326693227091635,502,0
2022-03-21,307.0533447265625,314.2833251953125,302.36334228515625,304.99334716796875,81981600.0,0.09014978813559321,0.04047444676908447,6.188559322033898,472,0
2022-03-22,331.32666015625,332.6199951171875,307.25,310.0,105868500.0,0.10159216931216931,0.036570654147125764,4.019047619047619,945,0
2022-03-23,333.03668212890625,346.8999938964844,325.4666748046875,326.64666748046875,120676200.0,0.09292638469284994,0.045844617313316086,5.021148036253776,993,0
2022-03-24,337.97332763671875,341.4966735839844,329.6000061035156,336.57666015625,68920800.0,0.09086284403669725,0.039692758443022384,5.373088685015291,654,0
2022-03-25,336.8800048828125,340.6000061035156,332.44000244140625,336.0,62031600.0,0.13509661319073082,0.0355989206993617,4.397504456327986,561,0
2022-03-28,363.9466552734375,365.9599914550781,351.20001220703125,355.0333251953125,102506100.0,0.12117772556390977,0.07231616877295474,6.787593984962406,1064,0
2022-03-29,366.5233459472656,371.5899963378906,357.7033386230469,369.3299865722656,73614900.0,0.17160935143288084,0.08059549899495913,5.30920060331825,663,0
2022-03-30,364.663330078125,371.3166809082031,361.3333435058594,363.7233276367188,59865000.0,0.14676555555555557,0.06705795175336683,6.214814814814815,540,0
2022-03-31,359.20001220703125,367.71331787109375,358.8800048828125,364.8566589355469,48992700.0,0.14961381957773515,0.0576666702835843,9.403071017274472,521,0
2022-04-01,361.5299987792969,364.9166564941406,355.5466613769531,360.3833312988281,54263100.0,0.1358193895870736,0.061943494303582626,4.721723518850988,557,0
2022-04-04,381.8166809082031,383.3033447265625,357.510009765625,363.1266784667969,82035900.0,0.1036115976331361,0.05907090421122066,6.222485207100592,845,0
2022-04-05,363.7533264160156,384.2900085449219,362.4333190917969,378.76666259765625,80075100.0,0.12978286558345642,0.0646622793470841,4.441654357459379,677,0
2022-04-06,348.586669921875,359.6666564941406,342.5666809082031,357.8233337402344,89348400.0,0.13475474956822106,0.05344291022725207,4.155440414507772,579,0
2022-04-07,352.4200134277344,358.86334228515625,340.5133361816406,350.7966613769531,79447200.0,0.14168485370051634,0.05995410865541472,4.158347676419965,581,0
2022-04-08,341.8299865722656,349.4800109863281,340.8133239746094,347.7366638183594,55013700.0,0.10804654654654655,0.045047804571738105,4.108108108108108,666,0
2022-04-11,325.3099975585937,336.1566772460937,324.8800048828125,326.79998779296875,59357100.0,0.0859081081081081,0.04788907040841565,3.565315315315315,444,0
2022-04-12,328.9833374023437,340.39666748046875,325.5333251953125,332.5466613769531,65976000.0,0.14204303534303533,0.0588730236734025,5.390852390852391,481,0
2022-04-13,340.7900085449219,342.0799865722656,324.3666687011719,327.02667236328125,55121100.0,0.09393333333333334,0.039163700793120246,4.9051282051282055,390,0
2022-04-14,328.3333435058594,337.57000732421875,327.39666748046875,333.0966796875,58422300.0,0.13966502177068216,0.07251926089201471,4.143686502177069,689,0
2022-04-18,334.7633361816406,338.3066711425781,324.4700012207031,329.6766662597656,51715200.0,0.1043003838771593,0.03600602345194037,5.416506717850288,521,0
2022-04-19,342.7166748046875,344.9800109863281,331.77667236328125,335.0199890136719,49847700.0,0.10756814814814815,0.06184976360414522,3.414814814814815,540,0
2022-04-20,325.7333374023437,344.6666564941406,325.0833435058594,343.3333435058594,70711200.0,0.07198930008045051,0.041200389074677664,6.6307320997586485,2486,0
2022-04-21,336.260009765625,364.0733337402344,332.1400146484375,358.24334716796875,105416400.0,0.11364398340248964,0.06048851861249269,5.983402489626556,1446,0
2022-04-22,335.01666259765625,344.95001220703125,331.3333435058594,338.3033447265625,69696600.0,0.09489272076372315,0.05151449452211435,5.013126491646778,838,0
2022-04-25,332.67333984375,336.2066650390625,325.1000061035156,326.3233337402344,68341200.0,0.09639842342342342,0.05163844057578208,5.431306306306307,888,0
2022-04-26,292.1400146484375,333.3333435058594,291.6666564941406,331.8099975585937,136133700.0,0.07865086151882579,0.0464333061335163,4.82769623484365,1567,0
2022-04-27,293.836669921875,306.0,292.4533386230469,299.52667236328125,76956300.0,0.09342861356932154,0.05217378163462893,5.814159292035399,1017,0
2022-04-28,292.5033264160156,300.0,273.8999938964844,299.99334716796875,124948500.0,0.08557951690821256,0.0673618785101843,4.105314009661836,1035,0
2022-04-29,290.2533264160156,311.4666748046875,290.0,300.75,88133100.0,0.11028213333333334,0.05024745764381166,4.327111111111111,1125,0
2022-05-02,300.9800109863281,302.1199951171875,282.6766662597656,286.92333984375,75781500.0,0.10990100143061517,0.06697993197137915,4.055793991416309,699,0
2022-05-03,303.0833435058594,308.02667236328125,296.1966552734375,301.0599975585937,63709500.0,0.14561527001862198,0.0708650801229654,18.14897579143389,537,0
2022-05-04,317.5400085449219,318.5,295.09332275390625,301.3133239746094,81643800.0,0.11369435294117648,0.06559528241612625,4.555294117647059,425,0
2022-05-05,291.09332275390625,315.20001220703125,285.8999938964844,313.00665283203125,92519100.0,0.11383333333333334,0.06728871282279865,3.7948717948717947,585,0
2022-05-06,288.54998779296875,296.0,281.03668212890625,295.6666564941406,72903000.0,0.10854841713221602,0.059816286153177606,4.735567970204841,537,0
2022-05-09,262.3699951171875,281.8766784667969,260.3833312988281,278.8166809082031,90810300.0,0.07536837146702557,0.05729839013208161,4.685060565275909,743,0
2022-05-10,266.67999267578125,275.1199951171875,258.0833435058594,273.10333251953125,84401700.0,0.11852669376693767,0.07034704519836472,8.086720867208673,738,0
2022-05-11,244.6666717529297,269.92333984375,242.3999938964844,265.0,97224600.0,0.11726131386861315,0.07366965264874484,4.453771289537713,822,0
2022-05-12,242.6666717529297,253.22000122070312,226.6666717529297,233.6666717529297,140313000.0,0.08777042716319824,0.059198566996185746,4.980284775465498,913,0
2022-05-13,256.5299987792969,262.45001220703125,250.52333068847656,257.82666015625,92150700.0,0.09590887198986059,0.06442861454635396,10.131812420785804,789,0
2022-05-16,241.4566650390625,256.586669921875,239.69667053222656,255.72000122070312,86098500.0,0.08509181034482759,0.06711406567385246,6.991379310344827,464,0
2022-05-17,253.8699951171875,254.82666015625,242.9499969482422,249.1199951171875,80236200.0,0.11857528517110266,0.06312853965957696,6.4543726235741445,526,0
2022-05-18,236.60333251953125,253.5,233.60333251953125,248.17333984375,87811800.0,0.06881869822485208,0.05386651940646728,5.570414201183432,845,0
2022-05-19,236.47332763671875,244.6666717529297,231.3699951171875,235.6666717529297,90296700.0,0.07184461538461538,0.04890684750652952,4.783431952662722,845,0
2022-05-20,221.3000030517578,240.52667236328125,211.0,237.9966735839844,144973200.0,0.038594517282479146,0.05714974049161951,5.252681764004768,1678,0
2022-05-23,224.96665954589844,226.65333557128903,212.6866607666016,218.33999633789065,88903500.0,0.08702779456193353,0.049610889167737995,4.338368580060423,662,0
2022-05-24,209.3866729736328,217.97332763671875,206.85667419433597,217.8433380126953,89092500.0,0.08556456256921373,0.05716784548363025,11.473975636766335,903,0
2022-05-25,219.6000061035156,223.10667419433597,207.6699981689453,207.9499969482422,92139300.0,0.10165581140350877,0.0834638319646547,3.849780701754386,912,0
2022-05-26,235.91000366210935,239.55667114257807,217.8866729736328,220.47332763671875,106003200.0,0.0960873381294964,0.08212933912968652,5.207194244604317,695,0
2022-05-27,253.2100067138672,253.26666259765625,240.1766662597656,241.0833282470703,89295000.0,0.07695678776290632,0.05156853846788353,3.751434034416826,523,0
2022-05-31,252.7533264160156,259.6000061035156,244.7433319091797,257.9466552734375,101914500.0,0.06321971496437055,0.01734106079289829,2.843230403800475,421,0
2022-06-01,246.7899932861328,257.32666015625,243.63999938964844,251.72000122070312,77247900.0,0.14782897384305835,0.0684549617553029,5.3561368209255535,497,0
2022-06-02,258.3333435058594,264.2099914550781,242.0666656494141,244.1566619873047,93473100.0,0.060922372881355935,0.0576403659940484,5.815254237288135,590,0
2022-06-03,234.51666259765625,247.79666137695312,233.4166717529297,243.22666931152344,112393800.0,0.05996390827517448,0.045550019625695,4.9411764705882355,1003,0
2022-06-06,238.27999877929688,244.86666870117188,234.3500061035156,244.35333251953125,84204600.0,0.08765876494023904,0.04951443307232057,7.416334661354582,502,0
2022-06-07,238.8866729736328,239.9966735839844,230.0933380126953,234.0,72808500.0,0.0463035,0.044035393324158206,3.62,400,0
2022-06-08,241.86666870117188,249.9633331298828,239.1766662597656,240.086669921875,76210500.0,0.1111591133004926,0.04947263969500181,3.4704433497536944,406,0
2022-06-09,239.7066650390625,255.54666137695312,239.32666015625,249.33999633789065,96491400.0,0.06808485342019543,0.016778157673470538,3.6351791530944624,614,0
2022-06-10,232.22999572753903,239.5,227.913330078125,235.1566619873047,97536600.0,0.08539410958904109,0.052801924111398627,4.294520547945205,730,0
2022-06-13,215.73666381835935,226.63333129882807,214.68333435058597,223.1666717529297,102767400.0,0.09189554030874786,0.053590361527751124,6.55746140651801,583,0
2022-06-14,220.88999938964844,226.3300018310547,211.73666381835935,218.2866668701172,97988700.0,0.05599879518072289,0.045753551121255454,3.891566265060241,498,0
2022-06-15,233.0,235.663330078125,218.1499938964844,220.9166717529297,119131800.0,0.10395,0.05699295922290769,4.9957081545064375,466,0
2022-06-16,213.1000061035156,225.1666717529297,208.69332885742188,222.73666381835935,107390700.0,0.08300689149560117,0.04349744465729013,5.573313782991202,682,0
2022-06-17,216.75999450683597,220.97000122070312,213.19667053222656,213.43333435058597,92641800.0,0.06384844868735084,0.06285500988525415,3.124105011933174,419,0
2022-06-21,237.0366668701172,243.57666015625,224.3333282470703,224.60333251953125,122793000.0,0.06469808362369339,0.03301821641758205,4.041811846689895,574,0
2022-06-22,236.086669921875,246.8333282470703,233.82666015625,234.5033264160156,101107500.0,0.08002683896620279,0.03762770494345627,5.141153081510934,503,0
2022-06-23,235.07000732421875,239.3166656494141,228.6366729736328,237.9066619873047,104202600.0,0.04707732426303855,0.040901024512100655,5.2063492063492065,441,0
2022-06-24,245.7066650390625,246.0666656494141,236.086669921875,237.47000122070312,95770800.0,0.08929206349206349,0.046151785552777616,3.276190476190476,315,0
2022-06-27,244.9199981689453,252.07000732421875,242.5666656494141,249.36666870117188,89178300.0,0.06852236421725239,0.061083042108972044,3.137380191693291,313,0
2022-06-28,232.663330078125,249.97000122070312,232.3433380126953,244.48333740234372,90391200.0,0.11417951482479784,0.052708393222342886,4.218328840970351,371,0
2022-06-29,228.4900054931641,231.17333984375,222.27333068847656,230.5,82897200.0,0.05681778846153846,0.03845848151021288,5.8173076923076925,416,0
2022-06-30,224.47332763671875,229.4566650390625,218.8633270263672,224.50999450683597,94600500.0,0.040220424403183026,0.022094420239012178,3.3342175066313,377,0
2022-07-01,227.26333618164065,230.22999572753903,222.1199951171875,227.0,74460300.0,0.05274768518518518,0.03992163992202016,4.423611111111111,432,0
