Date,Close,High,Low,Open,Volume,Kalman_Close,Kalman_Return,Kalman_Volatility,FinBERT_Sentiment,engagement_score,tesla_relevance,comment_count,repost_count,unique_author_count,discussion_intensity,information_diffusion_score,sentiment_magnitude
2021-07-06,219.8600006103516,228.0,217.13333129882807,227.23666381835932,69853500.0,219.8600006103516,,,-0.00476904958486557,0.04220375910168494,1.1851851851851851,3.1481481481481484,2.4444444444444446,3.4444444444444446,3.111111111111111,32.666666666666664,0.00476904958486557
2021-07-07,214.88333129882807,221.8999938964844,212.77333068847656,221.42333984375,56376000.0,216.87399902343748,-0.0135813771428395,,0.013293851166963577,0.045407341802587396,1.1875,4.4375,1.25,2.25,4.4375,8.5,0.013293851166963577
2021-07-08,217.60333251953125,218.1433258056641,206.82000732421875,209.4566650390625,68319900.0,217.32281963641827,0.0020694994098038,,-0.018373019993305206,0.04542352551252358,1.1666666666666667,3.5555555555555554,2.7777777777777777,3.7777777777777777,3.5555555555555554,44.22222222222222,0.018373019993305206
2021-07-09,218.9833374023437,219.6366729736328,214.89666748046875,217.72666931152344,54421500.0,218.3484335506664,0.0047193107284542,,-0.10698517691344023,0.07536333368011826,1.3214285714285714,1.3214285714285714,10.107142857142858,11.107142857142858,1.3214285714285714,398.85714285714283,0.10698517691344023
2021-07-12,228.5666656494141,229.0800018310547,220.72000122070312,220.7333374023437,77781000.0,224.6630713644992,0.0289200051090248,,-0.17345942091196775,0.08849509152135725,1.4324324324324325,2.2162162162162162,4.891891891891892,5.891891891891892,2.2162162162162162,247.40540540540542,0.17345942091196775
2021-07-13,222.8466644287109,231.0933380126953,222.1000061035156,228.77333068847656,62898300.0,223.5404851037545,-0.0049967547132986,,0.08789493422955275,0.05773703038963412,1.2083333333333333,0.9166666666666666,3.8125,4.8125,0.9166666666666666,111.5,0.08789493422955275
2021-07-14,217.7933349609375,226.20333862304688,217.6133270263672,223.5833282470703,64923600.0,219.9885578843414,-0.0158894135787731,,0.00997759960591793,0.04906172763396334,1.5675675675675675,0.7027027027027027,1.2162162162162162,2.2162162162162162,0.6891891891891891,25.675675675675677,0.00997759960591793
2021-07-15,216.86666870117188,222.04666137695312,212.6266632080078,219.4633331298828,60628800.0,218.0591248074545,-0.0087706065053676,0.0152405220853184,-0.042392611503601074,0.05195274130274334,1.346938775510204,0.7959183673469388,4.122448979591836,5.122448979591836,0.7784256559766765,100.65306122448979,0.042392611503601074
2021-07-16,214.7400054931641,218.8999938964844,214.0666656494141,218.22666931152344,49113000.0,216.00779634342044,-0.0094072122221228,0.0147432100226934,-0.05371878296136856,0.05266674662760017,1.2903225806451613,1.0,2.4838709677419355,3.4838709677419355,1.0,89.48387096774194,0.05371878296136856
2021-07-19,215.4066619873047,215.7333374023437,207.0966644287109,209.9633331298828,63891300.0,215.63627488177937,-0.0017199446868593,0.014703541417934,0.05029189959168434,0.05966262104416129,1.4333333333333333,2.5,3.3666666666666667,4.366666666666666,2.5,112.8,0.05029189959168434
2021-07-20,220.1666717529297,220.79666137695312,213.5,217.3300018310547,46461300.0,218.4362141282093,0.012984546537752,0.0155488700414388,-0.07529130391776562,0.07364426927742482,1.935483870967742,1.1290322580645162,3.129032258064516,4.129032258064516,1.1290322580645162,29.741935483870968,0.07529130391776562
2021-07-21,218.42999267578125,221.6199951171875,216.76333618164065,219.8699951171875,41859900.0,218.43236905914983,-1.760270875783565e-05,0.0091640282480136,0.0033826790750026703,0.06929350892175258,1.5294117647058822,2.764705882352941,10.235294117647058,11.235294117647058,2.764705882352941,573.1764705882352,0.0033826790750026703
2021-07-22,216.4199981689453,220.72332763671875,214.86666870117188,218.81333923339844,45317100.0,217.1886554510559,-0.0056938154974511,0.0091807680207743,0.06601473549380898,0.06487370625227747,1.5172413793103448,1.9655172413793103,2.310344827586207,3.310344827586207,1.8275862068965518,131.0344827586207,0.06601473549380898
2021-07-23,214.4600067138672,216.26666259765625,212.433334350586,215.45333862304688,43814700.0,215.5022577881184,-0.0077646673553698,0.0078559600440088,-0.053379908204078674,0.0629094676328307,1.6666666666666667,2.380952380952381,0.14285714285714285,1.1428571428571428,2.3492063492063493,0.38095238095238093,0.053379908204078674
2021-07-26,219.2066650390625,222.7333374023437,215.70333862304688,216.9900054931641,76009800.0,217.7917073773725,0.0106237847006924,0.0088080039233359,-0.013703444972634315,0.06591729679438003,1.4526315789473685,1.7263157894736842,13.010526315789473,14.010526315789473,1.6953216374269005,534.9684210526316,0.013703444972634315
2021-07-27,214.9266662597656,222.1666717529297,209.0800018310547,221.13333129882807,98439900.0,216.0210145875256,-0.0081302121700108,0.0085947692037848,-0.38087535835802555,0.1334949322719715,1.4444444444444444,2.25,8.152777777777779,9.152777777777779,2.1743827160493825,339.55555555555554,0.38087535835802555
2021-07-28,215.66000366210932,218.3233337402344,213.13333129882807,215.6666717529297,48019800.0,215.7978975653083,-0.0010328486913335,0.0085752171203039,0.019373349845409393,0.0511220679553197,1.4666666666666666,1.3,3.7,4.7,1.2666666666666666,82.73333333333333,0.019373349845409393
2021-07-29,225.7833404541016,227.89666748046875,216.26666259765625,216.5966644287109,91183800.0,221.96924066330348,0.028597790653301,0.0132368994390504,-0.4112938717007637,0.13394838586687827,1.4230769230769231,3.0384615384615383,2.5384615384615383,3.5384615384615383,2.9038461538461537,145.84615384615384,0.4112938717007637
2021-07-30,229.0666656494141,232.509994506836,223.0,223.9199981689453,88969200.0,226.35569053732257,0.0197615212851618,0.0146754472614387,0.032273074612021446,0.05711041666679152,1.2580645161290323,1.935483870967742,8.580645161290322,9.580645161290322,1.935483870967742,318.5806451612903,0.032273074612021446
2021-08-02,236.55667114257807,242.31333923339844,232.8000030517578,233.3333282470703,100847400.0,232.66024326994892,0.0278524154513661,0.0159492606661329,-0.021650640293955803,0.06324868507006338,1.625,3.5,2.95,3.95,3.5,166.4,0.021650640293955803
2021-08-03,236.5800018310547,240.88333129882807,233.6699981689453,239.6666717529297,64860900.0,235.08278728840568,0.0104123677703109,0.0139292162767343,0.029759068973362446,0.05598199998003345,1.4523809523809523,1.9761904761904763,2.9761904761904763,3.9761904761904763,1.9166666666666667,137.33333333333334,0.029759068973362446
2021-08-04,236.97332763671875,241.63333129882807,236.3099975585937,237.0,51007800.0,236.25120548076623,0.0049702413598111,0.0142225997151865,0.051841553300619125,0.055494848263992695,1.2380952380952381,1.8571428571428572,3.0,4.0,1.8571428571428572,180.28571428571428,0.051841553300619125
2021-08-05,238.2100067138672,240.3166656494141,237.1366729736328,238.6666717529297,38758800.0,237.46181122002784,0.0051242309506867,0.0118081071528491,-0.01476895809173584,0.049945441626540486,1.3,1.75,3.15,4.15,1.75,189.4,0.01476895809173584
2021-08-06,233.0333404541016,238.77667236328125,232.5433349609375,237.3000030517578,46869000.0,234.7248657685001,-0.0115258341434602,0.0143730237324194,-0.3938889065757394,0.12877978808785978,1.5384615384615385,1.0256410256410255,2.8205128205128207,3.8205128205128207,1.0256410256410255,110.71794871794872,0.3938889065757394
2021-08-09,237.9199981689453,239.6766662597656,235.0433349609375,236.72332763671875,44145900.0,236.6995661905313,0.0084128301258834,0.0124201314325171,-0.34437886998057365,0.12277742953635962,1.4761904761904763,2.857142857142857,2.9047619047619047,3.9047619047619047,2.857142857142857,180.0952380952381,0.34437886998057365
2021-08-10,236.663330078125,238.8633270263672,233.9600067138672,237.9966735839844,40296900.0,236.67717104144404,-9.46142379881776e-05,0.011885049327501,-0.01974419131875038,0.04889748432571676,1.3793103448275863,0.5172413793103449,2.6551724137931036,3.6551724137931036,0.49137931034482757,132.41379310344828,0.01974419131875038
2021-08-11,235.94000244140625,238.3933258056641,234.73666381835932,237.57000732421875,29401800.0,236.22157579118152,-0.001924964914266,0.0074492351365648,0.08318046852946281,0.058269503384762986,1.1666666666666667,0.9333333333333333,3.6666666666666665,4.666666666666667,0.9333333333333333,189.6,0.08318046852946281
2021-08-12,240.75,240.933334350586,233.13333129882807,235.44667053222656,52377300.0,239.0202958677092,0.0118478596510664,0.0077276669371542,0.04729739297181368,0.06549055932879687,1.6363636363636365,1.4545454545454546,3.590909090909091,4.590909090909091,1.4545454545454546,187.45454545454547,0.04729739297181368
2021-08-13,239.05667114257807,243.3000030517578,238.1133270263672,241.23666381835932,50194500.0,239.04277702392827,9.405542796048216e-05,0.0076771207507364,-0.037310993298888206,0.045585959691993694,1.1875,2.125,0.5,1.5,2.125,2.875,0.037310993298888206
2021-08-16,228.72332763671875,236.5,225.46665954589844,235.02333068847656,68032200.0,232.6650065574485,-0.0266804567194319,0.0129302848674616,-0.7140249358490109,0.19638682175381014,1.6666666666666667,2.6923076923076925,0.717948717948718,1.7179487179487178,2.6923076923076925,9.435897435897436,0.7140249358490109
2021-08-17,221.90333557128903,224.8600006103516,216.27999877929688,224.22000122070312,71163900.0,226.0139281122584,-0.0285865010110487,0.0160678486127765,0.028603512793779373,0.049565054805848004,1.3823529411764706,1.9411764705882353,1.5294117647058822,2.5294117647058822,1.911764705882353,15.647058823529411,0.028603512793779373
2021-08-18,229.663330078125,231.92333984375,223.11666870117188,223.25,61048200.0,228.26938256577463,0.0099792719517535,0.0162995049968031,-0.07208275981247425,0.05971382745437164,1.3214285714285714,1.4285714285714286,2.75,3.75,1.4285714285714286,139.5,0.07208275981247425
2021-08-19,224.4900054931641,228.8500061035156,222.52999877929688,226.07000732421875,42940500.0,225.93359907859923,-0.0102325746051481,0.0162358622745624,-0.0010645035654306412,0.056037287321662424,1.608695652173913,2.130434782608696,2.6956521739130435,3.6956521739130435,2.130434782608696,164.52173913043478,0.0010645035654306412
2021-08-20,226.7533264160156,230.7100067138672,224.5666656494141,227.61666870117188,44525700.0,226.44021843463,0.0022423373862801,0.0165057559938674,-0.25111477077007294,0.0949480583729209,1.3529411764705883,1.1176470588235294,2.235294117647059,3.235294117647059,1.1176470588235294,112.70588235294117,0.25111477077007294
2021-08-23,235.433334350586,237.3766632080078,226.9166717529297,228.47999572753903,60794700.0,231.9982697354584,0.0245453362448198,0.0192512779691082,-0.024907147511839867,0.05515116476203363,1.4166666666666667,2.1666666666666665,3.1666666666666665,4.166666666666667,2.0791666666666666,160.08333333333334,0.024907147511839867
2021-08-24,236.163330078125,238.4066619873047,234.2133331298828,236.8933258056641,39249300.0,234.57241859242063,0.0110955519620792,0.0200810909714269,0.022018540650606155,0.04123177248744164,1.064516129032258,1.032258064516129,3.096774193548387,4.096774193548387,0.9225806451612903,128.90322580645162,0.022018540650606155
2021-08-25,237.0666656494141,238.9900054931641,234.6666717529297,235.6766662597656,37936800.0,236.113948049982,0.0065716569186242,0.0171291471512349,0.010082491673529148,0.06203569645281854,1.5789473684210527,1.368421052631579,8.0,9.0,1.368421052631579,358.94736842105266,0.010082491673529148
2021-08-26,233.72000122070312,238.46665954589844,232.5399932861328,236.10333251953125,39642900.0,234.6344075422276,-0.0062662139190572,0.0116316513236548,0.07689462788403034,0.06676855911398434,1.5833333333333333,2.6666666666666665,1.6666666666666667,2.6666666666666665,2.625,28.833333333333332,0.07689462788403034
2021-08-27,237.30667114257807,238.3333282470703,234.0333404541016,235.0,41501400.0,236.28595727414336,0.0070388215829706,0.0114917827608247,0.047368982806801796,0.049250056145924266,1.0909090909090908,2.727272727272727,5.909090909090909,6.909090909090909,2.727272727272727,98.54545454545455,0.047368982806801796
2021-08-30,243.6366729736328,243.6666717529297,237.57666015625,238.2400054931641,55812600.0,240.8289494180653,0.0192266700752388,0.0103182514426114,0.056877126917243004,0.055546480714833625,1.2142857142857142,2.4642857142857144,2.642857142857143,3.642857142857143,2.4642857142857144,137.71428571428572,0.056877126917243004
2021-08-31,245.2400054931641,246.79666137695312,242.14666748046875,244.3333282470703,62566200.0,243.55513199875807,0.0113199953214937,0.0098570679823319,-0.004609862342476845,0.05126074264441188,1.1764705882352942,4.764705882352941,3.588235294117647,4.588235294117647,4.764705882352941,222.47058823529412,0.004609862342476845
2021-09-01,244.69667053222656,247.3300018310547,243.7566680908203,244.69332885742188,39612900.0,244.2606416119093,0.0028967142156333,0.0079241633810762,6.473250687122345e-05,0.0440768383189189,1.2592592592592593,1.4444444444444444,3.111111111111111,4.111111111111111,1.4444444444444444,153.33333333333334,6.473250687122345e-05
2021-09-02,244.1300048828125,246.9900054931641,243.51333618164065,244.8333282470703,38331900.0,244.1799036731484,-0.0003305401076003,0.0082105536012665,0.013360321521759033,0.05152708204834188,1.380952380952381,1.619047619047619,3.3333333333333335,4.333333333333333,1.619047619047619,182.95238095238096,0.013360321521759033
2021-09-03,244.52333068847656,244.6666717529297,241.3999938964844,244.0833282470703,45738300.0,244.39215324127613,0.0008692343838905,0.0083995828071937,0.03231987729668617,0.07254586719045437,1.9473684210526316,1.4736842105263157,4.842105263157895,5.842105263157895,1.4473684210526316,221.05263157894737,0.03231987729668617
2021-09-07,250.97332763671875,253.3999938964844,246.4199981689453,246.6666717529297,60119400.0,248.4595427035502,0.0166428807485423,0.0077306482464471,0.06416469346731901,0.07355579889833058,1.8571428571428572,1.8285714285714285,2.4571428571428573,3.4571428571428573,1.8285714285714285,110.51428571428572,0.06416469346731901
2021-09-08,251.2899932861328,254.8166656494141,246.92333984375,253.8600006103516,56379000.0,250.2088573670632,0.0070406418867163,0.0077306012284573,-0.20921825524419546,0.08903979076601487,1.375,1.34375,4.21875,5.21875,1.34375,154.0,0.20921825524419546
2021-09-09,251.6199951171875,254.0333404541016,250.5433349609375,251.1366729736328,42233100.0,251.0809884594481,0.0034856123862372,0.0061238387265663,-0.04631550423800945,0.06752696500522114,1.5555555555555556,1.6111111111111112,6.555555555555555,7.555555555555555,1.6111111111111112,311.55555555555554,0.04631550423800945
2021-09-10,245.42333984375,254.20333862304688,244.83999633789065,253.1999969482422,45552600.0,247.58436931854283,-0.013926260057997,0.0091484446047619,-0.0398254431784153,0.05026567696611317,1.2142857142857142,1.5,2.5,3.5,1.5,136.5,0.0398254431784153
2021-09-13,247.6666717529297,248.259994506836,236.2833404541016,246.73666381835932,68857500.0,247.6352350203508,0.000205447952744,0.0091797355797632,-0.0548098050057888,0.055239134099575496,1.2857142857142858,3.619047619047619,1.0476190476190477,2.0476190476190474,3.619047619047619,16.761904761904763,0.0548098050057888
2021-09-14,248.163330078125,251.4900054931641,245.46665954589844,247.52333068847656,55574700.0,247.96161571534608,0.0013179897237503,0.0091310538997631,-0.0033304421231150627,0.05428781526796535,1.45,2.9,3.6,4.6,2.9,193.8,0.0033304421231150627
2021-09-15,251.94332885742188,252.2866668701172,246.1199951171875,248.3333282470703,46073100.0,250.42244977060105,0.0099242539945374,0.009537883233261,-0.005278300493955612,0.048569128975617964,1.3333333333333333,1.875,3.3333333333333335,4.333333333333333,1.875,165.91666666666666,0.005278300493955612
2021-09-16,252.3300018310547,252.97000122070312,249.20333862304688,250.94332885742188,41770200.0,251.6013817792713,0.0047077728444482,0.0076903727201131,-0.12636645138263702,0.07571537633273613,1.4,1.5,5.45,6.45,1.5,219.9,0.12636645138263702
2021-09-17,253.163330078125,253.67999267578125,250.0,252.38333129882807,84612600.0,252.56671891663296,0.0038367720023435,0.0074185692283193,-0.0659363605082035,0.0767256141684805,1.7777777777777777,2.5555555555555554,4.611111111111111,5.611111111111111,2.3333333333333335,220.66666666666666,0.0659363605082035
2021-09-20,243.38999938964844,247.3333282470703,239.5399932861328,244.85333251953125,74273100.0,246.89519434373167,-0.022455549952222,0.0115251355270149,-0.07517548836767673,0.05905024058178012,1.2857142857142858,3.142857142857143,2.238095238095238,3.238095238095238,3.142857142857143,36.19047619047619,0.07517548836767673
2021-09-21,246.4600067138672,248.2466735839844,243.47999572753903,244.92999267578125,48992100.0,246.6262335969919,-0.0010893721421135,0.0103343234005252,-0.3334477450698614,0.11763673747833697,1.4761904761904763,1.0476190476190477,4.0476190476190474,5.0476190476190474,1.0476190476190477,193.33333333333334,0.3334477450698614
2021-09-22,250.64666748046875,251.22332763671875,246.3733367919922,247.8433380126953,45378900.0,249.11099838650236,0.0100750222442707,0.0110932107384217,-0.1799914613366127,0.08096309258838463,1.0588235294117647,3.588235294117647,4.411764705882353,5.411764705882353,3.588235294117647,226.23529411764707,0.1799914613366127
2021-09-23,251.2133331298828,252.7333374023437,249.30667114257807,251.6666717529297,35842500.0,250.41031271364125,0.0052158047438877,0.0112147088731481,0.062142131850123405,0.06529156027585357,1.5,2.0,4.8076923076923075,5.8076923076923075,1.8814102564102564,178.53846153846155,0.062142131850123405
2021-09-24,258.1300048828125,258.26666259765625,248.1866607666016,248.6300048828125,64119000.0,255.18134485687548,0.0190528580533748,0.0127840561872603,0.06629624404013157,0.07202099687617781,1.6129032258064515,4.129032258064516,2.935483870967742,3.935483870967742,4.129032258064516,127.93548387096774,0.06629624404013157
2021-09-27,263.78668212890625,266.3333435058594,256.4366760253906,257.7066650390625,84212100.0,260.4997357756468,0.0208416133309206,0.0145284216058625,-0.2819386348128319,0.11694440841628558,1.7674418604651163,3.488372093023256,1.9767441860465116,2.9767441860465116,3.441860465116279,90.6046511627907,0.2819386348128319
2021-09-28,259.1866760253906,265.2133178710937,255.3933258056641,262.3999938964844,76144200.0,259.688220220729,-0.0031152260193334,0.0148604476572687,-0.07234189100563526,0.06805870413390236,1.7352941176470589,1.6470588235294117,1.5,2.5,1.6470588235294117,22.470588235294116,0.07234189100563526
2021-09-29,260.4366760253906,264.5,256.8933410644531,259.9333190917969,62828700.0,260.150791347087,0.0017812557148908,0.0095085052580023,-0.14051618799567223,0.0738270224492221,1.2903225806451613,2.2580645161290325,2.5161290322580645,3.5161290322580645,2.2580645161290325,125.61290322580645,0.14051618799567223
2021-09-30,258.49334716796875,263.0433349609375,258.3333435058594,260.3333435058594,53868000.0,259.12643450993625,-0.0039375503408871,0.0099880309530909,-0.27737362310290337,0.10067526040440954,1.2272727272727273,1.8636363636363635,3.9545454545454546,4.954545454545454,1.8636363636363635,189.36363636363637,0.27737362310290337
2021-10-01,258.4066772460937,260.260009765625,254.52999877929688,259.4666748046875,51094200.0,258.68160005723195,-0.0017166695229129,0.0103947444982114,-0.09797284845262766,0.06825258318539032,1.2727272727272727,3.409090909090909,4.318181818181818,5.318181818181818,3.409090909090909,161.8181818181818,0.09797284845262766
2021-10-04,260.510009765625,268.989990234375,258.7066650390625,265.5,91449900.0,259.8116194023792,0.0043683792929114,0.0104028040006749,-0.010048165917396545,0.11200687532667754,1.2191780821917808,1.904109589041096,34.0,35.0,1.88013698630137,2091.6438356164385,0.010048165917396545
2021-10-05,260.1966552734375,265.7699890136719,258.0666809082031,261.6000061035156,55297800.0,260.04958465758114,0.0009159145990058,0.0084980537044307,0.010481704026460648,0.07027984814394225,1.2352941176470589,1.6176470588235294,14.794117647058824,15.794117647058824,1.6176470588235294,870.5294117647059,0.010481704026460648
2021-10-06,260.9166564941406,262.2200012207031,257.739990234375,258.7333374023437,43898400.0,260.5854645232627,0.0020606834130776,0.0030407956756197,-0.008790060877799988,0.054303878823281936,1.5217391304347827,4.217391304347826,2.608695652173913,3.608695652173913,4.217391304347826,28.695652173913043,0.008790060877799988
2021-10-07,264.53668212890625,268.3333435058594,261.1266784667969,261.82000732421875,57587400.0,263.0274513004974,0.009371154994014,0.0042826564092799,-0.3253589319065213,0.11754011128854198,1.3333333333333333,4.666666666666667,2.7142857142857144,3.7142857142857144,4.261904761904762,136.76190476190476,0.3253589319065213
2021-10-08,261.8299865722656,265.4599914550781,260.3033447265625,265.4033203125,50215800.0,262.287377398121,-0.0028136755259468,0.004630254983626,0.059181034564971924,0.06161806322641921,1.5277777777777777,1.25,2.1666666666666665,3.1666666666666665,1.25,106.66666666666667,0.059181034564971924
2021-10-11,263.9800109863281,267.0799865722656,261.8333435058594,262.54998779296875,42600900.0,263.3334824861327,0.0039883928017772,0.0041106687669939,0.04590732418000698,0.06668053211153273,1.6551724137931034,3.793103448275862,1.8275862068965518,2.8275862068965516,3.793103448275862,81.65517241379311,0.04590732418000698
2021-10-12,268.5733337402344,270.7733459472656,265.5233459472656,266.9766540527344,66060000.0,266.5718886571613,0.012297737987797,0.0051129253177047,-0.21738335862755775,0.08922317563836493,1.411764705882353,1.5,1.7941176470588236,2.7941176470588234,1.4779411764705883,70.47058823529412,0.21738335862755775
2021-10-13,270.3599853515625,271.8033447265625,268.59332275390625,270.1566772460937,42360300.0,268.91306116697234,0.0087825183728282,0.0053858624236887,-0.33224763721227646,0.1110416373918967,1.34375,1.8125,2.15625,3.15625,1.8125,76.6875,0.33224763721227646
2021-10-14,272.7733459472656,273.4166564941406,271.1166687011719,271.8299865722656,36741600.0,271.29884836744753,0.0088719647536712,0.005231599982564,-0.006334882229566574,0.04890739090057942,1.46875,1.59375,2.09375,3.09375,1.59375,76.1875,0.006334882229566574
2021-10-15,281.010009765625,281.07000732421875,274.1166687011719,274.5799865722656,56773800.0,277.3006761817572,0.0221225701857044,0.0076150831794424,-0.2535861413925886,0.09926172650150007,1.3421052631578947,3.973684210526316,1.7105263157894737,2.710526315789474,3.736842105263158,59.89473684210526,0.2535861413925886
2021-10-18,290.03668212890625,291.7533264160156,283.8233337402344,283.92999267578125,72621600.0,285.1719607380161,0.0283853781557303,0.0105987751549294,-0.018043816089630127,0.04568593210199487,1.2647058823529411,2.426470588235294,1.0441176470588236,2.0441176470588234,2.389705882352941,33.44117647058823,0.018043816089630127
2021-10-19,288.0899963378906,292.6499938964844,287.5033264160156,292.510009765625,52143300.0,286.9754059191208,0.0063240620727136,0.0089537885075301,-0.009519503451883793,0.060245612504689836,1.7346938775510203,2.0816326530612246,2.2653061224489797,3.2653061224489797,2.0816326530612246,121.46938775510205,0.009519503451883793
2021-10-20,288.6000061035156,289.8299865722656,285.7933349609375,288.45001220703125,42096300.0,287.9794640512061,0.003498760212115,0.0090371493268094,-0.05174129083752632,0.057385110343022704,1.45,1.875,1.425,2.425,1.875,54.7,0.05174129083752632
2021-10-21,298.0,300.0,285.1666564941406,285.3333435058594,94444500.0,294.1724958530509,0.0215051160757198,0.0095885315522859,-0.20938518457114697,0.09474010278952362,1.5227272727272727,3.6818181818181817,1.1363636363636365,2.1363636363636362,3.6704545454545454,53.54545454545455,0.20938518457114697
2021-10-22,303.2266540527344,303.3333435058594,296.9866638183594,298.5,68642400.0,299.7682733599739,0.0190220961708067,0.0094012438977693,-0.21035214141011238,0.08839947434350696,1.2105263157894737,3.1842105263157894,3.763157894736842,4.7631578947368425,3.1842105263157894,161.52631578947367,0.21035214141011238
2021-10-25,341.6199951171875,348.3399963378906,314.7333374023437,316.84332275390625,188556300.0,325.63405989363537,0.0862859376135538,0.0277298942936651,-0.049501994624733925,0.05555476845891479,1.25,2.619047619047619,2.869047619047619,3.869047619047619,2.5902777777777777,127.20238095238095,0.049501994624733925
2021-10-26,339.4766540527344,364.9800109863281,333.8133239746094,341.5633239746094,187245000.0,334.18925357642934,0.0262724166065073,0.027659123885659,-0.1250309757888317,0.07132861865363775,1.330708661417323,1.5039370078740157,3.173228346456693,4.173228346456693,1.4881889763779528,155.00787401574803,0.1250309757888317
2021-10-27,345.9533386230469,356.9599914550781,343.59332275390625,346.5533447265625,115579500.0,341.4598579817834,0.0217559491442211,0.0277302776809721,0.013878501951694489,0.044600568118034804,1.2456140350877194,2.456140350877193,1.0526315789473684,2.0526315789473686,2.412280701754386,41.68421052631579,0.013878501951694489
2021-10-28,359.0133361816406,360.3333435058594,351.3999938964844,356.10333251953125,81639600.0,352.3085041300755,0.031771366076275,0.0262935198556192,-0.1960799414664507,0.08093931132188292,1.25,2.2857142857142856,1.2321428571428572,2.232142857142857,2.044642857142857,40.535714285714285,0.1960799414664507
2021-10-29,371.3333435058594,371.7366638183594,357.7366638183594,360.6199951171875,89755200.0,364.06650149481726,0.0333741514238343,0.0235538594808233,-0.04404778592288494,0.051110855210638066,1.1627906976744187,3.686046511627907,1.5348837209302326,2.5348837209302326,3.6569767441860463,44.83720930232558,0.04404778592288494
2021-11-01,402.86334228515625,403.25,372.88665771484375,381.6666564941406,168146100.0,388.0442677593651,0.065860951683546,0.0254344227261762,-0.22100054379552603,0.08790049798646711,1.1985294117647058,3.3455882352941178,1.8602941176470589,2.860294117647059,3.2176470588235295,66.11764705882354,0.22100054379552603
2021-11-02,390.6666564941406,402.86334228515625,382.0,386.4533386230469,128213400.0,389.6649931291712,0.0041766507186524,0.0280227160484361,0.03878302127122879,0.05268622622906115,1.3942307692307692,1.7211538461538463,1.25,2.25,1.7211538461538463,38.76923076923077,0.03878302127122879
2021-11-03,404.6199951171875,405.1300048828125,384.2066650390625,392.4433288574219,103885500.0,398.9076926595875,0.0237196045151337,0.0186517783828397,-0.050485068932175636,0.06353660030102015,1.565217391304348,3.0,2.0434782608695654,3.0434782608695654,2.989130434782609,84.6086956521739,0.050485068932175636
2021-11-04,409.9700012207031,414.4966735839844,405.6666564941406,411.4700012207031,76192200.0,405.7445753443959,0.0171390093763941,0.0192306948505809,-0.009646734222769737,0.04318296961225777,1.1964285714285714,2.8035714285714284,1.0892857142857142,2.0892857142857144,2.8035714285714284,39.25,0.009646734222769737
2021-11-05,407.36334228515625,413.2900085449219,402.6666564941406,409.3333435058594,64886400.0,406.7450283336505,0.0024657211705305,0.0215587488197127,-0.4477666327729821,0.1412275220792722,1.3043478260869565,3.108695652173913,5.891304347826087,6.891304347826087,3.0072463768115942,237.52173913043478,0.4477666327729821
2021-11-08,387.6466674804688,399.0,377.6666564941406,383.2633361816406,100337100.0,394.9415921969738,-0.0290192511633957,0.0294219239490503,-0.07819300144910812,0.06337622273457652,1.5462962962962963,1.4074074074074074,0.8425925925925926,1.8425925925925926,1.3865740740740742,22.0,0.07819300144910812
2021-11-09,341.1666564941406,391.5,337.17333984375,391.2000122070313,177317400.0,361.7068541897827,-0.0841510204643514,0.0467993240065901,-0.05993237346410751,0.06606498687853264,1.5376344086021505,2.4193548387096775,3.5161290322580645,4.516129032258065,2.381720430107527,156.752688172043,0.05993237346410751
2021-11-10,355.9833374023437,359.3666687011719,329.10333251953125,336.8033447265625,128408100.0,358.1695262799648,-0.0097795434862341,0.0367101760385736,-0.21548380702733994,0.08894394641111612,1.390625,2.375,1.125,2.125,2.3671875,42.59375,0.21548380702733994
2021-11-11,354.5033264160156,368.3233337402344,351.5599975585937,367.5899963378906,67189800.0,355.903690154494,-0.0063261555191596,0.0362082692667397,-0.06795100308954716,0.0716862873427282,1.8831168831168832,1.5324675324675325,1.1168831168831168,2.116883116883117,1.5194805194805194,34.20779220779221,0.06795100308954716
2021-11-12,344.47332763671875,351.5,339.7333374023437,349.1666564941406,76719300.0,348.83933761477607,-0.0198490567396234,0.0325486311362647,-0.011498935520648956,0.06793262304069421,2.116279069767442,1.6046511627906976,1.930232558139535,2.9302325581395348,1.6046511627906976,60.55813953488372,0.011498935520648956
2021-11-15,337.7966613769531,343.99334716796875,326.20001220703125,339.2099914550781,104326800.0,342.0145883730407,-0.0195641617955139,0.0285622560627815,0.07878039963543415,0.06184495979539951,1.36,2.44,1.9333333333333333,2.933333333333333,2.39,71.49333333333334,0.07878039963543415
2021-11-16,351.57666015625,352.3999938964844,334.0599975585937,334.4366760253906,79627200.0,347.9242737379304,0.0172790447126889,0.0312502619054967,-0.028514452278614044,0.05203512882963306,1.4074074074074074,2.0555555555555554,1.9814814814814814,2.9814814814814814,1.9197530864197532,54.7037037037037,0.028514452278614044
2021-11-17,363.0033264160156,373.21331787109375,351.8333435058594,354.5033264160156,94336200.0,357.2436408111372,0.026785619103502,0.0358330929332665,-0.1410230416804552,0.08618532458414085,1.5151515151515151,3.484848484848485,5.151515151515151,6.151515151515151,3.484848484848485,231.57575757575756,0.1410230416804552
2021-11-18,365.4599914550781,370.6666564941406,358.3399963378906,368.8500061035156,62696700.0,362.32162477257975,0.0142143438856259,0.0188387687320332,0.009093174710869789,0.04799138624265946,1.2307692307692308,2.871794871794872,3.641025641025641,4.641025641025641,2.871794871794872,159.74358974358975,0.009093174710869789
2021-11-19,379.0199890136719,379.5733337402344,364.23333740234375,366.2900085449219,64926900.0,372.6417814301005,0.028483413497603,0.020839609735287,0.0011552628129720688,0.046977672499435824,1.3333333333333333,1.4583333333333333,4.354166666666667,5.354166666666667,1.4583333333333333,169.95833333333334,0.0011552628129720688
2021-11-22,385.6233215332031,400.6499938964844,377.4766540527344,387.4433288574219,99217500.0,380.6648144401378,0.0215301488181141,0.0207842470179765,-0.2396636512130499,0.10142315364060904,1.1282051282051282,1.5128205128205128,13.038461538461538,14.038461538461538,1.4935897435897436,532.6923076923077,0.2396636512130499
2021-11-23,369.6766662597656,393.5,354.2333374023437,389.1700134277344,108515100.0,373.8737653912475,-0.0178399704708148,0.0203145020430722,-0.02787444368004799,0.06999572315403618,1.175,3.05,18.075,19.075,3.0375,730.95,0.02787444368004799
2021-11-24,372.0,377.5899963378906,354.0,360.1300048828125,67680600.0,372.7157146925133,-0.00309743770741,0.0169836250819385,0.004939625971019268,0.0494438469424478,1.4285714285714286,0.9285714285714286,4.357142857142857,5.357142857142857,0.9285714285714286,170.42857142857142,0.004939625971019268
2021-11-26,360.6400146484375,369.5933227539063,360.3333435058594,366.489990234375,35042700.0,365.25252162732585,-0.0200238218325312,0.0206772455432535,-0.1870767492800951,0.07824772359402586,1.24,1.16,2.52,3.52,1.032,90.56,0.1870767492800951
2021-11-29,378.9966735839844,380.8900146484375,366.7300109863281,366.9966735839844,58393500.0,373.7468746830842,0.0232561106434339,0.0201550772917131,-0.006117518991231918,0.04799244402126759,1.2727272727272727,5.409090909090909,0.22727272727272727,1.2272727272727273,5.409090909090909,1.0,0.006117518991231918
2021-11-30,381.586669921875,389.3333435058594,372.6666564941406,381.4566650390625,81276000.0,378.5921346054965,0.0129640145526856,0.0200822362287856,-0.23639052640646696,0.08977633732161272,1.2666666666666666,0.8333333333333334,2.966666666666667,3.966666666666667,0.8333333333333334,135.13333333333333,0.23639052640646696
2021-12-01,365.0,390.9466552734375,363.586669921875,386.8999938964844,68450400.0,370.191733439636,-0.0221885253232053,0.0199559411086346,-0.08400154300034046,0.06073850250786248,1.25,0.75,4.291666666666667,5.291666666666667,0.75,197.08333333333334,0.08400154300034046
2021-12-02,361.5333251953125,371.0,352.2166748046875,366.3533325195313,73114800.0,364.8405428561718,-0.0144551865968038,0.0177685849817164,-0.1087477058172226,0.07152605032954959,1.5405405405405406,1.7837837837837838,1.7567567567567568,2.7567567567567566,1.7657657657657657,65.83783783783784,0.1087477058172226
2021-12-03,338.3233337402344,363.5266723632813,333.4033203125,361.5966796875,92322000.0,348.4520063357339,-0.0449197240858688,0.0229815012753283,-0.17422907426953316,0.0818600977953969,1.1666666666666667,5.625,0.75,1.75,5.625,10.25,0.17422907426953316
2021-12-06,336.336669921875,340.5466613769531,316.8333435058594,333.836669921875,81663000.0,340.96431664682984,-0.0214884390181691,0.0231408184707088,-0.10147958248853683,0.07685681786152908,1.7,4.1,0.23333333333333334,1.2333333333333334,4.1,1.8666666666666667,0.10147958248853683
2021-12-07,350.5833435058594,352.5566711425781,342.2699890136719,348.0666809082031,56084700.0,346.90920218440823,0.0174355064366928,0.0253152032776469,-0.30361152067780495,0.10766654843681804,1.2272727272727273,2.909090909090909,2.772727272727273,3.772727272727273,2.909090909090909,171.9090909090909,0.30361152067780495
2021-12-08,356.32000732421875,357.4599914550781,344.3333435058594,350.9033203125,41906400.0,352.7253996223133,0.0167657629180253,0.0241101077281245,0.03066628985106945,0.04707524421886674,1.2727272727272727,2.1515151515151514,1.0,2.0,2.0606060606060606,5.636363636363637,0.03066628985106945
2021-12-09,334.6000061035156,354.163330078125,334.1199951171875,353.5466613769531,59438400.0,341.5232903682293,-0.0317587258135616,0.0235530893761965,-0.036516706459224224,0.06044050978618299,1.5,5.3125,0.5625,1.5625,4.864583333333333,1.5,0.036516706459224224
2021-12-10,339.010009765625,340.32666015625,327.510009765625,336.25,59664300.0,339.96999753255403,-0.0045481315022484,0.0235211625474638,-0.1679031252861023,0.08168037901265769,1.4615384615384615,2.769230769230769,0.038461538461538464,1.0384615384615385,2.769230769230769,0.07692307692307693,0.1679031252861023
2021-12-13,322.1366577148437,335.0,317.1400146484375,333.6966552734375,78595500.0,328.9483873922822,-0.0324193611797065,0.0247977932323293,-0.19240516796708107,0.10396145678419316,1.5,8.3125,3.3125,4.3125,8.3125,178.875,0.19240516796708107
2021-12-14,319.5033264160156,322.1366577148437,310.0,315.0,70806300.0,323.1110186831342,-0.0177455459059197,0.0210747283618042,-0.09004276245832443,0.06797896381547368,1.6,1.925,0.925,1.925,1.875,14.9,0.09004276245832443
2021-12-15,325.3299865722656,326.25,309.4166564941406,317.7366638183594,75169200.0,324.482416258562,0.0042443540954346,0.021090370305102,-0.35218919068574905,0.11918269672673393,1.44,2.96,1.44,2.44,2.74,23.6,0.35218919068574905
2021-12-16,308.97332763671875,331.6600036621094,307.2833251953125,331.5,82771500.0,314.8972723557286,-0.0295397945237054,0.0194833326225699,-0.07674765959382057,0.059099238212175956,1.3953488372093024,1.813953488372093,1.2790697674418605,2.2790697674418605,1.813953488372093,9.953488372093023,0.07674765959382057
2021-12-17,310.8566589355469,320.2200012207031,303.0133361816406,304.92333984375,100437300.0,312.4000359266573,-0.0079303209278047,0.0147305813117291,0.020077047869563103,0.05039514674689363,1.36,3.64,0.4,1.4,3.22,1.68,0.020077047869563103
2021-12-20,299.9800109863281,307.2300109863281,297.7966613769531,303.5666809082031,56480100.0,304.7240383724125,-0.0245710520854323,0.0137567745203923,0.03679783456027508,0.0689237273540907,1.3461538461538463,5.269230769230769,9.23076923076923,10.23076923076923,5.269230769230769,379.15384615384613,0.03679783456027508
2021-12-21,312.84332275390625,313.1666564941406,295.3733215332031,305.6233215332031,71517900.0,309.74203208450183,0.0164673379195527,0.0182503165527031,-0.014642228372395039,0.043418128838252856,1.1904761904761905,3.3333333333333335,0.14285714285714285,1.1428571428571428,3.2857142857142856,0.2857142857142857,0.014642228372395039
2021-12-22,336.2900085449219,338.5533447265625,319.01666259765625,321.8866577148437,93634200.0,326.1495838695736,0.0529716670180415,0.0287053832203677,0.10030638240277767,0.07613407287530906,1.7547169811320755,1.6981132075471699,2.018867924528302,3.018867924528302,1.6226415094339623,75.81132075471699,0.10030638240277767
2021-12-23,355.6666564941406,357.6600036621094,332.5199890136719,335.6000061035156,92713200.0,344.3921379999551,0.0559330903137889,0.034425224229311,-0.15813675429672003,0.09266283365669602,1.8205128205128205,2.6153846153846154,2.0256410256410255,3.0256410256410255,2.4551282051282053,99.12820512820512,0.15813675429672003
2021-12-27,364.6466674804688,372.3333435058594,356.9066772460937,357.8900146484375,71145900.0,356.91012564504933,0.0363480644993583,0.0356993806259031,-0.427865082398057,0.14487787328612559,1.5714285714285714,7.380952380952381,0.14285714285714285,1.1428571428571428,7.380952380952381,0.2857142857142857,0.427865082398057
2021-12-28,362.8233337402344,373.0,359.47332763671875,369.8299865722656,60324000.0,360.56468923042473,0.0102394505585137,0.0303314045907393,-0.06419279053807259,0.06309719167870133,1.5263157894736843,3.4210526315789473,0.10526315789473684,1.105263157894737,3.4210526315789473,0.21052631578947367,0.06419279053807259
2021-12-29,362.0633239746094,368.0,354.7133178710937,366.21331787109375,56154000.0,361.49089643905234,0.0025687684798099,0.028952799262143,-0.15664597414433956,0.0849288929802657,1.625,3.5833333333333335,0.375,1.375,3.4583333333333335,2.5,0.15664597414433956
2021-12-30,356.7799987792969,365.1833190917969,351.04998779296875,353.77667236328125,47040900.0,358.57940156780114,-0.0080541305463887,0.0249802607819484,-0.08087518997490406,0.07584128693406166,1.7619047619047619,4.857142857142857,0.0,1.0,4.857142857142857,0.0,0.08087518997490406
2021-12-31,352.260009765625,360.6666564941406,351.5299987792969,357.8133239746094,40733700.0,354.67380264582886,-0.0108918663618043,0.028242765875802,-0.07868291065096855,0.06719878611063425,1.6296296296296295,2.4074074074074074,0.6666666666666666,1.6666666666666667,2.3333333333333335,2.4444444444444446,0.07868291065096855
2022-01-03,399.9266662597656,400.3566589355469,378.6799926757813,382.5833435058594,103931400.0,382.6416104475052,0.0788550143626043,0.0343354590517171,0.03413846902549267,0.05306514313481164,1.3333333333333333,3.774193548387097,0.7849462365591398,1.7849462365591398,3.752688172043011,17.268817204301076,0.03413846902549267
2022-01-04,383.1966552734375,402.6666564941406,374.3500061035156,396.51666259765625,100248300.0,382.9846470152111,0.0008964957243013,0.0319052621471286,-0.11255510523915291,0.07032590821092626,1.467741935483871,2.564516129032258,0.8709677419354839,1.8709677419354838,2.5483870967741935,25.0,0.11255510523915291
2022-01-05,362.7066650390625,390.11334228515625,360.336669921875,382.2166748046875,80119800.0,370.4521649306935,-0.0327231970842419,0.0349900201173195,-0.13647689297795296,0.07223463374023652,1.3333333333333333,3.5384615384615383,0.1282051282051282,1.1282051282051282,3.5384615384615383,0.3076923076923077,0.13647689297795296
2022-01-06,354.8999938964844,362.6666564941406,340.1666564941406,359.0,90336600.0,360.8403946327007,-0.0259460497411078,0.036855257389614,-0.1050772424787283,0.06204023557261862,1.1333333333333333,3.966666666666667,1.7,2.7,3.966666666666667,28.666666666666668,0.1050772424787283
2022-01-07,342.32000732421875,360.30999755859375,336.6666564941406,360.1233215332031,84164700.0,349.3941657912467,-0.0317210296067465,0.0387891967825187,0.037052784115076065,0.05334023283898629,1.25,4.6,2.05,3.05,4.6,40.8,0.037052784115076065
2022-01-10,352.7066650390625,353.0333251953125,326.6666564941406,333.3333435058594,91815000.0,351.4414029141053,0.0058593912643687,0.0389166354421323,0.05333066079765558,0.06450028680286139,1.4516129032258065,6.354838709677419,0.4838709677419355,1.4838709677419355,6.241935483870968,2.967741935483871,0.05333066079765558
2022-01-11,354.79998779296875,358.6166687011719,346.2733459472656,351.22332763671875,66063300.0,353.5171225233444,0.0059063035602164,0.0388118995978634,-0.12206830456852913,0.0731609386549356,1.4285714285714286,2.3714285714285714,2.5142857142857142,3.5142857142857142,2.3714285714285714,75.14285714285714,0.12206830456852913
2022-01-12,368.739990234375,371.61334228515625,357.5299987792969,359.6166687011719,83739000.0,362.9253721750046,0.026613278543641,0.0229320365884846,-0.14402469620108604,0.07623722296449514,1.4666666666666666,2.3,0.7666666666666667,1.7666666666666666,2.3,9.0,0.14402469620108604
2022-01-13,343.85333251953125,371.8666687011719,342.17999267578125,369.6900024414063,97209900.0,351.13820343313625,-0.0324782163099485,0.0243678892651405,-0.036439879797399044,0.05388855602661977,1.380952380952381,2.5,2.142857142857143,3.142857142857143,2.294642857142857,54.23809523809524,0.036439879797399044
2022-01-14,349.8699951171875,350.6666564941406,337.7933349609375,339.9599914550781,72924300.0,350.35440758906464,-0.0022321576986163,0.0227309399440222,0.11077049747109413,0.07560755604007155,1.625,1.65,2.3,3.3,1.65,89.15,0.11077049747109413
2022-01-18,343.5033264160156,356.92999267578125,338.6866760253906,342.2033386230469,66743400.0,346.1202065644359,-0.0120854795398923,0.0214454067452921,-0.021076625213027,0.05937859453416059,1.3666666666666667,4.0,6.2,7.2,3.777777777777778,225.4,0.021076625213027
2022-01-19,331.8833312988281,351.5566711425781,331.6666564941406,347.2366638183594,75442500.0,337.3213337566976,-0.0254214363705467,0.0202732699042638,-0.06778602860867977,0.07404801278642481,1.6206896551724137,3.413793103448276,4.931034482758621,5.931034482758621,3.2758620689655173,188.9655172413793,0.06778602860867977
2022-01-20,332.0899963378906,347.2200012207031,331.3333435058594,336.57666015625,70488600.0,334.08818942525573,-0.0095847609027119,0.0197491687725885,-0.38584741577506065,0.13756735645567394,1.52,3.84,5.96,6.96,3.84,240.4,0.38584741577506065
2022-01-21,314.6333312988281,334.8500061035156,313.5,332.11334228515625,103416000.0,322.0644258568164,-0.035989789370059,0.0214471339308112,-0.2938466425985098,0.1164352525018483,1.375,4.46875,6.46875,7.46875,4.182291666666666,252.125,0.2938466425985098
2022-01-24,310.0,311.1700134277344,283.8233337402344,301.586669921875,151565700.0,314.6082006225508,-0.0231513468599617,0.0124992545068953,-0.6411917069926858,0.17956450231149307,1.280701754385965,4.0,4.7368421052631575,5.7368421052631575,3.713118022328549,148.42105263157896,0.6411917069926858
2022-01-25,306.1333312988281,317.086669921875,301.07000732421875,304.7333374023437,86595900.0,309.3704433302763,-0.0166485084683423,0.0112648681101401,-0.22225769981741905,0.08732811508837163,1.1967213114754098,2.80327868852459,4.311475409836065,5.311475409836065,2.7892271662763464,93.70491803278688,0.22225769981741905
2022-01-26,312.4700012207031,329.2300109863281,302.0,317.4766540527344,104867400.0,311.286075456658,0.0061920334268539,0.0134520211127628,-0.00965653732419014,0.048627460999628,1.2826086956521738,2.847826086956522,2.4130434782608696,3.4130434782608696,2.8260869565217392,96.82608695652173,0.00965653732419014
2022-01-27,276.3666687011719,311.7966613769531,276.3333435058594,311.1199951171875,147109500.0,289.70469521478486,-0.069329732177108,0.0236982883783699,0.006372101604938507,0.058928864266198235,1.5873015873015872,4.603174603174603,2.6031746031746033,3.6031746031746033,4.603174603174603,94.47619047619048,0.006372101604938507
2022-01-28,282.1166687011719,285.8333435058594,264.0033264160156,277.1866760253906,134789100.0,285.01503692183667,-0.0161877193238836,0.0239170028702813,-0.23871895112097263,0.09231165306053492,1.2727272727272727,2.618181818181818,2.381818181818182,3.381818181818182,2.609090909090909,89.23636363636363,0.23871895112097263
2022-01-31,312.239990234375,312.663330078125,287.3500061035156,290.9033203125,104436000.0,301.8409834111144,0.0590352939655325,0.0395428535152399,-0.06237758509814739,0.06950849807261297,1.3,4.666666666666667,5.966666666666667,6.966666666666667,4.666666666666667,290.8666666666667,0.06237758509814739
2022-02-01,310.4166564941406,314.5666809082031,301.6666564941406,311.7366638183594,73138200.0,307.1410408528322,0.0175591047372749,0.0396972508063823,-0.00974544882774353,0.046117739901104814,1.2564102564102564,1.8205128205128205,5.256410256410256,6.256410256410256,1.8205128205128205,137.17948717948718,0.00974544882774353
2022-02-02,301.8866577148437,310.5,296.4700012207031,309.3933410644531,66792900.0,303.89365348364095,-0.0105729516321696,0.0390753099784399,-0.7490172060206532,0.20430207716526605,1.5238095238095237,5.476190476190476,0.6666666666666666,1.6666666666666667,5.476190476190476,7.714285714285714,0.7490172060206532
2022-02-03,297.0466613769531,312.3333435058594,293.50665283203125,294.0,78855600.0,299.66197964100564,-0.0139248509935173,0.0389449539680942,-0.2262058351188898,0.09679324963919175,1.3157894736842106,6.631578947368421,1.3157894736842106,2.3157894736842106,6.631578947368421,34.21052631578947,0.2262058351188898
2022-02-04,307.7733459472656,312.1666564941406,293.72332763671875,299.0733337402344,73625400.0,304.675079713475,0.0167291829229554,0.0395977582524066,0.11359448917210102,0.07116735157721421,1.2,3.15,4.95,5.95,3.15,235.6,0.11359448917210102
2022-02-07,302.4466552734375,315.92333984375,300.9033203125,307.92999267578125,60994500.0,303.29783766817087,-0.0045203632886526,0.0268662099382296,-0.46290300879627466,0.14752039771436415,1.6,4.68,0.48,1.48,4.62,1.68,0.46290300879627466
2022-02-08,307.3333435058594,308.7633361816406,298.26666259765625,301.84332275390625,50729100.0,305.79191743766097,0.0082232032666806,0.0248851073128649,-0.014961445704102516,0.05134900206241651,1.5,1.3571428571428572,1.7857142857142858,2.7857142857142856,1.3571428571428572,84.14285714285714,0.014961445704102516
2022-02-09,310.6666564941406,315.42333984375,306.6666564941406,311.6666564941406,52259400.0,308.804671860852,0.0098523023382566,0.0129172969305815,-0.05968005210161209,0.05864229633405762,1.3125,2.25,3.9375,4.9375,2.25,141.875,0.05968005210161209
2022-02-10,301.51666259765625,314.60333251953125,298.8999938964844,302.7900085449219,66126900.0,304.30043442587294,-0.0145860404502192,0.0127303305233621,-0.04597938992083073,0.06826110378225467,1.8666666666666667,2.6666666666666665,1.0,2.0,2.6666666666666665,16.0,0.04597938992083073
2022-02-11,286.6666564941406,305.32000732421875,283.5666809082031,303.2099914550781,79645800.0,293.40216031399456,-0.0358141917622966,0.0182060408137011,-0.0627971962094307,0.05708031941761357,1.3157894736842106,3.473684210526316,0.42105263157894735,1.4210526315789473,3.473684210526316,3.789473684210526,0.0627971962094307
2022-02-14,291.9200134277344,299.6266784667969,284.3833312988281,287.19000244140625,67756500.0,292.4861431619659,-0.0031220531950014,0.0177623245780842,-0.044230854138731956,0.06880239797283623,1.605263157894737,2.210526315789474,6.447368421052632,7.447368421052632,2.1052631578947367,287.4736842105263,0.044230854138731956
2022-02-15,307.4766540527344,307.6666564941406,297.7933349609375,300.0,57286200.0,301.7507884011863,0.0316755014068821,0.0211494464597369,0.0410217996686697,0.08366908414493902,2.52,1.76,0.08,1.08,1.76,0.16,0.0410217996686697
2022-02-16,307.7966613769531,308.8099975585937,300.4033203125,304.6833190917969,51294300.0,305.4873433918747,0.0123829170769904,0.0216638129540846,-0.03147783689200878,0.052456984508694196,1.5357142857142858,0.75,1.1785714285714286,2.1785714285714284,0.75,24.0,0.03147783689200878
2022-02-17,292.1166687011719,306.1666564941406,291.3666687011719,304.4200134277344,55178400.0,297.2238119805024,-0.0270503233280338,0.0237664578298978,-0.29699021205306053,0.1090063263339798,1.5238095238095237,2.142857142857143,2.761904761904762,3.761904761904762,2.142857142857143,54.95238095238095,0.29699021205306053
2022-02-18,285.6600036621094,295.6233215332031,279.2033386230469,295.3333435058594,68501700.0,290.0769854003468,-0.0240452692283767,0.0239715246041897,-0.13016972318291664,0.08073444591159007,1.7647058823529411,1.7941176470588236,1.3235294117647058,2.323529411764706,1.7794117647058822,22.294117647058822,0.13016972318291664
2022-02-22,273.84332275390625,285.57666015625,267.0333251953125,278.0433349609375,83288100.0,280.04403012294694,-0.034587215747409,0.0259104319561455,0.025550616905093193,0.05088138566726022,1.25,3.875,3.9375,4.9375,3.875,76.25,0.025550616905093193
2022-02-23,254.67999267578125,278.4333190917969,253.5200042724609,276.8099975585937,95256900.0,264.36819288867343,-0.0559763306769702,0.0298793255172193,-0.02123212441802025,0.061242279593588904,1.3846153846153846,6.153846153846154,3.076923076923077,4.076923076923077,6.153846153846154,135.23076923076923,0.02123212441802025
2022-02-24,266.92333984375,267.49334716796875,233.3333282470703,233.4633331298828,135322200.0,265.9473605531616,0.0059733648259006,0.0306390483240527,-0.07070568576455116,0.05934592753339563,1.3461538461538463,3.423076923076923,0.23076923076923078,1.2307692307692308,3.423076923076923,0.6923076923076923,0.07070568576455116
2022-02-25,269.9566650390625,273.1666564941406,260.79998779296875,269.74334716796875,76067700.0,268.42524699669576,0.0093172063764057,0.0260103954543064,-0.4516345849260688,0.13666195563598263,1.5185185185185186,1.4074074074074074,0.3333333333333333,1.3333333333333333,1.4074074074074074,3.3333333333333335,0.4516345849260688
2022-02-28,290.1433410644531,292.28668212890625,271.57000732421875,271.6700134277344,99006900.0,281.8477673014373,0.0500046864254417,0.0351885799269938,0.048560913652181625,0.05583768442632781,1.32,4.36,0.04,1.04,4.36,0.08,0.048560913652181625
2022-03-01,288.1233215332031,296.6266784667969,284.59332275390625,289.8933410644531,74766900.0,285.7262731149118,0.0137609953437256,0.0354484505916627,-0.03340818174183369,0.049357072864645676,1.3333333333333333,2.2666666666666666,0.5333333333333333,1.5333333333333334,2.2666666666666666,4.8,0.03340818174183369
2022-03-02,293.2966613769531,295.49334716796875,281.42333984375,290.7099914550781,74643300.0,290.40503036888657,0.0163749633625505,0.0351347518052713,-0.07653844729065895,0.06501259500636823,1.3125,0.71875,6.5625,7.5625,0.71875,315.6875,0.07653844729065895
2022-03-03,279.7633361816406,295.4800109863281,277.5333251953125,292.92333984375,61623600.0,283.8281016632864,-0.0226474338176783,0.0333825418003365,-0.5067303497344255,0.14442985565520214,1.411764705882353,1.2941176470588236,0.4117647058823529,1.411764705882353,1.2941176470588236,1.2941176470588236,0.5067303497344255
2022-03-04,279.42999267578125,285.2166748046875,275.0533447265625,283.0333251953125,66999600.0,281.1099208227818,-0.0095768559370107,0.0227828741868304,0.011665519326925278,0.051555878195307867,1.4761904761904763,2.0952380952380953,2.6666666666666665,3.6666666666666665,2.0952380952380953,78.76190476190476,0.011665519326925278
2022-03-07,268.1933288574219,288.7133178710937,268.19000244140625,285.4333190917969,72494100.0,273.12702796937555,-0.0283977628041056,0.0268857229514138,-0.282971179112792,0.11124659039386273,1.4545454545454546,6.363636363636363,1.5454545454545454,2.5454545454545454,6.363636363636363,22.363636363636363,0.282971179112792
2022-03-08,274.79998779296875,283.3299865722656,260.72332763671875,265.1766662597656,80399100.0,274.1609740021692,0.0037855866571709,0.0267886032071806,-0.0697803646326065,0.05988870243910322,1.2857142857142858,2.7857142857142856,3.5,4.5,2.7857142857142856,111.57142857142857,0.0697803646326065
2022-03-09,286.3233337402344,286.85333251953125,277.336669921875,279.82666015625,59184000.0,281.67772570369675,0.0274172928108582,0.0209544147793042,-0.056481871753931046,0.05733518856926958,1.3636363636363635,3.6363636363636362,0.45454545454545453,1.4545454545454546,3.6363636363636362,1.4545454545454546,0.056481871753931046
2022-03-10,279.4333190917969,284.8166809082031,270.1199951171875,283.8166809082031,58648500.0,280.29060613296764,-0.0049244915169055,0.0200970940041823,-0.3287102375179529,0.11482538528173337,1.5909090909090908,1.7727272727272727,0.4090909090909091,1.4090909090909092,1.6818181818181819,1.0909090909090908,0.3287102375179529
2022-03-11,265.1166687011719,281.26666259765625,264.5899963378906,280.0666809082031,67037100.0,270.9125970569536,-0.0334581640298183,0.0210715704067296,-0.29553909972310066,0.10732450413064369,1.4285714285714286,3.7857142857142856,0.07142857142857142,1.0714285714285714,3.7857142857142856,0.14285714285714285,0.29553909972310066
2022-03-14,255.4566650390625,266.8999938964844,252.01333618164065,260.2033386230469,71152200.0,261.3603057420892,-0.0352596793897194,0.0228303792470176,-0.018093064427375793,0.05383698492036863,1.2941176470588236,5.352941176470588,2.2941176470588234,3.2941176470588234,5.352941176470588,87.29411764705883,0.018093064427375793
2022-03-15,267.2966613769531,268.5233459472656,252.19000244140625,258.42333984375,66841200.0,265.02917529374207,0.0140375928212808,0.024817952350807,0.3077418599277735,0.11490797913383582,1.625,3.5,0.6875,1.6875,3.5,4.0,0.3077418599277735
2022-03-16,280.07666015625,280.6666564941406,267.4200134277344,269.6666564941406,84028800.0,274.3290323839715,0.0350899370981403,0.0276132534852474,-0.20956180710345507,0.08240503943639635,1.25,2.45,0.2,1.2,2.425,0.5,0.20956180710345507
2022-03-17,290.5333251953125,291.6666564941406,275.239990234375,276.9966735839844,66582900.0,284.34383610503585,0.0365065397345436,0.0307621793867651,-0.030408909544348717,0.04734051133738436,1.3,2.0,0.85,1.85,2.0,5.9,0.030408909544348717
2022-03-18,301.7966613769531,302.6166687011719,289.1300048828125,291.4966735839844,100414200.0,295.13027532279386,0.0379344928503164,0.0322256768582747,-0.010554281994700432,0.043143323490098355,1.2727272727272727,2.3636363636363638,0.5454545454545454,1.5454545454545454,2.340909090909091,3.6363636363636362,0.010554281994700432
2022-03-21,307.0533447265625,314.2833251953125,302.36334228515625,304.99334716796875,81981600.0,302.49913746454683,0.0249681674768655,0.0323420864676114,0.09686731547117233,0.07929069462189609,1.7692307692307692,4.5,0.8846153846153846,1.8846153846153846,4.096153846153846,8.461538461538462,0.09686731547117233
2022-03-22,331.32666015625,332.6199951171875,307.25,310.0,105868500.0,320.3155262994782,0.058897321110608,0.0297231686265743,0.025949867442250252,0.056211457704642136,1.5,2.14,2.54,3.54,2.12,116.56,0.025949867442250252
2022-03-23,333.03668212890625,346.8999938964844,325.4666748046875,326.64666748046875,120676200.0,328.1776329782486,0.0245448816346782,0.0141840254236739,-0.22314984910190105,0.09615113563003362,1.575,1.825,2.7,3.7,1.825,84.85,0.22314984910190105
2022-03-24,337.97332763671875,341.4966735839844,329.6000061035156,336.57666015625,68920800.0,334.23170522059894,0.0184475467977782,0.0132621566065154,0.04851747862994671,0.06209193815314058,1.5483870967741935,2.6129032258064515,2.4838709677419355,3.4838709677419355,2.6129032258064515,73.74193548387096,0.04851747862994671
2022-03-25,336.8800048828125,340.6000061035156,332.44000244140625,336.0,62031600.0,335.8684444242418,0.004897019576771,0.017112254983571,-0.17723864689469337,0.09592994178769503,1.4827586206896552,4.206896551724138,7.103448275862069,8.10344827586207,4.206896551724138,292.3448275862069,0.17723864689469337
2022-03-28,363.9466552734375,365.9599914550781,351.20001220703125,355.0333251953125,102506100.0,353.2217330723308,0.0516669217849168,0.0190076277831118,-0.10141155496239662,0.06615237696787431,1.323076923076923,2.5384615384615383,2.3230769230769233,3.3230769230769233,2.5307692307692307,90.49230769230769,0.10141155496239662
2022-03-29,366.5233459472656,371.5899963378906,357.7033386230469,369.3299865722656,73614900.0,361.4425819342337,0.0232739044406973,0.0190038933406266,-0.007338928058743477,0.05264275764807824,1.3636363636363635,5.151515151515151,1.8484848484848484,2.8484848484848486,5.121212121212121,60.90909090909091,0.007338928058743477
2022-03-30,364.663330078125,371.3166809082031,361.3333435058594,363.7233276367188,59865000.0,363.4331137563617,0.0055071868164391,0.021091031247856,-0.2413781490176916,0.092042235613245,1.2352941176470589,2.764705882352941,2.588235294117647,3.588235294117647,2.764705882352941,89.05882352941177,0.2413781490176916
2022-03-31,359.20001220703125,367.71331787109375,358.8800048828125,364.8566589355469,48992700.0,360.8169131210456,-0.0071985752984244,0.018989744436538,0.04350715223699808,0.0505926406171521,1.1714285714285715,1.2,3.4,4.4,1.1714285714285715,164.85714285714286,0.04350715223699808
2022-04-01,361.5299987792969,364.9166564941406,355.5466613769531,360.3833312988281,54263100.0,361.25762429473497,0.0012214260409171,0.0195458511443254,-0.10700800083577633,0.06318766313400426,1.4210526315789473,0.5263157894736842,0.5263157894736842,1.5263157894736843,0.5,2.1052631578947367,0.10700800083577633
2022-04-04,381.8166809082031,383.3033447265625,357.510009765625,363.1266784667969,82035900.0,373.9638200584916,0.0351721179270951,0.0211409669050432,0.03369159623980522,0.05869147421332852,1.5,3.65625,1.375,2.375,3.5646306818181817,59.1875,0.03369159623980522
2022-04-05,363.7533264160156,384.2900085449219,362.4333190917969,378.76666259765625,80075100.0,367.65338794552673,-0.0168744455332011,0.0244512506254541,-0.07483950816094875,0.06509476675990777,1.375,5.625,0.25,1.25,5.625,0.5,0.07483950816094875
2022-04-06,348.586669921875,359.6666564941406,342.5666809082031,357.8233337402344,89348400.0,355.86950815299974,-0.0320516012605681,0.0229591835156884,-0.1124173179268837,0.06562686687967527,1.2142857142857142,1.4285714285714286,3.5952380952380953,4.595238095238095,1.4285714285714286,163.57142857142858,0.1124173179268837
2022-04-07,352.4200134277344,358.86334228515625,340.5133361816406,350.7966613769531,79447200.0,353.73760316877224,-0.0059906930360297,0.0208577850415003,0.002909330651164055,0.05396234912532188,1.5675675675675675,2.1621621621621623,1.1081081081081081,2.108108108108108,2.010810810810811,31.08108108108108,0.002909330651164055
2022-04-08,341.8299865722656,349.4800109863281,340.8133239746094,347.7366638183594,55013700.0,346.3782913871288,-0.0208044372883146,0.0214550427774949,-0.18291754834353924,0.07935111058402396,1.3428571428571427,2.1714285714285713,0.6285714285714286,1.6285714285714286,2.157142857142857,2.6285714285714286,0.18291754834353924
2022-04-11,325.3099975585937,336.1566772460937,324.8800048828125,326.79998779296875,59357100.0,333.3573697161245,-0.0375916216309627,0.0244514495503134,-0.333843357861042,0.11573733181552454,1.4444444444444444,3.9444444444444446,0.05555555555555555,1.0555555555555556,3.9444444444444446,0.1111111111111111,0.333843357861042
2022-04-12,328.9833374023437,340.39666748046875,325.5333251953125,332.5466613769531,65976000.0,330.6540690783176,-0.0081093171574665,0.0239235268649384,0.024245232343673706,0.04498512275335309,1.2,3.0,0.3333333333333333,1.3333333333333333,3.0,1.4666666666666666,0.024245232343673706
2022-04-13,340.7900085449219,342.0799865722656,324.3666687011719,327.02667236328125,55121100.0,336.9184241765905,0.0189453440441078,0.0187899329885688,-0.001333288848400116,0.0536683111483107,1.7741935483870968,1.3225806451612903,0.0967741935483871,1.096774193548387,1.3064516129032258,0.1935483870967742,0.001333288848400116
2022-04-14,328.3333435058594,337.57000732421875,327.39666748046875,333.0966796875,58422300.0,331.61255252591894,-0.0157482383566254,0.0187724208400425,-0.03274765610694885,0.05949349412876867,1.6206896551724137,3.3448275862068964,0.4482758620689655,1.4482758620689655,3.3448275862068964,2.4827586206896552,0.03274765610694885
2022-04-18,334.7633361816406,338.3066711425781,324.4700012207031,329.6766662597656,51715200.0,333.5598439163526,0.005872188418686,0.0183226260625832,-0.05666988156735897,0.06244116385797709,1.4482758620689655,2.5172413793103448,4.275862068965517,5.275862068965517,2.5172413793103448,141.72413793103448,0.05666988156735897
2022-04-19,342.7166748046875,344.9800109863281,331.77667236328125,335.0199890136719,49847700.0,339.21907663457847,0.0169661691041116,0.0208446988020762,0.019407540559768677,0.05475256097593398,1.5909090909090908,1.9545454545454546,1.3181818181818181,2.3181818181818183,1.9545454545454546,37.0,0.019407540559768677
2022-04-20,325.7333374023437,344.6666564941406,325.0833435058594,343.3333435058594,70711200.0,330.8844314256395,-0.0245700957965798,0.0213397375306458,-0.37079353258013725,0.11652416521809839,1.2564102564102564,1.3076923076923077,4.726495726495727,5.726495726495727,1.2781662781662781,110.4957264957265,0.37079353258013725
2022-04-21,336.260009765625,364.0733337402344,332.1400146484375,358.24334716796875,105416400.0,334.2067215489383,0.010040635967623,0.0168220260124687,-0.17274608835577965,0.08332515682776107,1.5555555555555556,1.8571428571428572,0.873015873015873,1.873015873015873,1.8571428571428572,19.174603174603174,0.17274608835577965
2022-04-22,335.01666259765625,344.95001220703125,331.3333435058594,338.3033447265625,69696600.0,334.7072926459297,0.0014977888376135,0.0163903272699082,-0.04204404540359974,0.06129782291436683,1.6,2.05,2.325,3.325,2.05,70.25,0.04204404540359974
2022-04-25,332.67333984375,336.2066650390625,325.1000061035156,326.3233337402344,68341200.0,333.4502406826696,-0.0037556754539851,0.0145931445352729,0.15828700549900532,0.08012436527435449,1.3421052631578947,4.7631578947368425,1.4473684210526316,2.4473684210526314,4.697368421052632,26.894736842105264,0.15828700549900532
2022-04-26,292.1400146484375,333.3333435058594,291.6666564941406,331.8099975585937,136133700.0,307.9191169105734,-0.0765665177503742,0.0321332368988446,-0.450592715293169,0.14527782229176484,1.64,2.84,2.96,3.96,2.7325925925925927,77.28,0.450592715293169
2022-04-27,293.836669921875,306.0,292.4533386230469,299.52667236328125,76956300.0,299.2156860267892,-0.0282653151616821,0.03189946581427,-0.17253637686371803,0.08151302232270176,1.5333333333333334,1.0833333333333333,1.6,2.6,1.075,28.633333333333333,0.17253637686371803
2022-04-28,292.5033264160156,300.0,273.8999938964844,299.99334716796875,124948500.0,295.0672196426191,-0.0138644682678791,0.0287291251309206,0.03685653209686279,0.05629275119782653,1.4107142857142858,3.7857142857142856,2.6785714285714284,3.6785714285714284,3.7301587301587302,39.785714285714285,0.03685653209686279
2022-04-29,290.2533264160156,311.4666748046875,290.0,300.75,88133100.0,292.09207001036526,-0.0100829554562423,0.0288125010793312,-0.2319426443427801,0.10693634434200885,1.967741935483871,1.6451612903225807,1.5161290322580645,2.5161290322580645,1.6451612903225807,29.903225806451612,0.2319426443427801
2022-05-02,300.9800109863281,302.1199951171875,282.6766662597656,286.92333984375,75781500.0,297.5851196235132,0.0188058840931661,0.0303475725704713,-0.17083889432251453,0.0874655684287912,1.5666666666666667,3.1333333333333333,1.8666666666666667,2.8666666666666667,3.1333333333333333,50.6,0.17083889432251453
2022-05-03,303.0833435058594,308.02667236328125,296.1966552734375,301.0599975585937,63709500.0,300.9832088605596,0.0114188815668787,0.0315120817835672,-0.10459684021770954,0.07242193271739993,1.4285714285714286,4.214285714285714,3.0714285714285716,4.071428571428571,4.214285714285714,75.14285714285714,0.10459684021770954
2022-05-04,317.5400085449219,318.5,295.09332275390625,301.3133239746094,81643800.0,311.215873810419,0.0339974611494027,0.0365142798062728,-0.021166956052184105,0.048359708209614466,1.2727272727272727,3.3636363636363638,1.3636363636363635,2.3636363636363638,3.3181818181818183,37.09090909090909,0.021166956052184105
2022-05-05,291.09332275390625,315.20001220703125,285.8999938964844,313.00665283203125,92519100.0,298.77945331713903,-0.0399607524545992,0.0265139846459232,-0.05056518875062466,0.061785943911759796,1.1111111111111112,6.555555555555555,6.777777777777778,7.777777777777778,6.555555555555555,214.88888888888889,0.05056518875062466
2022-05-06,288.54998779296875,296.0,281.03668212890625,295.6666564941406,72903000.0,292.45729593645655,-0.0211599469457889,0.0255483048670718,0.1982798408716917,0.09484918321188777,1.5833333333333333,3.6666666666666665,2.7916666666666665,3.7916666666666665,3.6666666666666665,81.33333333333333,0.1982798408716917
2022-05-09,262.3699951171875,281.8766784667969,260.3833312988281,278.8166809082031,90810300.0,273.86232140040573,-0.0635818452622601,0.0344419580238335,0.005266908556222916,0.0588715538163609,1.5,6.71875,2.0625,3.0625,6.71875,60.9375,0.005266908556222916
2022-05-10,266.67999267578125,275.1199951171875,258.0833435058594,273.10333251953125,84401700.0,269.4233981302131,-0.0162085943312464,0.0345197631144265,-0.4176557809114456,0.13647452301734947,1.3461538461538463,5.6923076923076925,3.4615384615384617,4.461538461538462,5.6923076923076925,101.61538461538461,0.4176557809114456
2022-05-11,244.6666717529297,269.92333984375,242.3999938964844,265.0,97224600.0,254.1228997788709,-0.0567897905583814,0.0354690733900326,-0.11697328463196754,0.07221715289192036,1.3658536585365855,3.926829268292683,2.2439024390243905,3.2439024390243905,3.926829268292683,64.53658536585365,0.11697328463196754
2022-05-12,242.6666717529297,253.22000122070312,226.6666717529297,233.6666717529297,140313000.0,247.04256147597013,-0.0278618664790218,0.0323127883101397,-0.031089147552847862,0.05547441384981163,1.393939393939394,3.3333333333333335,3.1515151515151514,4.151515151515151,3.3333333333333335,87.27272727272727,0.031089147552847862
2022-05-13,256.5299987792969,262.45001220703125,250.52333068847656,257.82666015625,92150700.0,252.9061201955597,0.0237350142605281,0.0291418423229944,0.005278857424855232,0.0529906769817767,1.6206896551724137,1.2758620689655173,3.5172413793103448,4.517241379310345,1.2586206896551724,92.75862068965517,0.005278857424855232
2022-05-16,241.4566650390625,256.586669921875,239.69667053222656,255.72000122070312,86098500.0,245.8299677561767,-0.0279793641763645,0.0287282235790393,0.047464899718761444,0.06949876749436092,1.5,6.3,3.7,4.7,6.3,103.2,0.047464899718761444
2022-05-17,253.8699951171875,254.82666015625,242.9499969482422,249.1199951171875,80236200.0,250.7989779357605,0.0202131994928798,0.0339419018480536,-0.17907771188765764,0.09467743726276505,1.7619047619047619,2.619047619047619,4.190476190476191,5.190476190476191,2.488095238095238,100.76190476190476,0.17907771188765764
2022-05-18,236.60333251953125,253.5,233.60333251953125,248.17333984375,87811800.0,242.0255865762892,-0.0349817667985812,0.0294102560331479,-0.29924597404897213,0.11535914198550731,1.5,4.607142857142857,2.75,3.75,4.607142857142857,73.92857142857143,0.29924597404897213
2022-05-19,236.47332763671875,244.6666717529297,231.3699951171875,235.6666717529297,90296700.0,238.5941018372942,-0.0141781899489925,0.0294308026075417,-0.14185366034507751,0.07855060409644594,1.5116279069767442,2.7674418604651163,1.5116279069767442,2.511627906976744,2.7674418604651163,42.97674418604651,0.14185366034507751
2022-05-20,221.3000030517578,240.52667236328125,211.0,237.9966735839844,144973200.0,227.90576098303444,-0.0447971713129292,0.0269628658125285,-0.45649756444618106,0.1421764023184888,1.4576271186440677,3.4915254237288136,2.169491525423729,3.169491525423729,3.4915254237288136,68.61016949152543,0.45649756444618106
2022-05-23,224.96665954589844,226.65333557128903,212.6866607666016,218.33999633789065,88903500.0,226.08929639850072,-0.007970244265431,0.0264394688116275,-0.5180954663082957,0.15694050310122507,1.44,4.96,2.36,3.36,4.96,72.96,0.5180954663082957
2022-05-24,209.3866729736328,217.97332763671875,206.856674194336,217.8433380126953,89092500.0,215.76650742064217,-0.045658017174169,0.0235350797554179,-0.5254929326474667,0.16466864474122034,1.2727272727272727,5.181818181818182,8.181818181818182,9.181818181818182,5.181818181818182,354.0,0.5254929326474667
2022-05-25,219.6000061035156,223.106674194336,207.6699981689453,207.9499969482422,92139300.0,218.1357399024859,0.010980538685853,0.0263741304901625,-0.11126566305756569,0.06701736210364191,1.2380952380952381,3.0238095238095237,6.023809523809524,7.023809523809524,3.0238095238095237,103.9047619047619,0.11126566305756569
2022-05-26,235.91000366210932,239.55667114257807,217.8866729736328,220.47332763671875,106003200.0,229.12083903093867,0.0503590064304155,0.0345776708058351,-0.047433916479349136,0.061026906584100385,1.65,1.625,1.725,2.725,1.60625,36.45,0.047433916479349136
2022-05-27,253.2100067138672,253.26666259765625,240.1766662597656,241.0833282470703,89295000.0,244.00876341968404,0.0649784823227495,0.0432202163464653,-0.20130516588687897,0.07971516804901879,1.2580645161290323,0.6451612903225806,2.5806451612903225,3.5806451612903225,0.6451612903225806,62.70967741935484,0.20130516588687897
2022-05-31,252.7533264160156,259.6000061035156,244.7433319091797,257.9466552734375,101914500.0,249.4132005681816,0.0221485370966048,0.0431404640038632,-0.03822403587400913,0.045867416791332986,1.2272727272727273,1.2272727272727273,1.6363636363636365,2.6363636363636362,1.2272727272727273,23.0,0.03822403587400913
2022-06-01,246.7899932861328,257.32666015625,243.63999938964844,251.72000122070312,77247900.0,247.7919693083392,-0.0065001822523791,0.037516642848255,-0.08310619741678238,0.07121024962985935,1.3559322033898304,0.6440677966101694,14.576271186440678,15.576271186440678,0.6440677966101694,426.5762711864407,0.08310619741678238
2022-06-02,258.3333435058594,264.2099914550781,242.0666656494141,244.1566619873047,93473100.0,254.3068968505378,0.0262919236663872,0.0366066324288201,-0.24189957603812218,0.11017880044725333,2.0,1.8823529411764706,1.7058823529411764,2.7058823529411766,1.8823529411764706,27.764705882352942,0.24189957603812218
2022-06-03,234.51666259765625,247.79666137695312,233.4166717529297,243.22666931152344,112393800.0,242.07585943693465,-0.0480955788658443,0.0373125070418654,-0.23195701837539673,0.1021420853890524,1.803921568627451,1.8431372549019607,0.8823529411764706,1.8823529411764706,1.6633986928104574,11.72549019607843,0.23195701837539673
2022-06-06,238.27999877929688,244.86666870117188,234.3500061035156,244.35333251953125,84204600.0,239.729888533956,-0.0096910567969699,0.0386767371360157,-0.41789520904421806,0.13430600083106023,1.4705882352941178,3.0588235294117645,3.6470588235294117,4.647058823529412,3.0588235294117645,80.0,0.41789520904421806
2022-06-07,238.8866729736328,239.9966735839844,230.0933380126953,234.0,72808500.0,239.2087526578335,-0.0021738460702979,0.0354567669840091,-0.04914357326924801,0.0505789608781268,1.1,2.15,4.3,5.3,2.05,151.6,0.04914357326924801
2022-06-08,241.86666870117188,249.9633331298828,239.1766662597656,240.086669921875,76210500.0,240.85143511186024,0.0068671502851589,0.0247160200366468,-0.1797887608408928,0.07802960256739717,1.3,1.5,2.85,3.85,1.5,58.4,0.1797887608408928
2022-06-09,239.7066650390625,255.54666137695312,239.32666015625,249.33999633789065,96491400.0,240.1439282975676,-0.0029375237642411,0.0224110122932512,-0.1673879474401474,0.08346994309317797,1.6285714285714286,1.4857142857142858,1.0857142857142856,2.085714285714286,1.4714285714285715,15.714285714285714,0.1673879474401474
2022-06-10,232.22999572753903,239.5,227.913330078125,235.1566619873047,97536600.0,235.25284898461516,-0.0203672828525224,0.023148230088804,-0.046348633244633675,0.07989926780142631,1.1756756756756757,1.1756756756756757,22.89189189189189,23.89189189189189,1.1756756756756757,1016.6756756756756,0.046348633244633675
2022-06-13,215.73666381835932,226.63333129882807,214.683334350586,223.1666717529297,102767400.0,223.19118322113252,-0.0512710720211995,0.0230314029474116,-0.15957913920283318,0.08422798463687667,1.6285714285714286,2.914285714285714,0.34285714285714286,1.3428571428571427,2.914285714285714,2.2857142857142856,0.15957913920283318
2022-06-14,220.88999938964844,226.3300018310547,211.73666381835932,218.2866668701172,97988700.0,221.7689733989137,-0.0063721595167574,0.0190759123506091,-0.3089720346033573,0.12224396207280712,1.4285714285714286,0.9428571428571428,11.914285714285715,12.914285714285715,0.9428571428571428,518.1142857142858,0.3089720346033573
2022-06-15,233.0,235.663330078125,218.1499938964844,220.9166717529297,119131800.0,228.71012956693923,0.031299040896672,0.0252836557441819,-0.1509219240397215,0.08337094222286281,1.7,2.0,1.05,2.05,1.675,15.7,0.1509219240397215
2022-06-16,213.1000061035156,225.1666717529297,208.69332885742188,222.73666381835932,107390700.0,219.0625426979612,-0.0421825954418619,0.0284829249307527,-0.08518711477518082,0.06796329910217659,1.6571428571428573,1.457142857142857,1.457142857142857,2.4571428571428573,1.4142857142857144,19.314285714285713,0.08518711477518082
2022-06-17,216.759994506836,220.97000122070312,213.19667053222656,213.433334350586,92641800.0,217.6394896551112,-0.0064961039223033,0.0274250260986072,-0.48679688293486834,0.19523385294973392,1.2916666666666667,0.8958333333333334,23.041666666666668,24.041666666666668,0.7847222222222222,1710.6666666666667,0.48679688293486834
2022-06-21,237.0366668701172,243.57666015625,224.3333282470703,224.60333251953125,122793000.0,229.62760445978992,0.0550824430974177,0.0380511230858513,-0.04119020514190197,0.04575483865242941,1.1304347826086956,1.9130434782608696,2.0869565217391304,3.0869565217391304,1.9130434782608696,44.608695652173914,0.04119020514190197
2022-06-22,236.086669921875,246.8333282470703,233.82666015625,234.5033264160156,101107500.0,233.61952645091904,0.0173843297303923,0.0383098877479866,-0.05420100502669811,0.1574842358919095,1.1090909090909091,0.9818181818181818,43.56363636363636,44.56363636363636,0.9818181818181818,3307.2,0.05420100502669811
2022-06-23,235.07000732421875,239.3166656494141,228.6366729736328,237.9066619873047,104202600.0,234.5159729306499,0.0038372069892846,0.0310866715849603,-0.11545510403811932,0.06444344583239406,1.3333333333333333,1.2857142857142858,1.380952380952381,2.380952380952381,1.2857142857142858,21.047619047619047,0.11545510403811932
2022-06-24,245.7066650390625,246.0666656494141,236.086669921875,237.47000122070312,95770800.0,241.4322010112841,0.0294915011297736,0.0313719581762704,-0.17147522326558828,0.07016764196073667,1.1,1.85,1.65,2.65,1.8,22.9,0.17147522326558828
2022-06-27,244.9199981689453,252.07000732421875,242.5666656494141,249.36666870117188,89178300.0,243.587778200584,0.0089282920019402,0.0302735099083654,0.043382348492741585,0.05944759869680762,1.55,3.0,1.35,2.35,3.0,20.9,0.043382348492741585
2022-06-28,232.663330078125,249.97000122070312,232.3433380126953,244.4833374023437,90391200.0,236.83609795256936,-0.0277176478142303,0.0264101133295801,-0.07072968408465385,0.06617155185124884,1.7352941176470589,0.8823529411764706,2.235294117647059,3.235294117647059,0.8823529411764706,21.294117647058822,0.07072968408465385
2022-06-29,228.4900054931641,231.17333984375,222.27333068847656,230.5,82897200.0,231.6779291394077,-0.021779487408185,0.0286801440360837,-0.15377114713191986,0.07904827310596686,1.3214285714285714,4.678571428571429,1.7857142857142858,2.7857142857142856,3.732142857142857,39.07142857142857,0.15377114713191986
2022-06-30,224.47332763671875,229.4566650390625,218.8633270263672,224.509994506836,94600500.0,227.22524053534733,-0.0192193042323899,0.0218579980344102,-0.5702422736212611,0.17111208199828834,1.8636363636363635,0.4090909090909091,3.409090909090909,4.409090909090909,0.4090909090909091,83.63636363636364,0.5702422736212611
2022-07-01,227.26333618164065,230.22999572753903,222.1199951171875,227.0,74460300.0,227.24878493958,0.000103617028536,0.0203181400525304,-0.04889268800616264,0.06345976565720748,1.48,4.76,2.52,3.52,4.76,59.44,0.04889268800616264
