Date,Close,High,Low,Open,Volume,Kalman_Close,Kalman_Return,Kalman_Volatility,Avg_Sentiment,TextBlob_Sentiment,Avg_Reddit_Score,Comment_Count,engagement_factor,tesla_relevance,comment_count,FinBERT_Sentiment
2021-07-06,219.8600006103516,228.0,217.13333129882807,227.23666381835932,69853500.0,219.8600006103516,,,0.1085155319148936,0.0534594750602412,7.372340425531915,470,2.0690794513276733,1.0740740740740742,3.1481481481481484,-0.00476904958486557
2021-07-07,214.88333129882807,221.8999938964844,212.77333068847656,221.42333984375,56376000.0,216.87399902343748,-0.0135813771428395,,0.1656873786407767,0.0611332609934125,4.383495145631068,412,1.775653729012437,1.125,4.4375,0.013293851166963577
2021-07-08,217.60333251953125,218.1433258056641,206.82000732421875,209.4566650390625,68319900.0,217.32281963641827,0.0020694994098038,,0.1180523012552301,0.0681956419925005,3.94979079497908,478,1.814691352510871,1.1111111111111112,3.555555555555556,-0.018373019993305206
2021-07-09,218.9833374023437,219.6366729736328,214.89666748046875,217.72666931152344,54421500.0,218.3484335506664,0.0047193107284542,,0.1406150134048257,0.0696687049701913,3.131367292225201,373,1.3276216257529678,1.25,1.3214285714285714,-0.10698517691344023
2021-07-12,228.5666656494141,229.0800018310547,220.72000122070312,220.7333374023437,77781000.0,224.6630713644992,0.0289200051090248,,0.1061674,0.064998365200386,6.658,500,1.794916724132892,1.2972972972972974,2.216216216216216,-0.17345942091196775
2021-07-13,222.8466644287109,231.0933380126953,222.1000061035156,228.77333068847656,62898300.0,223.5404851037545,-0.0049967547132986,,0.1104189349112426,0.0685921915314636,6.493096646942801,507,1.3052423666184714,1.1666666666666667,0.9166666666666666,0.08789493422955275
2021-07-14,217.7933349609375,226.20333862304688,217.6133270263672,223.5833282470703,64923600.0,219.9885578843414,-0.0158894135787731,,0.089987558685446,0.0353912992000195,6.507042253521127,426,1.3270291036696242,1.5405405405405406,0.7027027027027027,0.00997759960591793
2021-07-15,216.86666870117188,222.04666137695312,212.6266632080078,219.4633331298828,60628800.0,218.0591248074545,-0.0087706065053676,0.0152405220853184,0.1280115124153499,0.0632276744548861,4.767494356659142,443,1.2281839655200797,1.3061224489795915,0.7959183673469388,-0.042392611503601074
2021-07-16,214.7400054931641,218.8999938964844,214.0666656494141,218.22666931152344,49113000.0,216.00779634342044,-0.0094072122221228,0.0147432100226934,0.1809931464174454,0.0512229861307583,5.205607476635514,321,1.5118361558159186,1.2580645161290325,1.0,-0.05371878296136856
2021-07-19,215.4066619873047,215.7333374023437,207.0966644287109,209.9633331298828,63891300.0,215.63627488177937,-0.0017199446868593,0.014703541417934,0.1649522077922078,0.0565873604286869,4.3090909090909095,385,1.444325083153309,1.3666666666666667,2.5,0.05029189959168434
2021-07-20,220.1666717529297,220.79666137695312,213.5,217.3300018310547,46461300.0,218.4362141282093,0.012984546537752,0.0155488700414388,0.1722065693430657,0.0490771531608558,9.182481751824817,411,1.49618161188519,1.903225806451613,1.1290322580645162,-0.07529130391776562
2021-07-21,218.42999267578125,221.6199951171875,216.76333618164065,219.8699951171875,41859900.0,218.43236905914983,-1.760270875783565e-05,0.0091640282480136,0.1148513574660633,0.0551499456848004,4.036199095022624,442,1.5336159885646738,1.411764705882353,2.764705882352941,0.0033826790750026703
2021-07-22,216.4199981689453,220.72332763671875,214.86666870117188,218.81333923339844,45317100.0,217.1886554510559,-0.0056938154974511,0.0091807680207743,0.1264664233576642,0.0541246801875096,4.343065693430657,411,1.628800695156802,1.3793103448275863,1.9655172413793105,0.06601473549380898
2021-07-23,214.4600067138672,216.26666259765625,212.433334350586,215.45333862304688,43814700.0,215.5022577881184,-0.0077646673553698,0.0078559600440088,0.1216688935281837,0.0561819014917887,3.7181628392484334,479,1.5497442741463274,1.619047619047619,2.380952380952381,-0.053379908204078674
2021-07-26,219.2066650390625,222.7333374023437,215.70333862304688,216.9900054931641,76009800.0,217.7917073773725,0.0106237847006924,0.0088080039233359,0.1342693117408906,0.0618663039262922,6.236437246963563,1235,1.4676217839662231,1.368421052631579,1.7263157894736842,-0.013703444972634315
2021-07-27,214.9266662597656,222.1666717529297,209.0800018310547,221.13333129882807,98439900.0,216.0210145875256,-0.0081302121700108,0.0085947692037848,0.1493074358974359,0.0763114879352688,4.475641025641026,780,1.434575877161181,1.3194444444444444,2.25,-0.38087535835802555
2021-07-28,215.66000366210932,218.3233337402344,213.13333129882807,215.6666717529297,48019800.0,215.7978975653083,-0.0010328486913335,0.0085752171203039,0.1986481690140845,0.0840290619192984,4.47887323943662,355,1.3327661986237065,1.4333333333333331,1.3,0.019373349845409393
2021-07-29,225.7833404541016,227.89666748046875,216.26666259765625,216.5966644287109,91183800.0,221.96924066330348,0.028597790653301,0.0132368994390504,0.1436331103678929,0.0604217681353881,5.70066889632107,598,1.9110934407112417,1.1923076923076923,3.0384615384615383,-0.4112938717007637
2021-07-30,229.0666656494141,232.509994506836,223.0,223.9199981689453,88969200.0,226.35569053732257,0.0197615212851618,0.0146754472614387,0.1533120543293718,0.0785689536996332,5.371816638370119,589,1.6328679340011782,1.2258064516129032,1.935483870967742,0.032273074612021446
2021-08-02,236.55667114257807,242.31333923339844,232.8000030517578,233.3333282470703,100847400.0,232.66024326994892,0.0278524154513661,0.0159492606661329,0.118225164690382,0.0580978400215152,5.38866930171278,759,1.9298922604939877,1.25,3.5,-0.021650640293955803
2021-08-03,236.5800018310547,240.88333129882807,233.6699981689453,239.6666717529297,64860900.0,235.08278728840568,0.0104123677703109,0.0139292162767343,0.1704488532110092,0.0761643391917941,8.669724770642201,436,1.501128599906807,1.238095238095238,1.9761904761904765,0.029759068973362446
2021-08-04,236.97332763671875,241.63333129882807,236.3099975585937,237.0,51007800.0,236.25120548076623,0.0049702413598111,0.0142225997151865,0.1536221925133689,0.0595603628542755,4.96524064171123,374,1.416426926108088,1.1904761904761905,1.8571428571428568,0.051841553300619125
2021-08-05,238.2100067138672,240.3166656494141,237.1366729736328,238.6666717529297,38758800.0,237.46181122002784,0.0051242309506867,0.0118081071528491,0.153761154855643,0.0610096085047692,4.6272965879265096,381,1.4144246605824315,1.25,1.75,-0.01476895809173584
2021-08-06,233.0333404541016,238.77667236328125,232.5433349609375,237.3000030517578,46869000.0,234.7248657685001,-0.0115258341434602,0.0143730237324194,0.1159447368421052,0.0516601714674935,8.736842105263158,342,1.785350776910808,1.4615384615384617,1.0256410256410255,-0.3938889065757394
2021-08-09,237.9199981689453,239.6766662597656,235.0433349609375,236.72332763671875,44145900.0,236.6995661905313,0.0084128301258834,0.0124201314325171,0.1581689189189189,0.0725526648284507,5.293918918918919,296,1.4774767437139082,1.2857142857142858,2.857142857142857,-0.34437886998057365
2021-08-10,236.663330078125,238.8633270263672,233.9600067138672,237.9966735839844,40296900.0,236.67717104144404,-9.46142379881776e-05,0.011885049327501,0.1049850152905198,0.049721835390964,3.4097859327217126,327,1.218837307136258,1.3448275862068966,0.5172413793103449,-0.01974419131875038
2021-08-11,235.94000244140625,238.3933258056641,234.73666381835932,237.57000732421875,29401800.0,236.22157579118152,-0.001924964914266,0.0074492351365648,0.1432189368770764,0.0546047102425534,5.441860465116279,301,1.264633771812842,1.0666666666666669,0.9333333333333332,0.08318046852946281
2021-08-12,240.75,240.933334350586,233.13333129882807,235.44667053222656,52377300.0,239.0202958677092,0.0118478596510664,0.0077276669371542,0.1174572916666666,0.0805420768939769,4.486979166666667,384,1.5254511607599086,1.5,1.4545454545454546,0.04729739297181368
2021-08-13,239.05667114257807,243.3000030517578,238.1133270263672,241.23666381835932,50194500.0,239.04277702392827,9.405542796048216e-05,0.0076771207507364,0.1782833333333333,0.0676463958747564,3.6458333333333335,288,1.380175120161648,1.125,2.125,-0.037310993298888206
2021-08-16,228.72332763671875,236.5,225.46665954589844,235.02333068847656,68032200.0,232.6650065574485,-0.0266804567194319,0.0129302848674616,0.0623139784946236,0.0300426071017882,10.243727598566307,558,2.302513965982489,1.3076923076923077,2.6923076923076925,-0.7140249358490109
2021-08-17,221.90333557128903,224.8600006103516,216.27999877929688,224.22000122070312,71163900.0,226.0139281122584,-0.0285865010110487,0.0160678486127765,0.1164392220421393,0.0510254592815153,7.249594813614262,617,1.6250467858452082,1.2058823529411764,1.9411764705882355,0.028603512793779373
2021-08-18,229.663330078125,231.92333984375,223.11666870117188,223.25,61048200.0,228.26938256577463,0.0099792719517535,0.0162995049968031,0.1366293103448276,0.0650009087263484,4.009578544061303,522,1.3379235447214868,1.25,1.4285714285714286,-0.07208275981247425
2021-08-19,224.4900054931641,228.8500061035156,222.52999877929688,226.07000732421875,42940500.0,225.93359907859923,-0.0102325746051481,0.0162358622745624,0.10477962529274,0.0245745553089773,5.475409836065574,427,1.7064788891593785,1.434782608695652,2.130434782608696,-0.0010645035654306412
2021-08-20,226.7533264160156,230.7100067138672,224.5666656494141,227.61666870117188,44525700.0,226.44021843463,0.0022423373862801,0.0165057559938674,0.1326485568760611,0.0628472041404076,4.536502546689304,589,1.2161454593414769,1.2647058823529411,1.1176470588235294,-0.25111477077007294
2021-08-23,235.433334350586,237.3766632080078,226.9166717529297,228.47999572753903,60794700.0,231.9982697354584,0.0245453362448198,0.0192512779691082,0.1286609164420485,0.0579060444421117,5.183288409703504,371,1.7206352771698203,1.375,2.1666666666666665,-0.024907147511839867
2021-08-24,236.163330078125,238.4066619873047,234.2133331298828,236.8933258056641,39249300.0,234.57241859242063,0.0110955519620792,0.0200810909714269,0.1883465909090909,0.095394571494798,20.602272727272727,352,1.360091723661845,1.032258064516129,1.032258064516129,0.022018540650606155
2021-08-25,237.0666656494141,238.9900054931641,234.6666717529297,235.6766662597656,37936800.0,236.113948049982,0.0065716569186242,0.0171291471512349,0.1519172284644195,0.0598170601860966,3.524344569288389,267,1.3494436361848117,1.5263157894736843,1.368421052631579,0.010082491673529148
2021-08-26,233.72000122070312,238.46665954589844,232.5399932861328,236.10333251953125,39642900.0,234.6344075422276,-0.0062662139190572,0.0116316513236548,0.2130527950310559,0.0722241392452088,5.87888198757764,322,1.8371291001979773,1.4166666666666667,2.6666666666666665,0.07689462788403034
2021-08-27,237.30667114257807,238.3333282470703,234.0333404541016,235.0,41501400.0,236.28595727414336,0.0070388215829706,0.0114917827608247,0.1868143312101911,0.0970595106001346,4.496815286624204,314,1.5564785041053115,1.0,2.727272727272727,0.047368982806801796
2021-08-30,243.6366729736328,243.6666717529297,237.57666015625,238.2400054931641,55812600.0,240.8289494180653,0.0192266700752388,0.0103182514426114,0.1394709382151029,0.0794283656219133,5.118993135011442,437,1.512105309346788,1.0357142857142858,2.4642857142857144,0.056877126917243004
2021-08-31,245.2400054931641,246.79666137695312,242.14666748046875,244.3333282470703,62566200.0,243.55513199875807,0.0113199953214937,0.0098570679823319,0.154331330472103,0.0680271045624164,3.982832618025751,466,1.7330808449279524,1.1176470588235294,4.764705882352941,-0.004609862342476845
2021-09-01,244.69667053222656,247.3300018310547,243.7566680908203,244.69332885742188,39612900.0,244.2606416119093,0.0028967142156333,0.0079241633810762,0.127226329787234,0.0818818825870942,6.36436170212766,376,1.5765916939933406,1.0740740740740742,1.4444444444444444,6.473250687122345e-05
2021-09-02,244.1300048828125,246.9900054931641,243.51333618164065,244.8333282470703,38331900.0,244.1799036731484,-0.0003305401076003,0.0082105536012665,0.475525,0.2600274549751398,2.817105263157895,760,1.4150164776708898,1.3333333333333333,1.619047619047619,0.013360321521759033
2021-09-03,244.52333068847656,244.6666717529297,241.3999938964844,244.0833282470703,45738300.0,244.39215324127613,0.0008692343838905,0.0083995828071937,0.1707905138339921,0.0776043956425,3.952569169960474,253,1.4811171836570074,1.894736842105263,1.4736842105263157,0.03231987729668617
2021-09-07,250.97332763671875,253.3999938964844,246.4199981689453,246.6666717529297,60119400.0,248.4595427035502,0.0166428807485423,0.0077306482464471,0.1381894056847545,0.0670968683897347,11.914728682170542,387,2.2219732717596026,1.4285714285714286,1.8285714285714283,0.06416469346731901
2021-09-08,251.2899932861328,254.8166656494141,246.92333984375,253.8600006103516,56379000.0,250.2088573670632,0.0070406418867163,0.0077306012284573,0.1524616666666666,0.051474080719034,3.2805555555555554,360,1.346982105325394,1.28125,1.34375,-0.20921825524419546
2021-09-09,251.6199951171875,254.0333404541016,250.5433349609375,251.1366729736328,42233100.0,251.0809884594481,0.0034856123862372,0.0061238387265663,0.1560775316455696,0.0535356398248568,11.075949367088608,316,1.4996459747973534,1.3333333333333333,1.6111111111111112,-0.04631550423800945
2021-09-10,245.42333984375,254.20333862304688,244.83999633789065,253.1999969482422,45552600.0,247.58436931854283,-0.013926260057997,0.0091484446047619,0.1557508968609865,0.0748443866647742,4.468609865470852,446,1.5331842474475157,1.1071428571428572,1.5,-0.0398254431784153
2021-09-13,247.6666717529297,248.259994506836,236.2833404541016,246.73666381835932,68857500.0,247.6352350203508,0.000205447952744,0.0091797355797632,0.1536085043988269,0.0561175357595187,3.9266862170087977,341,1.7039947388629166,1.238095238095238,3.619047619047619,-0.0548098050057888
2021-09-14,248.163330078125,251.4900054931641,245.46665954589844,247.52333068847656,55574700.0,247.96161571534608,0.0013179897237503,0.0091310538997631,0.1661083116883117,0.0698414262569527,4.32987012987013,385,1.5639426667065277,1.35,2.9,-0.0033304421231150627
2021-09-15,251.94332885742188,252.2866668701172,246.1199951171875,248.3333282470703,46073100.0,250.42244977060105,0.0099242539945374,0.009537883233261,0.1586288753799392,0.0622899927851802,7.121580547112462,329,1.7976572354055635,1.1666666666666667,1.875,-0.005278300493955612
2021-09-16,252.3300018310547,252.97000122070312,249.20333862304688,250.94332885742188,41770200.0,251.6013817792713,0.0047077728444482,0.0076903727201131,0.1694590579710145,0.0609579800775817,4.594202898550725,276,1.3451208855260897,1.35,1.5,-0.12636645138263702
2021-09-17,253.163330078125,253.67999267578125,250.0,252.38333129882807,84612600.0,252.56671891663296,0.0038367720023435,0.0074185692283193,0.1812509536784741,0.0817547796629449,8.389645776566757,367,2.2392130936540724,1.5555555555555556,2.555555555555556,-0.0659363605082035
2021-09-20,243.38999938964844,247.3333282470703,239.5399932861328,244.85333251953125,74273100.0,246.89519434373167,-0.022455549952222,0.0115251355270149,0.1081386842105263,0.0593355651950968,3.513157894736842,380,1.5578126413211808,1.238095238095238,3.142857142857143,-0.07517548836767673
2021-09-21,246.4600067138672,248.2466735839844,243.47999572753903,244.92999267578125,48992100.0,246.6262335969919,-0.0010893721421135,0.0103343234005252,0.1512828070175438,0.0694695533213983,4.329824561403509,285,1.4542057617044652,1.1904761904761905,1.0476190476190477,-0.3334477450698614
2021-09-22,250.64666748046875,251.22332763671875,246.3733367919922,247.8433380126953,45378900.0,249.11099838650236,0.0100750222442707,0.0110932107384217,0.2173413533834586,0.0793669163863645,4.951127819548872,266,1.822589693107281,1.0,3.588235294117647,-0.1799914613366127
2021-09-23,251.2133331298828,252.7333374023437,249.30667114257807,251.6666717529297,35842500.0,250.41031271364125,0.0052158047438877,0.0112147088731481,0.1796096153846153,0.0752621762525784,5.2756410256410255,312,1.6271600526932213,1.4615384615384617,2.0,0.062142131850123405
2021-09-24,258.1300048828125,258.26666259765625,248.1866607666016,248.6300048828125,64119000.0,255.18134485687548,0.0190528580533748,0.0127840561872603,0.1342381426202321,0.0770845681642477,8.75290215588723,603,2.5028784289745083,1.4193548387096775,4.129032258064516,0.06629624404013157
2021-09-27,263.78668212890625,266.3333435058594,256.4366760253906,257.7066650390625,84212100.0,260.4997357756468,0.0208416133309206,0.0145284216058625,0.1390912887828162,0.069478915504027,7.052505966587113,838,2.072341007199172,1.6046511627906976,3.488372093023256,-0.2819386348128319
2021-09-28,259.1866760253906,265.2133178710937,255.3933258056641,262.3999938964844,76144200.0,259.688220220729,-0.0031152260193334,0.0148604476572687,0.1547064569536423,0.0837433054285954,4.817880794701987,604,1.457594855384364,1.5294117647058822,1.6470588235294117,-0.07234189100563526
2021-09-29,260.4366760253906,264.5,256.8933410644531,259.9333190917969,62828700.0,260.150791347087,0.0017812557148908,0.0095085052580023,0.2017272,0.0687734061245125,9.330666666666668,375,1.9704381716149608,1.1290322580645162,2.2580645161290325,-0.14051618799567223
2021-09-30,258.49334716796875,263.0433349609375,258.3333435058594,260.3333435058594,53868000.0,259.12643450993625,-0.0039375503408871,0.0099880309530909,0.1877863517060367,0.0853298296833636,4.288713910761155,381,1.4672178962224791,1.0909090909090908,1.8636363636363635,-0.27737362310290337
2021-10-01,258.4066772460937,260.260009765625,254.52999877929688,259.4666748046875,51094200.0,258.68160005723195,-0.0017166695229129,0.0103947444982114,0.1599197183098591,0.068308167488129,6.822535211267605,355,2.230355988412261,1.181818181818182,3.409090909090909,-0.09797284845262766
2021-10-04,260.510009765625,268.989990234375,258.7066650390625,265.5,91449900.0,259.8116194023792,0.0043683792929114,0.0104028040006749,0.1361713733075435,0.0550791684065919,6.214700193423598,517,1.3252673637222745,1.1095890410958904,1.904109589041096,-0.010048165917396545
2021-10-05,260.1966552734375,265.7699890136719,258.0666809082031,261.6000061035156,55297800.0,260.04958465758114,0.0009159145990058,0.0084980537044307,0.1316242857142857,0.0690953769049206,5.283333333333333,420,1.390530266841395,1.2058823529411764,1.6176470588235294,0.010481704026460648
2021-10-06,260.9166564941406,262.2200012207031,257.739990234375,258.7333374023437,43898400.0,260.5854645232627,0.0020606834130776,0.0030407956756197,0.1710239361702127,0.0824033394972724,4.095744680851064,376,1.6574392698139244,1.434782608695652,4.217391304347826,-0.008790060877799988
2021-10-07,264.53668212890625,268.3333435058594,261.1266784667969,261.82000732421875,57587400.0,263.0274513004974,0.009371154994014,0.0042826564092799,0.154093634840871,0.064033454590864,10.834170854271356,597,3.521949115341206,1.1428571428571428,4.666666666666667,-0.3253589319065213
2021-10-08,261.8299865722656,265.4599914550781,260.3033447265625,265.4033203125,50215800.0,262.287377398121,-0.0028136755259468,0.004630254983626,0.1536548596112311,0.0711349118183717,5.172786177105832,463,1.4740593865055838,1.3333333333333333,1.25,0.059181034564971924
2021-10-11,263.9800109863281,267.0799865722656,261.8333435058594,262.54998779296875,42600900.0,263.3334824861327,0.0039883928017772,0.0041106687669939,0.1691954545454545,0.0468462726811316,6.808080808080808,396,2.033171641341674,1.4827586206896552,3.793103448275862,0.04590732418000698
2021-10-12,268.5733337402344,270.7733459472656,265.5233459472656,266.9766540527344,66060000.0,266.5718886571613,0.012297737987797,0.0051129253177047,0.101672335600907,0.0397954488701978,7.124716553287982,441,1.4441967207415694,1.3235294117647058,1.5,-0.21738335862755775
2021-10-13,270.3599853515625,271.8033447265625,268.59332275390625,270.1566772460937,42360300.0,268.91306116697234,0.0087825183728282,0.0053858624236887,0.14279,0.053812423015959,4.088095238095238,420,1.4110891259655258,1.28125,1.8125,-0.33224763721227646
2021-10-14,272.7733459472656,273.4166564941406,271.1166687011719,271.8299865722656,36741600.0,271.29884836744753,0.0088719647536712,0.005231599982564,0.1669498783454988,0.0579210479136334,11.340632603406323,411,1.308913862749245,1.4375,1.59375,-0.006334882229566574
2021-10-15,281.010009765625,281.07000732421875,274.1166687011719,274.5799865722656,56773800.0,277.3006761817572,0.0221225701857044,0.0076150831794424,0.1080219607843137,0.0483223357670552,10.145098039215686,765,2.7407673010073297,1.263157894736842,3.973684210526316,-0.2535861413925886
2021-10-18,290.03668212890625,291.7533264160156,283.8233337402344,283.92999267578125,72621600.0,285.1719607380161,0.0283853781557303,0.0105987751549294,0.1360696999031946,0.065834120193944,8.507260406582768,1033,1.7670341957982156,1.2058823529411764,2.426470588235294,-0.018043816089630127
2021-10-19,288.0899963378906,292.6499938964844,287.5033264160156,292.510009765625,52143300.0,286.9754059191208,0.0063240620727136,0.0089537885075301,0.1254189445196211,0.0525651379123906,14.89851150202977,739,3.038856923720347,1.183673469387755,2.0816326530612246,-0.009519503451883793
2021-10-20,288.6000061035156,289.8299865722656,285.7933349609375,288.45001220703125,42096300.0,287.9794640512061,0.003498760212115,0.0090371493268094,0.0864444141689373,0.0485646623513603,5.823796548592189,1101,1.6875276708741498,1.275,1.875,-0.05174129083752632
2021-10-21,298.0,300.0,285.1666564941406,285.3333435058594,94444500.0,294.1724958530509,0.0215051160757198,0.0095885315522859,0.1015081414473684,0.0534644010053309,12.136513157894736,1216,2.5771125444095166,1.431818181818182,3.6818181818181817,-0.20938518457114697
2021-10-22,303.2266540527344,303.3333435058594,296.9866638183594,298.5,68642400.0,299.7682733599739,0.0190220961708067,0.0094012438977693,0.143663133097762,0.0731354831714688,5.917550058892815,849,1.6291028655869384,1.131578947368421,3.1842105263157894,-0.21035214141011238
2021-10-25,341.6199951171875,348.3399963378906,314.7333374023437,316.84332275390625,188556300.0,325.63405989363537,0.0862859376135538,0.0277298942936651,0.1206292333333333,0.0552098428705854,14.683666666666667,3000,2.658336857087353,1.2202380952380951,2.619047619047619,-0.049501994624733925
2021-10-26,339.4766540527344,364.9800109863281,333.8133239746094,341.5633239746094,187245000.0,334.18925357642934,0.0262724166065073,0.027659123885659,0.1298757757009346,0.0588705866133914,8.611214953271029,2675,1.5120130517014487,1.251968503937008,1.5039370078740155,-0.1250309757888317
2021-10-27,345.9533386230469,356.9599914550781,343.59332275390625,346.5533447265625,115579500.0,341.4598579817834,0.0217559491442211,0.0277302776809721,0.1595620437956204,0.0629905859053571,7.0590577305905775,1507,1.6766772682066298,1.2105263157894737,2.456140350877193,0.013878501951694489
2021-10-28,359.0133361816406,360.3333435058594,351.3999938964844,356.10333251953125,81639600.0,352.3085041300755,0.031771366076275,0.0262935198556192,0.1496980420594633,0.0616566001330616,8.293691080493112,1379,1.965427805940141,1.1428571428571428,2.2857142857142856,-0.1960799414664507
2021-10-29,371.3333435058594,371.7366638183594,357.7366638183594,360.6199951171875,89755200.0,364.06650149481726,0.0333741514238343,0.0235538594808233,0.105725197368421,0.058815405772932,13.87763157894737,1520,2.6470300464207024,1.0813953488372092,3.686046511627907,-0.04404778592288494
2021-11-01,402.86334228515625,403.25,372.88665771484375,381.6666564941406,168146100.0,388.0442677593651,0.065860951683546,0.0254344227261762,0.113047231638418,0.053031331275096,15.991337099811677,2655,3.2156939540558698,1.1691176470588236,3.3455882352941178,-0.22100054379552603
2021-11-02,390.6666564941406,402.86334228515625,382.0,386.4533386230469,128213400.0,389.6649931291712,0.0041766507186524,0.0280227160484361,0.1019051787916153,0.0519598842212452,10.648993012741473,2433,2.534047096550226,1.2980769230769231,1.7211538461538465,0.03878302127122879
2021-11-03,404.6199951171875,405.1300048828125,384.2066650390625,392.4433288574219,103885500.0,398.9076926595875,0.0237196045151337,0.0186517783828397,0.1326005567153792,0.0490400253367121,6.541405706332638,1437,1.7026026034640152,1.2173913043478262,3.0,-0.050485068932175636
2021-11-04,409.9700012207031,414.4966735839844,405.6666564941406,411.4700012207031,76192200.0,405.7445753443959,0.0171390093763941,0.0192306948505809,0.1239055846422338,0.0585476551274572,11.268179173938336,1719,2.316674324971047,1.1428571428571428,2.8035714285714284,-0.009646734222769737
2021-11-05,407.36334228515625,413.2900085449219,402.6666564941406,409.3333435058594,64886400.0,406.7450283336505,0.0024657211705305,0.0215587488197127,0.1349337931034482,0.0654279587149887,6.981896551724138,1160,2.021844617790124,1.173913043478261,3.108695652173913,-0.4477666327729821
2021-11-08,387.6466674804688,399.0,377.6666564941406,383.2633361816406,100337100.0,394.9415921969738,-0.0290192511633957,0.0294219239490503,0.1030771244635193,0.0467901088869901,7.451502145922746,2330,1.46710404797672,1.4444444444444444,1.4074074074074074,-0.07819300144910812
2021-11-09,341.1666564941406,391.5,337.17333984375,391.2000122070313,177317400.0,361.7068541897827,-0.0841510204643514,0.0467993240065901,0.0881613124387855,0.0416703732617963,6.759059745347698,2042,1.8079177531960569,1.4946236559139785,2.419354838709677,-0.05993237346410751
2021-11-10,355.9833374023437,359.3666687011719,329.10333251953125,336.8033447265625,128408100.0,358.1695262799648,-0.0097795434862341,0.0367101760385736,0.1085157498552403,0.060187777963969,5.964678633468442,1727,1.5137942221240457,1.265625,2.375,-0.21548380702733994
2021-11-11,354.5033264160156,368.3233337402344,351.5599975585937,367.5899963378906,67189800.0,355.903690154494,-0.0063261555191596,0.0362082692667397,0.1120240219092331,0.0483506872631262,6.996087636932708,1278,1.7811537822021453,1.7272727272727273,1.5324675324675323,-0.06795100308954716
2021-11-12,344.47332763671875,351.5,339.7333374023437,349.1666564941406,76719300.0,348.83933761477607,-0.0198490567396234,0.0325486311362647,0.1252666666666666,0.0525751643720211,4.803080308030803,909,1.4089417399996729,1.9534883720930232,1.6046511627906976,-0.011498935520648956
2021-11-15,337.7966613769531,343.99334716796875,326.20001220703125,339.2099914550781,104326800.0,342.0145883730407,-0.0195641617955139,0.0285622560627815,0.1053824619457313,0.0614397928213917,7.242223692918597,1511,1.631803253941467,1.2933333333333332,2.44,0.07878039963543415
2021-11-16,351.57666015625,352.3999938964844,334.0599975585937,334.4366760253906,79627200.0,347.9242737379304,0.0172790447126889,0.0312502619054967,0.1258024747937672,0.0684092229620556,8.24197983501375,1091,2.1721148621438062,1.3333333333333333,2.055555555555556,-0.028514452278614044
2021-11-17,363.0033264160156,373.21331787109375,351.8333435058594,354.5033264160156,94336200.0,357.2436408111372,0.026785619103502,0.0358330929332665,0.1384535149384886,0.067485133837718,5.586115992970123,1138,1.6171251136998246,1.4848484848484849,3.484848484848485,-0.1410230416804552
2021-11-18,365.4599914550781,370.6666564941406,358.3399963378906,368.8500061035156,62696700.0,362.32162477257975,0.0142143438856259,0.0188387687320332,0.1423849115504682,0.0625114293674472,6.710718002081165,961,1.5313161342072426,1.1794871794871795,2.871794871794872,0.009093174710869789
2021-11-19,379.0199890136719,379.5733337402344,364.23333740234375,366.2900085449219,64926900.0,372.6417814301005,0.028483413497603,0.020839609735287,0.1159072202166065,0.0674549735652858,6.031287605294826,831,1.3456805324586645,1.3125,1.4583333333333333,0.0011552628129720688
2021-11-22,385.6233215332031,400.6499938964844,377.4766540527344,387.4433288574219,99217500.0,380.6648144401378,0.0215301488181141,0.0207842470179765,0.1425402480270575,0.0806355020166715,6.496054114994363,887,1.41774747879353,1.1153846153846154,1.5128205128205128,-0.2396636512130499
2021-11-23,369.6766662597656,393.5,354.2333374023437,389.1700134277344,108515100.0,373.8737653912475,-0.0178399704708148,0.0203145020430722,0.1317200700116686,0.0425284542942491,4.663943990665111,857,1.4273112599132485,1.125,3.05,-0.02787444368004799
2021-11-24,372.0,377.5899963378906,354.0,360.1300048828125,67680600.0,372.7157146925133,-0.00309743770741,0.0169836250819385,0.1629489705882353,0.0640500430232925,4.642647058823529,680,1.2374333923755827,1.4047619047619049,0.9285714285714286,0.004939625971019268
2021-11-26,360.6400146484375,369.5933227539063,360.3333435058594,366.489990234375,35042700.0,365.25252162732585,-0.0200238218325312,0.0206772455432535,0.1258434540389972,0.0444264238193382,5.607242339832869,359,1.37959687629889,1.2,1.16,-0.1870767492800951
2021-11-29,378.9966735839844,380.8900146484375,366.7300109863281,366.9966735839844,58393500.0,373.7468746830842,0.0232561106434339,0.0201550772917131,0.1618487091222031,0.0767854724372059,5.387263339070568,581,2.01598688048644,1.181818181818182,5.409090909090909,-0.006117518991231918
2021-11-30,381.586669921875,389.3333435058594,372.6666564941406,381.4566650390625,81276000.0,378.5921346054965,0.0129640145526856,0.0200822362287856,0.1180210995542347,0.0412553472802396,4.74591381872214,673,1.3066417070670036,1.1666666666666667,0.8333333333333334,-0.23639052640646696
2021-12-01,365.0,390.9466552734375,363.586669921875,386.8999938964844,68450400.0,370.191733439636,-0.0221885253232053,0.0199559411086346,0.1188296625222024,0.0579030592394666,3.708703374777975,563,1.262395338064013,1.1666666666666667,0.75,-0.08400154300034046
2021-12-02,361.5333251953125,371.0,352.2166748046875,366.3533325195313,73114800.0,364.8405428561718,-0.0144551865968038,0.0177685849817164,0.1325258188824662,0.0632679984953967,6.227360308285164,519,1.5958235435094048,1.3783783783783785,1.7837837837837838,-0.1087477058172226
2021-12-03,338.3233337402344,363.5266723632813,333.4033203125,361.5966796875,92322000.0,348.4520063357339,-0.0449197240858688,0.0229815012753283,0.105367817679558,0.0551967465571665,26.75138121546961,724,7.740875993241777,1.125,5.625,-0.17422907426953316
2021-12-06,336.336669921875,340.5466613769531,316.8333435058594,333.836669921875,81663000.0,340.96431664682984,-0.0214884390181691,0.0231408184707088,0.1102668454935622,0.0499381691474159,5.197424892703863,932,1.7723415507355107,1.5333333333333334,4.1,-0.10147958248853683
2021-12-07,350.5833435058594,352.5566711425781,342.2699890136719,348.0666809082031,56084700.0,346.90920218440823,0.0174355064366928,0.0253152032776469,0.1144386996904024,0.0530400540206097,6.973684210526316,646,2.406937545139811,1.1363636363636365,2.909090909090909,-0.30361152067780495
2021-12-08,356.32000732421875,357.4599914550781,344.3333435058594,350.9033203125,41906400.0,352.7253996223133,0.0167657629180253,0.0241101077281245,0.1295228161668839,0.0651382255822084,10.585397653194264,767,2.014600722752598,1.2424242424242424,2.1515151515151514,0.03066628985106945
2021-12-09,334.6000061035156,354.163330078125,334.1199951171875,353.5466613769531,59438400.0,341.5232903682293,-0.0317587258135616,0.0235530893761965,0.1000240318906606,0.0460517644442022,4.378132118451025,878,1.8978406037752875,1.375,5.3125,-0.036516706459224224
2021-12-10,339.010009765625,340.32666015625,327.510009765625,336.25,59664300.0,339.96999753255403,-0.0045481315022484,0.0235211625474638,0.0802120985010706,0.0435216614286626,11.014989293361884,934,3.8849795692942233,1.4230769230769231,2.769230769230769,-0.1679031252861023
2021-12-13,322.1366577148437,335.0,317.1400146484375,333.6966552734375,78595500.0,328.9483873922822,-0.0324193611797065,0.0247977932323293,0.1250825850340136,0.0742009524137971,7.526530612244898,735,3.5087097363955246,1.375,8.3125,-0.19240516796708107
2021-12-14,319.5033264160156,322.1366577148437,310.0,315.0,70806300.0,323.1110186831342,-0.0177455459059197,0.0210747283618042,0.1091167070217917,0.0513874309500293,5.117433414043584,826,1.403035736581629,1.45,1.925,-0.09004276245832443
2021-12-15,325.3299865722656,326.25,309.4166564941406,317.7366638183594,75169200.0,324.482416258562,0.0042443540954346,0.021090370305102,0.1225197860962566,0.0506305740713337,15.184491978609625,748,4.037777634195468,1.36,2.96,-0.35218919068574905
2021-12-16,308.97332763671875,331.6600036621094,307.2833251953125,331.5,82771500.0,314.8972723557286,-0.0295397945237054,0.0194833326225699,0.0984087815587266,0.0489747273946218,4.613611416026345,911,1.3833742257502364,1.162790697674419,1.813953488372093,-0.07674765959382057
2021-12-17,310.8566589355469,320.2200012207031,303.0133361816406,304.92333984375,100437300.0,312.4000359266573,-0.0079303209278047,0.0147305813117291,0.0888751814223512,0.0598078153089285,9.226415094339623,689,2.8574827462221712,1.32,3.64,0.020077047869563103
2021-12-20,299.9800109863281,307.2300109863281,297.7966613769531,303.5666809082031,56480100.0,304.7240383724125,-0.0245710520854323,0.0137567745203923,0.1044255250403877,0.0570489562450764,4.516962843295638,619,1.9861346445531929,1.1538461538461535,5.269230769230769,0.03679783456027508
2021-12-21,312.84332275390625,313.1666564941406,295.3733215332031,305.6233215332031,71517900.0,309.74203208450183,0.0164673379195527,0.0182503165527031,0.0739280991735537,0.0530843012701192,4.295867768595041,605,1.8915422636784116,1.0952380952380951,3.333333333333333,-0.014642228372395039
2021-12-22,336.2900085449219,338.5533447265625,319.01666259765625,321.8866577148437,93634200.0,326.1495838695736,0.0529716670180415,0.0287053832203677,0.1194140284360189,0.0366270059408954,5.483412322274882,1055,1.56251703115947,1.7169811320754718,1.69811320754717,0.10030638240277767
2021-12-23,355.6666564941406,357.6600036621094,332.5199890136719,335.6000061035156,92713200.0,344.3921379999551,0.0559330903137889,0.034425224229311,0.1087628988149498,0.0473470104774365,9.45123062898815,1097,2.893420333087027,1.6923076923076923,2.6153846153846154,-0.15813675429672003
2021-12-27,364.6466674804688,372.3333435058594,356.9066772460937,357.8900146484375,71145900.0,356.91012564504933,0.0363480644993583,0.0356993806259031,0.107245281124498,0.0462822323877084,7.316265060240964,996,2.3824185866257976,1.380952380952381,7.380952380952381,-0.427865082398057
2021-12-28,362.8233337402344,373.0,359.47332763671875,369.8299865722656,60324000.0,360.56468923042473,0.0102394505585137,0.0303314045907393,0.1199729891956782,0.0471503384324727,5.691476590636254,833,1.7500766169571214,1.368421052631579,3.421052631578948,-0.06419279053807259
2021-12-29,362.0633239746094,368.0,354.7133178710937,366.21331787109375,56154000.0,361.49089643905234,0.0025687684798099,0.028952799262143,0.1018547359597653,0.0470255933952977,6.600167644593462,1193,2.0271274101794066,1.4166666666666667,3.583333333333333,-0.15664597414433956
2021-12-30,356.7799987792969,365.1833190917969,351.04998779296875,353.77667236328125,47040900.0,358.57940156780114,-0.0080541305463887,0.0249802607819484,0.0988920801526717,0.0376467066824342,5.266221374045801,1048,1.6165436622370473,1.5238095238095235,4.857142857142857,-0.08087518997490406
2021-12-31,352.260009765625,360.6666564941406,351.5299987792969,357.8133239746094,40733700.0,354.67380264582886,-0.0108918663618043,0.028242765875802,0.0967172043010752,0.0505479128911457,12.271505376344086,744,2.001512155758051,1.5925925925925926,2.4074074074074074,-0.07868291065096855
2022-01-03,399.9266662597656,400.3566589355469,378.6799926757813,382.5833435058594,103931400.0,382.6416104475052,0.0788550143626043,0.0343354590517171,0.1095734676007005,0.05710678377336,13.47985989492119,2284,2.271760652843122,1.2258064516129032,3.774193548387097,0.03413846902549267
2022-01-04,383.1966552734375,402.6666564941406,374.3500061035156,396.51666259765625,100248300.0,382.9846470152111,0.0008964957243013,0.0319052621471286,0.1365567335243553,0.0561332282096967,7.104297994269341,1745,1.660875510472824,1.3064516129032258,2.564516129032258,-0.11255510523915291
2022-01-05,362.7066650390625,390.11334228515625,360.336669921875,382.2166748046875,80119800.0,370.4521649306935,-0.0327231970842419,0.0349900201173195,0.1388431642304385,0.0575768566551882,4.718830610490111,1163,1.6611323516043444,1.1794871794871795,3.5384615384615383,-0.13647689297795296
2022-01-06,354.8999938964844,362.6666564941406,340.1666564941406,359.0,90336600.0,360.8403946327007,-0.0259460497411078,0.036855257389614,0.0944926751592356,0.047382352218468,4.6963906581740975,942,1.6342034670388006,1.0333333333333334,3.966666666666667,-0.1050772424787283
2022-01-07,342.32000732421875,360.30999755859375,336.6666564941406,360.1233215332031,84164700.0,349.3941657912467,-0.0317210296067465,0.0387891967825187,0.1050547453703703,0.0494819530248208,3.5972222222222223,864,1.6277672533977128,1.15,4.6,0.037052784115076065
2022-01-10,352.7066650390625,353.0333251953125,326.6666564941406,333.3333435058594,91815000.0,351.4414029141053,0.0058593912643687,0.0389166354421323,0.107522346368715,0.045129830882823,5.198324022346369,1074,2.074696058481581,1.4193548387096775,6.354838709677419,0.05333066079765558
2022-01-11,354.79998779296875,358.6166687011719,346.2733459472656,351.22332763671875,66063300.0,353.5171225233444,0.0059063035602164,0.0388118995978634,0.1389876741693461,0.050662074042412,11.906752411575562,933,3.2525197570001887,1.2285714285714286,2.3714285714285714,-0.12206830456852913
2022-01-12,368.739990234375,371.61334228515625,357.5299987792969,359.6166687011719,83739000.0,362.9253721750046,0.026613278543641,0.0229320365884846,0.0895637619553666,0.0526956054894703,10.093517534537726,941,3.276943671349012,1.4,2.3,-0.14402469620108604
2022-01-13,343.85333251953125,371.8666687011719,342.17999267578125,369.6900024414063,97209900.0,351.13820343313625,-0.0324782163099485,0.0243678892651405,0.0954593908629441,0.0515001881835589,8.877157360406091,985,2.672657472226804,1.261904761904762,2.5,-0.036439879797399044
2022-01-14,349.8699951171875,350.6666564941406,337.7933349609375,339.9599914550781,72924300.0,350.35440758906464,-0.0022321576986163,0.0227309399440222,0.0878294771968854,0.0435488906086573,11.791991101223582,899,3.153528072959504,1.6,1.65,0.11077049747109413
2022-01-18,343.5033264160156,356.92999267578125,338.6866760253906,342.2033386230469,66743400.0,346.1202065644359,-0.0120854795398923,0.0214454067452921,0.1072882731958762,0.0398998480783367,11.001288659793817,776,3.37029076321788,1.3,4.0,-0.021076625213027
2022-01-19,331.8833312988281,351.5566711425781,331.6666564941406,347.2366638183594,75442500.0,337.3213337566976,-0.0254214363705467,0.0202732699042638,0.1078340108401084,0.0455462816757738,15.718157181571817,738,4.304691359053757,1.4482758620689655,3.413793103448276,-0.06778602860867977
2022-01-20,332.0899963378906,347.2200012207031,331.3333435058594,336.57666015625,70488600.0,334.08818942525573,-0.0095847609027119,0.0197491687725885,0.1483963337547408,0.0672748630560497,13.13527180783818,791,4.459682837519977,1.44,3.84,-0.38584741577506065
2022-01-21,314.6333312988281,334.8500061035156,313.5,332.11334228515625,103416000.0,322.0644258568164,-0.035989789370059,0.0214471339308112,0.1077793168880455,0.0554090765497436,12.664136622390892,1054,4.29915298162547,1.125,4.46875,-0.2938466425985098
2022-01-24,310.0,311.1700134277344,283.8233337402344,301.586669921875,151565700.0,314.6082006225508,-0.0231513468599617,0.0124992545068953,0.0807361932227829,0.0487711630131282,21.73323720259553,1387,5.87967374028265,1.1578947368421053,4.0,-0.6411917069926858
2022-01-25,306.1333312988281,317.086669921875,301.07000732421875,304.7333374023437,86595900.0,309.3704433302763,-0.0166485084683423,0.0112648681101401,0.105454538341158,0.0420302985461315,4.671361502347418,1278,1.5118232203334676,1.147540983606557,2.80327868852459,-0.22225769981741905
2022-01-26,312.4700012207031,329.2300109863281,302.0,317.4766540527344,104867400.0,311.286075456658,0.0061920334268539,0.0134520211127628,0.0722692795650203,0.0392901778418264,10.859990937924785,2207,4.398441052035286,1.1956521739130437,2.847826086956522,-0.00965653732419014
2022-01-27,276.3666687011719,311.7966613769531,276.3333435058594,311.1199951171875,147109500.0,289.70469521478486,-0.069329732177108,0.0236982883783699,0.0796001994017946,0.0528621223775436,7.086241276171486,2006,2.151706182432199,1.380952380952381,4.603174603174603,0.006372101604938507
2022-01-28,282.1166687011719,285.8333435058594,264.0033264160156,277.1866760253906,134789100.0,285.01503692183667,-0.0161877193238836,0.0239170028702813,0.094044157814871,0.0556963373302058,5.333080424886191,1318,1.6441093430877802,1.1272727272727272,2.618181818181818,-0.23871895112097263
2022-01-31,312.239990234375,312.663330078125,287.3500061035156,290.9033203125,104436000.0,301.8409834111144,0.0590352939655325,0.0395428535152399,0.0899174568965517,0.0533497937127833,12.233836206896552,928,4.098241077651516,1.2,4.666666666666667,-0.06237758509814739
2022-02-01,310.4166564941406,314.5666809082031,301.6666564941406,311.7366638183594,73138200.0,307.1410408528322,0.0175591047372749,0.0396972508063823,0.1024740127388535,0.034628035874548,5.946496815286624,785,1.5812556953213537,1.1538461538461535,1.8205128205128205,-0.00974544882774353
2022-02-02,301.8866577148437,310.5,296.4700012207031,309.3933410644531,66792900.0,303.89365348364095,-0.0105729516321696,0.0390753099784399,0.1310574344023323,0.0507540423906478,4.37463556851312,686,1.826747598606912,1.238095238095238,5.476190476190476,-0.7490172060206532
2022-02-03,297.0466613769531,312.3333435058594,293.50665283203125,294.0,78855600.0,299.66197964100564,-0.0139248509935173,0.0389449539680942,0.1132452459016393,0.0498649547556819,4.139890710382514,915,1.7427551180358214,1.105263157894737,6.631578947368421,-0.2262058351188898
2022-02-04,307.7733459472656,312.1666564941406,293.72332763671875,299.0733337402344,73625400.0,304.675079713475,0.0167291829229554,0.0395977582524066,0.1268266910420475,0.0637030616923301,3.846435100548446,547,1.5700740187375375,1.1,3.15,0.11359448917210102
2022-02-07,302.4466552734375,315.92333984375,300.9033203125,307.92999267578125,60994500.0,303.29783766817087,-0.0045203632886526,0.0268662099382296,0.1584642126789366,0.0647286228257947,5.184049079754601,489,1.9119292179639045,1.44,4.68,-0.46290300879627466
2022-02-08,307.3333435058594,308.7633361816406,298.26666259765625,301.84332275390625,50729100.0,305.79191743766097,0.0082232032666806,0.0248851073128649,0.1267832151300236,0.0621540122656491,4.122931442080378,423,1.3719839000848475,1.25,1.3571428571428572,-0.014961445704102516
2022-02-09,310.6666564941406,315.42333984375,306.6666564941406,311.6666564941406,52259400.0,308.804671860852,0.0098523023382566,0.0129172969305815,0.1444923611111111,0.0783585112819157,4.002314814814815,432,1.5129331034510092,1.25,2.25,-0.05968005210161209
2022-02-10,301.51666259765625,314.60333251953125,298.8999938964844,302.7900085449219,66126900.0,304.30043442587294,-0.0145860404502192,0.0127303305233621,0.0833690176322418,0.0439312078565107,4.100755667506297,397,1.8305314739049643,1.4,2.6666666666666665,-0.04597938992083073
2022-02-11,286.6666564941406,305.32000732421875,283.5666809082031,303.2099914550781,79645800.0,293.40216031399456,-0.0358141917622966,0.0182060408137011,0.0556846715328467,0.0337830250033355,4.900243309002433,411,1.9423883258240917,1.1578947368421053,3.473684210526316,-0.0627971962094307
2022-02-14,291.9200134277344,299.6266784667969,284.3833312988281,287.19000244140625,67756500.0,292.4861431619659,-0.0031220531950014,0.0177623245780842,0.0975471830985915,0.0608130350961295,5.143192488262911,426,1.4967114602506313,1.2894736842105263,2.210526315789474,-0.044230854138731956
2022-02-15,307.4766540527344,307.6666564941406,297.7933349609375,300.0,57286200.0,301.7507884011863,0.0316755014068821,0.0211494464597369,0.144546511627907,0.0592969086230369,5.320413436692506,387,1.5561001348488224,1.92,1.76,0.0410217996686697
2022-02-16,307.7966613769531,308.8099975585937,300.4033203125,304.6833190917969,51294300.0,305.4873433918747,0.0123829170769904,0.0216638129540846,0.1602218068535825,0.0657302054298582,3.996884735202492,321,1.3404668827599262,1.5,0.75,-0.03147783689200878
2022-02-17,292.1166687011719,306.1666564941406,291.3666687011719,304.4200134277344,55178400.0,297.2238119805024,-0.0270503233280338,0.0237664578298978,0.0861009671179884,0.0696765319210364,3.5106382978723403,517,1.43249736807092,1.238095238095238,2.142857142857143,-0.29699021205306053
2022-02-18,285.6600036621094,295.6233215332031,279.2033386230469,295.3333435058594,68501700.0,290.0769854003468,-0.0240452692283767,0.0239715246041897,0.1234332007952286,0.0656898296536586,3.6560636182902586,503,1.4924672319669268,1.7058823529411764,1.7941176470588236,-0.13016972318291664
2022-02-22,273.84332275390625,285.57666015625,267.0333251953125,278.0433349609375,83288100.0,280.04403012294694,-0.034587215747409,0.0259104319561455,0.0498609715242881,0.0435122289435746,8.122278056951425,597,1.6315537122444534,1.1875,3.875,0.025550616905093193
2022-02-23,254.67999267578125,278.4333190917969,253.5200042724609,276.8099975585937,95256900.0,264.36819288867343,-0.0559763306769702,0.0298793255172193,0.0773211477151966,0.0426175352036834,11.768331562167909,941,4.283655687198914,1.1538461538461535,6.153846153846154,-0.02123212441802025
2022-02-24,266.92333984375,267.49334716796875,233.3333282470703,233.4633331298828,135322200.0,265.9473605531616,0.0059733648259006,0.0306390483240527,0.1149029927760578,0.0443678418228761,4.880288957688339,969,1.8321102904259252,1.3076923076923077,3.423076923076923,-0.07070568576455116
2022-02-25,269.9566650390625,273.1666564941406,260.79998779296875,269.74334716796875,76067700.0,268.42524699669576,0.0093172063764057,0.0260103954543064,0.0757428571428571,0.0315110088853462,3.388392857142857,448,1.3411999404655572,1.3703703703703705,1.4074074074074074,-0.4516345849260688
2022-02-28,290.1433410644531,292.28668212890625,271.57000732421875,271.6700134277344,99006900.0,281.8477673014373,0.0500046864254417,0.0351885799269938,0.1410377850162866,0.044678580873531,5.12214983713355,614,1.8449692279455985,1.2,4.36,0.048560913652181625
2022-03-01,288.1233215332031,296.6266784667969,284.59332275390625,289.8933410644531,74766900.0,285.7262731149118,0.0137609953437256,0.0354484505916627,0.1220459584295612,0.043710785414152,3.780600461893764,433,1.6646684333281727,1.2,2.2666666666666666,-0.03340818174183369
2022-03-02,293.2966613769531,295.49334716796875,281.42333984375,290.7099914550781,74643300.0,290.40503036888657,0.0163749633625505,0.0351347518052713,0.0342282805429864,0.0233156215080155,3.1085972850678734,442,1.2423404436131122,1.28125,0.71875,-0.07653844729065895
2022-03-03,279.7633361816406,295.4800109863281,277.5333251953125,292.92333984375,61623600.0,283.8281016632864,-0.0226474338176783,0.0333825418003365,0.1065110864745011,0.0509797714436447,3.5454545454545454,451,1.5559791795208846,1.3529411764705883,1.2941176470588236,-0.5067303497344255
2022-03-04,279.42999267578125,285.2166748046875,275.0533447265625,283.0333251953125,66999600.0,281.1099208227818,-0.0095768559370107,0.0227828741868304,0.0491988687782805,0.0264105179947597,6.852941176470588,442,2.1671073733931348,1.380952380952381,2.095238095238096,0.011665519326925278
2022-03-07,268.1933288574219,288.7133178710937,268.19000244140625,285.4333190917969,72494100.0,273.12702796937555,-0.0283977628041056,0.0268857229514138,0.0913416,0.0434772526873479,4.85,500,2.103453365949413,1.3636363636363635,6.363636363636363,-0.282971179112792
2022-03-08,274.79998779296875,283.3299865722656,260.72332763671875,265.1766662597656,80399100.0,274.1609740021692,0.0037855866571709,0.0267886032071806,0.0509374722838137,0.0258316418278671,3.937915742793792,451,1.6730729506441795,1.1428571428571428,2.7857142857142856,-0.0697803646326065
2022-03-09,286.3233337402344,286.85333251953125,277.336669921875,279.82666015625,59184000.0,281.67772570369675,0.0274172928108582,0.0209544147793042,0.1079010695187165,0.0650407424305532,3.671122994652406,374,1.8517580813836632,1.181818181818182,3.636363636363636,-0.056481871753931046
2022-03-10,279.4333190917969,284.8166809082031,270.1199951171875,283.8166809082031,58648500.0,280.29060613296764,-0.0049244915169055,0.0200970940041823,0.1316513452914798,0.0634643080454761,5.116591928251121,446,1.6602431919626677,1.5454545454545454,1.7727272727272727,-0.3287102375179529
2022-03-11,265.1166687011719,281.26666259765625,264.5899963378906,280.0666809082031,67037100.0,270.9125970569536,-0.0334581640298183,0.0210715704067296,0.067074173553719,0.034286293279215,4.398760330578512,484,1.8768454061266644,1.3571428571428572,3.7857142857142856,-0.29553909972310066
2022-03-14,255.4566650390625,266.8999938964844,252.01333618164065,260.2033386230469,71152200.0,261.3603057420892,-0.0352596793897194,0.0228303792470176,0.0958329181494661,0.0425404634628622,4.02846975088968,562,1.8042536856088616,1.2352941176470589,5.352941176470588,-0.018093064427375793
2022-03-15,267.2966613769531,268.5233459472656,252.19000244140625,258.42333984375,66841200.0,265.02917529374207,0.0140375928212808,0.024817952350807,0.1029764453961456,0.0403091192833144,3.498929336188437,467,1.738540085079721,1.5625,3.5,0.3077418599277735
2022-03-16,280.07666015625,280.6666564941406,267.4200134277344,269.6666564941406,84028800.0,274.3290323839715,0.0350899370981403,0.0276132534852474,0.1003057395143487,0.0458619193109224,4.216335540838852,453,1.4435887896822324,1.2,2.45,-0.20956180710345507
2022-03-17,290.5333251953125,291.6666564941406,275.239990234375,276.9966735839844,66582900.0,284.34383610503585,0.0365065397345436,0.0307621793867651,0.1111574506283662,0.0308497101794448,4.443447037701975,557,1.6607582495155575,1.15,2.0,-0.030408909544348717
2022-03-18,301.7966613769531,302.6166687011719,289.1300048828125,291.4966735839844,100414200.0,295.13027532279386,0.0379344928503164,0.0322256768582747,0.1168282861896838,0.0480360389287177,3.735440931780366,601,1.4879446583461151,1.2272727272727273,2.363636363636364,-0.010554281994700432
2022-03-21,307.0533447265625,314.2833251953125,302.36334228515625,304.99334716796875,81981600.0,302.49913746454683,0.0249681674768655,0.0323420864676114,0.0857132758620689,0.0351525646312396,10.398275862068964,580,2.8729903114116846,1.6153846153846154,4.5,0.09686731547117233
2022-03-22,331.32666015625,332.6199951171875,307.25,310.0,105868500.0,320.3155262994782,0.058897321110608,0.0297231686265743,0.0937817307692307,0.0324164676769982,4.69493006993007,1144,1.5478094034570202,1.44,2.14,0.025949867442250252
2022-03-23,333.03668212890625,346.8999938964844,325.4666748046875,326.64666748046875,120676200.0,328.1776329782486,0.0245448816346782,0.0141840254236739,0.0813309322033898,0.041227651893684,5.272881355932204,1180,1.5144867151615542,1.4,1.825,-0.22314984910190105
2022-03-24,337.97332763671875,341.4966735839844,329.6000061035156,336.57666015625,68920800.0,334.23170522059894,0.0184475467977782,0.0132621566065154,0.082544315245478,0.0335573052266173,10.92764857881137,774,2.899335397803321,1.2580645161290325,2.6129032258064515,0.04851747862994671
2022-03-25,336.8800048828125,340.6000061035156,332.44000244140625,336.0,62031600.0,335.8684444242418,0.004897019576771,0.017112254983571,0.1149351165980795,0.0339498755748805,4.349794238683128,729,1.6692378369920833,1.2413793103448276,4.206896551724138,-0.17723864689469337
2022-03-28,363.9466552734375,365.9599914550781,351.20001220703125,355.0333251953125,102506100.0,353.2217330723308,0.0516669217849168,0.0190076277831118,0.0993808868501529,0.0629867070636283,7.195718654434251,1308,1.5735499466930072,1.2153846153846153,2.5384615384615383,-0.10141155496239662
2022-03-29,366.5233459472656,371.5899963378906,357.7033386230469,369.3299865722656,73614900.0,361.4425819342337,0.0232739044406973,0.0190038933406266,0.1394506715506715,0.0690969125631422,7.627594627594628,819,2.2450272047667585,1.303030303030303,5.151515151515151,-0.007338928058743477
2022-03-30,364.663330078125,371.3166809082031,361.3333435058594,363.7233276367188,59865000.0,363.4331137563617,0.0055071868164391,0.021091031247856,0.1259877813504823,0.0582235433228586,6.286173633440514,622,1.724404817179264,1.1176470588235294,2.764705882352941,-0.2413781490176916
2022-03-31,359.20001220703125,367.71331787109375,358.8800048828125,364.8566589355469,48992700.0,360.8169131210456,-0.0071985752984244,0.018989744436538,0.1408648818897638,0.047809976720862,14.355905511811024,635,2.473179470740849,1.1428571428571428,1.2,0.04350715223699808
2022-04-01,361.5299987792969,364.9166564941406,355.5466613769531,360.3833312988281,54263100.0,361.25762429473497,0.0012214260409171,0.0195458511443254,0.1187064318529862,0.0482516993268435,4.830015313935681,653,1.407835951755772,1.263157894736842,0.5263157894736842,-0.10700800083577633
2022-04-04,381.8166809082031,383.3033447265625,357.510009765625,363.1266784667969,82035900.0,373.9638200584916,0.0351721179270951,0.0211409669050432,0.0951812803103782,0.0440348770614943,6.328806983511154,1031,1.9169079925439303,1.28125,3.65625,0.03369159623980522
2022-04-05,363.7533264160156,384.2900085449219,362.4333190917969,378.76666259765625,80075100.0,367.65338794552673,-0.0168744455332011,0.0244512506254541,0.1245853720050441,0.0476340956689163,4.5044136191677175,793,1.9190486717403648,1.3125,5.625,-0.07483950816094875
2022-04-06,348.586669921875,359.6666564941406,342.5666809082031,357.8233337402344,89348400.0,355.86950815299974,-0.0320516012605681,0.0229591835156884,0.1291849083215797,0.0398311543807085,5.152327221438646,709,1.5494910874580046,1.1904761904761905,1.4285714285714286,-0.1124173179268837
2022-04-07,352.4200134277344,358.86334228515625,340.5133361816406,350.7966613769531,79447200.0,353.73760316877224,-0.0059906930360297,0.0208577850415003,0.1353815172413793,0.0442429809694759,44.94344827586207,725,9.513924726485284,1.4594594594594594,2.1621621621621623,0.002909330651164055
2022-04-08,341.8299865722656,349.4800109863281,340.8133239746094,347.7366638183594,55013700.0,346.3782913871288,-0.0208044372883146,0.0214550427774949,0.0997758300132802,0.0460980246909061,5.195219123505976,753,1.744343363806588,1.2857142857142858,2.1714285714285717,-0.18291754834353924
2022-04-11,325.3099975585937,336.1566772460937,324.8800048828125,326.79998779296875,59357100.0,333.3573697161245,-0.0375916216309627,0.0244514495503134,0.0772982758620689,0.0465092464107584,3.9597701149425286,522,1.8000037783807454,1.2222222222222223,3.9444444444444446,-0.333843357861042
2022-04-12,328.9833374023437,340.39666748046875,325.5333251953125,332.5466613769531,65976000.0,330.6540690783176,-0.0081093171574665,0.0239235268649384,0.1347322123893805,0.0495113214320864,5.323893805309734,565,1.5821745983829938,1.1333333333333333,3.0,0.024245232343673706
2022-04-13,340.7900085449219,342.0799865722656,324.3666687011719,327.02667236328125,55121100.0,336.9184241765905,0.0189453440441078,0.0187899329885688,0.0962723492723492,0.0336731067703194,7.126819126819127,481,1.725955798615254,1.6129032258064515,1.3225806451612905,-0.001333288848400116
2022-04-14,328.3333435058594,337.57000732421875,327.39666748046875,333.0966796875,58422300.0,331.61255252591894,-0.0157482383566254,0.0187724208400425,0.1345090561224489,0.062225342504459,5.261479591836735,784,1.9079949439637545,1.4482758620689655,3.3448275862068964,-0.03274765610694885
2022-04-18,334.7633361816406,338.3066711425781,324.4700012207031,329.6766662597656,51715200.0,333.5598439163526,0.005872188418686,0.0183226260625832,0.0966776337115073,0.0366868798786508,5.630470016207456,617,1.5582465492045925,1.3103448275862069,2.5172413793103448,-0.05666988156735897
2022-04-19,342.7166748046875,344.9800109863281,331.77667236328125,335.0199890136719,49847700.0,339.21907663457847,0.0169661691041116,0.0208446988020762,0.104839905362776,0.0511154663715642,6.591482649842272,634,2.457523935122787,1.5454545454545454,1.9545454545454544,0.019407540559768677
2022-04-20,325.7333374023437,344.6666564941406,325.0833435058594,343.3333435058594,70711200.0,330.8844314256395,-0.0245700957965798,0.0213397375306458,0.0758025570145127,0.0433904091248532,6.999654457498273,2894,1.524341831852206,1.1965811965811963,1.3076923076923077,-0.37079353258013725
2022-04-21,336.260009765625,364.0733337402344,332.1400146484375,358.24334716796875,105416400.0,334.2067215489383,0.010040635967623,0.0168220260124687,0.1123390791027154,0.059313182639491,6.2703659976387245,1694,1.4676577665500294,1.4603174603174602,1.8571428571428568,-0.17274608835577965
2022-04-22,335.01666259765625,344.95001220703125,331.3333435058594,338.3033447265625,69696600.0,334.7072926459297,0.0014977888376135,0.0163903272699082,0.0911419125127161,0.0415483237025179,12.708036622583927,983,3.3721815503203048,1.425,2.05,-0.04204404540359974
2022-04-25,332.67333984375,336.2066650390625,325.1000061035156,326.3233337402344,68341200.0,333.4502406826696,-0.0037556754539851,0.0145931445352729,0.0990413627639155,0.0381376575811405,5.607485604606526,1042,1.5965493362453642,1.2894736842105263,4.7631578947368425,0.15828700549900532
2022-04-26,292.1400146484375,333.3333435058594,291.6666564941406,331.8099975585937,136133700.0,307.9191169105734,-0.0765665177503742,0.0321332368988446,0.0747301752464403,0.0409940854691563,5.624315443592552,1826,1.6940463239698442,1.4533333333333334,2.84,-0.450592715293169
2022-04-27,293.836669921875,306.0,292.4533386230469,299.52667236328125,76956300.0,299.2156860267892,-0.0282653151616821,0.03189946581427,0.077361724137931,0.0450463719637699,6.543103448275862,1160,1.4477016578585955,1.45,1.0833333333333333,-0.17253637686371803
2022-04-28,292.5033264160156,300.0,273.8999938964844,299.99334716796875,124948500.0,295.0672196426191,-0.0138644682678791,0.0287291251309206,0.0752269983686786,0.0565702534076621,4.00978792822186,1226,1.3670747731369155,1.3571428571428572,3.7857142857142856,0.03685653209686279
2022-04-29,290.2533264160156,311.4666748046875,290.0,300.75,88133100.0,292.09207001036526,-0.0100829554562423,0.0288125010793312,0.0985203338391502,0.041672080657967,5.103186646433991,1318,1.594268885703204,1.8870967741935485,1.6451612903225807,-0.2319426443427801
2022-05-02,300.9800109863281,302.1199951171875,282.6766662597656,286.92333984375,75781500.0,297.5851196235132,0.0188058840931661,0.0303475725704713,0.0989181481481481,0.055367293582135,10.7320987654321,810,3.349086115001407,1.3333333333333333,3.1333333333333333,-0.17083889432251453
2022-05-03,303.0833435058594,308.02667236328125,296.1966552734375,301.0599975585937,63709500.0,300.9832088605596,0.0114188815668787,0.0315120817835672,0.1391592833876221,0.0589254717198855,16.54071661237785,614,1.7641648318865022,1.2142857142857142,4.214285714285714,-0.10459684021770954
2022-05-04,317.5400085449219,318.5,295.09332275390625,301.3133239746094,81643800.0,311.215873810419,0.0339974611494027,0.0365142798062728,0.1122789272030651,0.0467543540318609,4.766283524904215,522,1.5857276417602164,1.2272727272727273,3.363636363636364,-0.021166956052184105
2022-05-05,291.09332275390625,315.20001220703125,285.8999938964844,313.00665283203125,92519100.0,298.77945331713903,-0.0399607524545992,0.0265139846459232,0.1087235549132948,0.053320061936305,3.71242774566474,692,1.8651879552879231,1.0,6.555555555555555,-0.05056518875062466
2022-05-06,288.54998779296875,296.0,281.03668212890625,295.6666564941406,72903000.0,292.45729593645655,-0.0211599469457889,0.0255483048670718,0.1076848909657321,0.0450049730624663,5.386292834890965,642,1.8365420620802484,1.2083333333333333,3.6666666666666665,0.1982798408716917
2022-05-09,262.3699951171875,281.8766784667969,260.3833312988281,278.8166809082031,90810300.0,273.86232140040573,-0.0635818452622601,0.0344419580238335,0.0815809027777777,0.0445590203132827,5.18287037037037,864,1.8171957483610883,1.34375,6.71875,0.005266908556222916
2022-05-10,266.67999267578125,275.1199951171875,258.0833435058594,273.10333251953125,84401700.0,269.4233981302131,-0.0162085943312464,0.0345197631144265,0.1145037296037296,0.0594272490371252,11.837995337995338,858,1.810535255730996,1.3076923076923077,5.6923076923076925,-0.4176557809114456
2022-05-11,244.6666717529297,269.92333984375,242.3999938964844,265.0,97224600.0,254.1228997788709,-0.0567897905583814,0.0354690733900326,0.1110275077559462,0.0616181880150998,4.779731127197518,967,1.5615816070125754,1.2926829268292683,3.926829268292683,-0.11697328463196754
2022-05-12,242.6666717529297,253.22000122070312,226.6666717529297,233.6666717529297,140313000.0,247.04256147597013,-0.0278618664790218,0.0323127883101397,0.0876842549203373,0.049620533432923,5.125585754451734,1067,1.5172345991560805,1.3333333333333333,3.333333333333333,-0.031089147552847862
2022-05-13,256.5299987792969,262.45001220703125,250.52333068847656,257.82666015625,92150700.0,252.9061201955597,0.0237350142605281,0.0291418423229944,0.0845080308030803,0.0605100344571152,9.196919691969198,909,1.278974425535281,1.5862068965517242,1.2758620689655171,0.005278857424855232
2022-05-16,241.4566650390625,256.586669921875,239.69667053222656,255.72000122070312,86098500.0,245.8299677561767,-0.0279793641763645,0.0287282235790393,0.082662118491921,0.057545458549482,19.748653500897667,557,5.3901309487829945,1.4,6.3,0.047464899718761444
2022-05-17,253.8699951171875,254.82666015625,242.9499969482422,249.1199951171875,80236200.0,250.7989779357605,0.0202131994928798,0.0339419018480536,0.1078525337837837,0.0570841109444582,6.177364864864865,592,1.5518083684676285,1.5714285714285714,2.619047619047619,-0.17907771188765764
2022-05-18,236.60333251953125,253.5,233.60333251953125,248.17333984375,87811800.0,242.0255865762892,-0.0349817667985812,0.0294102560331479,0.0641709109730848,0.0459807370385848,13.797101449275363,966,4.502793098916187,1.3214285714285714,4.607142857142857,-0.29924597404897213
2022-05-19,236.47332763671875,244.6666717529297,231.3699951171875,235.6666717529297,90296700.0,238.5941018372942,-0.0141781899489925,0.0294308026075417,0.0698993927125506,0.0390869089110612,6.538461538461538,988,1.9535146199594555,1.302325581395349,2.7674418604651163,-0.14185366034507751
2022-05-20,221.3000030517578,240.52667236328125,211.0,237.9966735839844,144973200.0,227.90576098303444,-0.0447971713129292,0.0269628658125285,0.037797699947726,0.0524576792151533,5.67276529012023,1913,1.770720141646489,1.3389830508474576,3.4915254237288136,-0.45649756444618106
2022-05-23,224.96665954589844,226.65333557128903,212.6866607666016,218.33999633789065,88903500.0,226.08929639850072,-0.007970244265431,0.0264394688116275,0.075985368956743,0.0387307997824968,4.661577608142494,786,1.8435569494861328,1.4,4.96,-0.5180954663082957
2022-05-24,209.3866729736328,217.97332763671875,206.856674194336,217.8433380126953,89092500.0,215.76650742064217,-0.045658017174169,0.0235350797554179,0.0793213793103448,0.0513072486709468,15.994088669950738,1015,4.081964326882425,1.2272727272727273,5.181818181818182,-0.5254929326474667
2022-05-25,219.6000061035156,223.106674194336,207.6699981689453,207.9499969482422,92139300.0,218.1357399024859,0.010980538685853,0.0263741304901625,0.1107886341929321,0.0855855329429831,4.02865329512894,1047,1.4517565279731062,1.1428571428571428,3.023809523809524,-0.11126566305756569
2022-05-26,235.91000366210932,239.55667114257807,217.8866729736328,220.47332763671875,106003200.0,229.12083903093867,0.0503590064304155,0.0345776708058351,0.091763829787234,0.078610937737335,5.221526908635795,799,1.3721807206814935,1.525,1.625,-0.047433916479349136
2022-05-27,253.2100067138672,253.26666259765625,240.1766662597656,241.0833282470703,89295000.0,244.00876341968404,0.0649784823227495,0.0432202163464653,0.075537101910828,0.0543601954801914,4.335987261146497,628,1.344907458939491,1.1612903225806452,0.6451612903225806,-0.20130516588687897
2022-05-31,252.7533264160156,259.6000061035156,244.7433319091797,257.9466552734375,101914500.0,249.4132005681816,0.0221485370966048,0.0431404640038632,0.0563406189555125,0.0172405011974133,2.8355899419729207,517,1.1973729322806912,1.2272727272727273,1.2272727272727273,-0.03822403587400913
2022-06-01,246.7899932861328,257.32666015625,243.63999938964844,251.72000122070312,77247900.0,247.7919693083392,-0.0065001822523791,0.037516642848255,0.1675607142857142,0.0872056783810347,5.0730519480519485,616,1.1354647069579964,1.3559322033898304,0.6440677966101694,-0.08310619741678238
2022-06-02,258.3333435058594,264.2099914550781,242.0666656494141,244.1566619873047,93473100.0,254.3068968505378,0.0262919236663872,0.0366066324288201,0.0538180059523809,0.0531283636621026,5.697916666666667,672,1.4351492988059598,1.7647058823529411,1.8823529411764703,-0.24189957603812218
2022-06-03,234.51666259765625,247.79666137695312,233.4166717529297,243.22666931152344,112393800.0,242.07585943693465,-0.0480955788658443,0.0373125070418654,0.0515403945111492,0.0417852404112287,7.053173241852488,1166,1.883147839215389,1.7058823529411764,1.843137254901961,-0.23195701837539673
2022-06-06,238.27999877929688,244.86666870117188,234.3500061035156,244.35333251953125,84204600.0,239.729888533956,-0.0096910567969699,0.0386767371360157,0.0865231316725978,0.0478054485213017,7.1263345195729535,562,1.5158159193641918,1.2352941176470589,3.0588235294117645,-0.41789520904421806
2022-06-07,238.8866729736328,239.9966735839844,230.0933380126953,234.0,72808500.0,239.2087526578335,-0.0021738460702979,0.0354567669840091,0.0402174291938997,0.0387205733948783,3.729847494553377,459,1.466763305205603,1.0,2.15,-0.04914357326924801
2022-06-08,241.86666870117188,249.9633331298828,239.1766662597656,240.086669921875,76210500.0,240.85143511186024,0.0068671502851589,0.0247160200366468,0.1053293139293139,0.051671408049327,3.401247401247401,481,1.2266993602242573,1.25,1.5,-0.1797887608408928
2022-06-09,239.7066650390625,255.54666137695312,239.32666015625,249.33999633789065,96491400.0,240.1439282975676,-0.0029375237642411,0.0224110122932512,0.0633912280701754,0.0181923332931728,3.920377867746289,741,1.3661187960513743,1.457142857142857,1.4857142857142858,-0.1673879474401474
2022-06-10,232.22999572753903,239.5,227.913330078125,235.1566619873047,97536600.0,235.25284898461516,-0.0203672828525224,0.023148230088804,0.1143927777777777,0.0697749074293978,4.532222222222222,900,1.260110744922329,1.148648648648649,1.1756756756756757,-0.046348633244633675
2022-06-13,215.73666381835932,226.63333129882807,214.683334350586,223.1666717529297,102767400.0,223.19118322113252,-0.0512710720211995,0.0230314029474116,0.0807192364170337,0.0473101039217017,7.140969162995595,681,1.5315480266642103,1.6,2.914285714285714,-0.15957913920283318
2022-06-14,220.88999938964844,226.3300018310547,211.73666381835932,218.2866668701172,97988700.0,221.7689733989137,-0.0063721595167574,0.0190759123506091,0.0569943365695792,0.0396326842842688,4.061488673139158,618,1.3059135997752978,1.3428571428571427,0.9428571428571428,-0.3089720346033573
2022-06-15,233.0,235.663330078125,218.1499938964844,220.9166717529297,119131800.0,228.71012956693923,0.031299040896672,0.0252836557441819,0.0869582877959927,0.0519912822356465,6.406193078324226,549,2.0451140672975647,1.7,2.0,-0.1509219240397215
2022-06-16,213.1000061035156,225.1666717529297,208.69332885742188,222.73666381835932,107390700.0,219.0625426979612,-0.0421825954418619,0.0284829249307527,0.0687789272030651,0.0437890781166829,6.302681992337165,783,1.492852640211343,1.6285714285714286,1.457142857142857,-0.08518711477518082
2022-06-17,216.759994506836,220.97000122070312,213.19667053222656,213.433334350586,92641800.0,217.6394896551112,-0.0064961039223033,0.0274250260986072,0.0857095238095238,0.0756292696819429,17.73611111111111,504,2.798708275019782,1.2916666666666667,0.8958333333333334,-0.48679688293486834
2022-06-21,237.0366668701172,243.57666015625,224.3333282470703,224.60333251953125,122793000.0,229.62760445978992,0.0550824430974177,0.0380511230858513,0.0561646638054363,0.0316392968113974,4.0400572246065805,699,1.358528729954091,1.0869565217391304,1.9130434782608696,-0.04119020514190197
2022-06-22,236.086669921875,246.8333282470703,233.82666015625,234.5033264160156,101107500.0,233.61952645091904,0.0173843297303923,0.0383098877479866,0.1174713592233009,0.0562680986914569,5.368932038834951,618,1.2457470005640268,1.1090909090909091,0.9818181818181818,-0.05420100502669811
2022-06-23,235.07000732421875,239.3166656494141,228.6366729736328,237.9066619873047,104202600.0,234.5159729306499,0.0038372069892846,0.0310866715849603,0.0325445525291828,0.0370441239920511,5.284046692607004,514,1.3774997796203703,1.3333333333333333,1.2857142857142858,-0.11545510403811932
2022-06-24,245.7066650390625,246.0666656494141,236.086669921875,237.47000122070312,95770800.0,241.4322010112841,0.0294915011297736,0.0313719581762704,0.0748626984126984,0.0416564703239637,4.164021164021164,378,1.661504366440258,1.1,1.85,-0.17147522326558828
2022-06-27,244.9199981689453,252.07000732421875,242.5666656494141,249.36666870117188,89178300.0,243.587778200584,0.0089282920019402,0.0302735099083654,0.059435,0.0574403302985304,3.2526315789473683,380,1.6303391016609976,1.45,3.0,0.043382348492741585
2022-06-28,232.663330078125,249.97000122070312,232.3433380126953,244.4833374023437,90391200.0,236.83609795256936,-0.0277176478142303,0.0264101133295801,0.0991237556561085,0.0473543156929476,4.0,442,1.1874695288059782,1.7058823529411764,0.8823529411764706,-0.07072968408465385
2022-06-29,228.4900054931641,231.17333984375,222.27333068847656,230.5,82897200.0,231.6779291394077,-0.021779487408185,0.0286801440360837,0.0555388329979879,0.0372291649394672,8.263581488933601,497,2.127203862139159,1.1071428571428572,4.678571428571429,-0.15377114713191986
2022-06-30,224.47332763671875,229.4566650390625,218.8633270263672,224.509994506836,94600500.0,227.22524053534733,-0.0192193042323899,0.0218579980344102,0.0351885209713024,0.0194598470547944,3.456953642384106,453,1.223897086490897,1.4090909090909092,0.4090909090909091,-0.5702422736212611
2022-07-01,227.26333618164065,230.22999572753903,222.1199951171875,227.0,74460300.0,227.24878493958,0.000103617028536,0.0203181400525304,0.0522357707509881,0.0371788883279283,7.175889328063241,506,2.2111096542902904,1.16,4.76,-0.04889268800616264
