Date,Close,High,Low,Open,Volume,Kalman_Close,Kalman_Return,Kalman_Volatility,Avg_Sentiment,TextBlob_Sentiment,Avg_Reddit_Score,Comment_Count,FinBERT_Sentiment,engagement_score,tesla_relevance,comment_count,repost_count,unique_author_count,discussion_intensity,information_diffusion_score,sentiment_magnitude,Post_VADER_Sentiment
2021-07-06,219.8600006103516,228.0,217.13333129882807,227.23666381835935,69853500.0,219.8600006103516,,,0.10596051502145923,0.052048336280868725,7.431330472103005,466,-0.015903078019618988,0.1058052478391112,1.2173913043478262,3.6956521739130435,2.1739130434782608,3.1739130434782608,3.652173913043478,33.30434782608695,0.42168695652173915,0.3178695652173913
2021-07-07,214.88333129882807,221.8999938964844,212.77333068847656,221.42333984375,56376000.0,216.87399902343748,-0.013581377142839579,,0.1615779411764706,0.05922910528886617,4.421568627450981,408,0.0032568126916885376,0.09174986691983152,1.1666666666666667,5.916666666666667,0.08333333333333333,1.0833333333333333,5.916666666666667,0.16666666666666666,0.31361666666666665,0.21505
2021-07-08,217.60333251953125,218.1433258056641,206.82000732421875,209.4566650390625,68319900.0,217.32281963641827,0.002069499409803832,,0.11494778947368421,0.067002291159972,3.9726315789473685,475,0.00442872941493988,0.09530813621109233,1.2,4.266666666666667,1.2,2.2,4.266666666666667,22.8,0.34974666666666665,0.09181333333333332
2021-07-09,218.98333740234372,219.6366729736328,214.89666748046875,217.72666931152344,54421500.0,218.34843355066636,0.004719310728454218,,0.12832021857923498,0.06721506193488277,3.150273224043716,366,-0.15661163721233606,0.10877648975195592,1.380952380952381,1.7619047619047619,6.571428571428571,7.571428571428571,1.7619047619047619,324.6666666666667,0.4132190476190476,0.4055714285714285
2021-07-12,228.5666656494141,229.0800018310547,220.72000122070312,220.73333740234372,77781000.0,224.66307136449922,0.028920005109024816,,0.10642327935222673,0.06447202955504659,6.728744939271255,494,-0.17744599096477032,0.10924967742718043,1.4838709677419355,2.6451612903225805,4.419354838709677,5.419354838709677,2.2518629657414353,533.8064516129032,0.36773548387096777,0.23563225806451613
2021-07-13,222.8466644287109,231.0933380126953,222.1000061035156,228.77333068847656,62898300.0,223.54048510375452,-0.0049967547132986345,,0.10996209677419355,0.06868769808328468,6.538306451612903,496,0.009807534515857697,0.08470937399892503,1.2432432432432432,1.1891891891891893,1.4324324324324325,2.4324324324324325,1.1891891891891893,41.62162162162162,0.3089945945945946,0.28316216216216217
2021-07-14,217.7933349609375,226.20333862304688,217.6133270263672,223.5833282470703,64923600.0,219.9885578843414,-0.01588941357877316,,0.08361264916467781,0.03468696018222243,5.883054892601432,419,-0.04124745354056358,0.09471677448983276,1.5333333333333334,0.8333333333333334,0.2,1.2,0.8333333333333334,0.6666666666666666,0.32850999999999997,0.29999000000000003
2021-07-15,216.86666870117188,222.04666137695312,212.6266632080078,219.4633331298828,60628800.0,218.05912480745454,-0.00877060650536765,0.015240522085318448,0.13421929411764705,0.05508798176716944,4.908235294117647,425,-0.023508477956056595,0.10201068054327772,1.5161290322580645,1.2580645161290323,2.0,3.0,1.230414746543779,78.38709677419355,0.36872258064516134,0.2916322580645161
2021-07-16,214.7400054931641,218.8999938964844,214.0666656494141,218.22666931152344,49113000.0,216.00779634342044,-0.009407212222122818,0.014743210022693427,0.17861388012618298,0.04919170039168424,5.195583596214511,317,0.07945078797638416,0.09952591233051432,1.3333333333333333,1.1481481481481481,0.1111111111111111,1.1111111111111112,1.1481481481481481,0.2962962962962963,0.3943111111111111,0.3633185185185185
2021-07-19,215.4066619873047,215.73333740234372,207.0966644287109,209.9633331298828,63891300.0,215.63627488177937,-0.0017199446868593204,0.014703541417934068,0.1684525198938992,0.05778815322292965,4.381962864721485,377,-0.05280889756977558,0.09599277762330134,1.4545454545454546,3.409090909090909,0.2727272727272727,1.2727272727272727,3.409090909090909,1.4545454545454546,0.31926818181818184,0.2923590909090909
2021-07-20,220.1666717529297,220.79666137695312,213.5,217.3300018310547,46461300.0,218.43621412820931,0.01298454653775205,0.015548870041438895,0.1640745,0.04480177487277934,9.37,400,-0.1700452957302332,0.08925193921591043,1.45,1.75,0.7,1.7,1.75,5.6,0.29512499999999997,0.264785
2021-07-21,218.42999267578125,221.6199951171875,216.76333618164065,219.8699951171875,41859900.0,218.43236905914986,-1.760270875783565e-05,0.009164028248013654,0.11616544622425629,0.0557809519283336,4.052631578947368,437,0.023444343358278275,0.09126481885614825,1.5833333333333333,3.9166666666666665,0.16666666666666666,1.1666666666666667,3.9166666666666665,0.5,0.256475,0.16115833333333332
2021-07-22,216.4199981689453,220.72332763671875,214.86666870117188,218.81333923339844,45317100.0,217.1886554510559,-0.005693815497451182,0.009180768020774355,0.12766625615763547,0.05479124028834105,3.8866995073891624,406,-0.13737711682915688,0.11042548697830142,1.5,2.1666666666666665,0.16666666666666666,1.1666666666666667,1.9583333333333333,0.4166666666666667,0.4224583333333333,0.21266666666666667
2021-07-23,214.4600067138672,216.26666259765625,212.43333435058597,215.45333862304688,43814700.0,215.5022577881184,-0.0077646673553698475,0.007855960044008896,0.12078928571428571,0.05608580903420402,3.508403361344538,476,-0.03993929363787174,0.09113788383947433,1.3888888888888888,2.6666666666666665,0.2222222222222222,1.2222222222222223,2.6666666666666665,0.7777777777777778,0.30885,0.22168333333333334
2021-07-26,219.2066650390625,222.73333740234372,215.70333862304688,216.9900054931641,76009800.0,217.79170737737252,0.010623784700692473,0.00880800392333591,0.1383818181818182,0.062167411909908175,6.369528619528619,1188,-0.03475447557866573,0.09476492360937099,1.4791666666666667,3.375,0.9375,1.9375,3.0208333333333335,10.166666666666666,0.30510208333333333,0.21558124999999997
2021-07-27,214.9266662597656,222.1666717529297,209.0800018310547,221.13333129882807,98439900.0,216.02101458752557,-0.008130212170010864,0.008594769203784868,0.15202503311258278,0.07689627913674153,4.287417218543046,755,-0.158173106610775,0.09403400139617268,1.446808510638298,3.0638297872340425,0.2978723404255319,1.297872340425532,3.0638297872340425,1.2340425531914894,0.3118276595744681,0.19365744680851066
2021-07-28,215.66000366210935,218.3233337402344,213.13333129882807,215.6666717529297,48019800.0,215.7978975653083,-0.0010328486913335766,0.008575217120303963,0.19958982558139535,0.08172769395817059,4.351744186046512,344,-0.48005224810913205,0.06696575594376387,1.5789473684210527,2.0,0.42105263157894735,1.4210526315789473,1.9605263157894737,1.4736842105263157,0.1199421052631579,0.09612105263157895
2021-07-29,225.7833404541016,227.89666748046875,216.26666259765625,216.5966644287109,91183800.0,221.96924066330348,0.028597790653301036,0.013236899439050423,0.14330033613445378,0.060726415705818715,5.678991596638656,595,0.016254624351859093,0.09477976358190579,1.4782608695652173,3.391304347826087,0.17391304347826086,1.173913043478261,3.239130434782609,0.34782608695652173,0.30607391304347825,0.2825782608695652
2021-07-30,229.0666656494141,232.50999450683597,223.0,223.9199981689453,88969200.0,226.35569053732257,0.019761521285161843,0.014675447261438795,0.14421101549053358,0.07595028180565226,5.421686746987952,581,-0.2637200355529785,0.08137892310647574,1.3478260869565217,2.608695652173913,0.2608695652173913,1.2608695652173914,2.608695652173913,1.391304347826087,0.25139999999999996,0.19609565217391306
2021-08-02,236.55667114257807,242.31333923339844,232.8000030517578,233.3333282470703,100847400.0,232.66024326994895,0.027852415451366186,0.015949260666132923,0.11885152317880794,0.05840564314745703,5.406622516556292,755,0.03635562863200903,0.11255759793880131,1.6111111111111112,3.861111111111111,0.1111111111111111,1.1111111111111112,3.638888888888889,0.2777777777777778,0.3934527777777778,0.3484805555555555
2021-08-03,236.5800018310547,240.88333129882807,233.6699981689453,239.6666717529297,64860900.0,235.08278728840568,0.01041236777031096,0.013929216276734345,0.17150892018779343,0.07698811643640369,8.833333333333334,426,-0.16692864522337914,0.10355218798689324,1.5,2.59375,0.125,1.125,2.515625,0.25,0.371059375,0.272315625
2021-08-04,236.97332763671875,241.63333129882807,236.30999755859372,237.0,51007800.0,236.25120548076623,0.004970241359811167,0.014222599715186569,0.15303897849462367,0.06006259150761399,4.986559139784946,372,0.054119707085192204,0.07799789135355997,1.263157894736842,2.0526315789473686,0.05263157894736842,1.0526315789473684,2.0526315789473686,0.10526315789473684,0.2529947368421053,0.14955263157894735
2021-08-05,238.2100067138672,240.3166656494141,237.1366729736328,238.6666717529297,38758800.0,237.46181122002784,0.005124230950686703,0.01180810715284916,0.1541657894736842,0.06117016010609761,4.636842105263158,380,-0.15149468835443258,0.09233919704122705,1.3157894736842106,1.8421052631578947,0.10526315789473684,1.105263157894737,1.8421052631578947,0.3157894736842105,0.34124736842105263,0.34124736842105263
2021-08-06,233.0333404541016,238.77667236328125,232.5433349609375,237.3000030517578,46869000.0,234.72486576850014,-0.0115258341434602,0.014373023732419436,0.11742218844984803,0.04595069496013012,8.537993920972644,329,0.0022600460797548294,0.1001251765516883,1.5384615384615385,1.4230769230769231,0.4230769230769231,1.4230769230769231,1.2999999999999998,2.923076923076923,0.35426538461538465,0.33149615384615383
2021-08-09,237.9199981689453,239.6766662597656,235.0433349609375,236.72332763671875,44145900.0,236.6995661905313,0.008412830125883453,0.01242013143251717,0.1587050847457627,0.07279860606515734,5.308474576271187,295,-0.027033692225813866,0.09919387416108257,1.5,3.0,0.0,1.0,3.0,0.0,0.33719,0.21611000000000002
2021-08-10,236.663330078125,238.8633270263672,233.9600067138672,237.9966735839844,40296900.0,236.67717104144404,-9.461423798817759e-05,0.011885049327501044,0.09759376947040499,0.050094918206460455,3.383177570093458,321,0.02801259234547615,0.08559810712708545,1.434782608695652,0.6521739130434783,0.30434782608695654,1.3043478260869565,0.6195652173913043,0.9565217391304348,0.28880869565217393,0.28880869565217393
2021-08-11,235.94000244140625,238.3933258056641,234.73666381835935,237.57000732421875,29401800.0,236.22157579118152,-0.0019249649142660807,0.007449235136564881,0.14188040540540542,0.0546261862038578,5.52027027027027,296,-0.35638797748833895,0.09157378116887636,1.2,1.12,0.08,1.08,1.12,0.16,0.36748800000000004,0.18921600000000002
2021-08-12,240.75,240.93333435058597,233.13333129882807,235.44667053222656,52377300.0,239.0202958677092,0.011847859651066495,0.0077276669371542615,0.11602936507936508,0.08010094583938393,4.4603174603174605,378,0.03020702861249447,0.1271497498999958,1.8125,2.0,0.25,1.25,1.9583333333333333,0.625,0.4761875,0.2442125
2021-08-13,239.05667114257807,243.3000030517578,238.1133270263672,241.23666381835935,50194500.0,239.04277702392827,9.405542796048216e-05,0.007677120750736487,0.17711298245614035,0.06745203045121592,3.645614035087719,285,-0.132347259670496,0.10551661263287665,1.2307692307692308,2.6153846153846154,0.6923076923076923,1.6923076923076923,2.6153846153846154,3.8461538461538463,0.43514615384615385,0.43514615384615385
2021-08-16,228.72332763671875,236.5,225.46665954589844,235.02333068847656,68032200.0,232.66500655744852,-0.026680456719431977,0.012930284867461603,0.06170274223034734,0.028940477933207486,10.367458866544789,547,-0.05904264561831951,0.12659278973894153,1.7142857142857142,3.7142857142857144,0.35714285714285715,1.3571428571428572,3.5714285714285716,1.0714285714285714,0.4671535714285714,0.3220107142857143
2021-08-17,221.90333557128903,224.8600006103516,216.27999877929688,224.22000122070312,71163900.0,226.01392811225836,-0.02858650101104876,0.016067848612776527,0.11572631578947368,0.05112287561956407,6.838815789473684,608,-0.35599886160343885,0.10419757013621865,1.52,2.64,0.24,1.24,2.6,1.28,0.370832,0.143544
2021-08-18,229.663330078125,231.92333984375,223.11666870117188,223.25,61048200.0,228.26938256577463,0.009979271951753521,0.016299504996803153,0.1361477756286267,0.06369530823047179,3.9845261121856868,517,-0.017342953011393547,0.07622188079800261,1.391304347826087,1.7391304347826086,0.391304347826087,1.391304347826087,1.7065217391304348,1.9130434782608696,0.22063478260869565,0.19489565217391303
2021-08-19,224.4900054931641,228.8500061035156,222.52999877929688,226.07000732421875,42940500.0,225.93359907859923,-0.010232574605148148,0.016235862274562418,0.10451300236406619,0.02362490571379038,5.508274231678487,423,-0.02999812923371792,0.11072371251309412,1.736842105263158,2.5789473684210527,0.15789473684210525,1.1578947368421053,1.631578947368421,0.3157894736842105,0.37307368421052634,0.17430526315789474
2021-08-20,226.7533264160156,230.7100067138672,224.5666656494141,227.61666870117188,44525700.0,226.44021843463,0.002242337386280102,0.01650575599386742,0.13336666666666666,0.05982302961975959,4.580756013745704,582,-0.0025727320462465286,0.08284736915624752,1.4444444444444444,1.4074074074074074,0.2962962962962963,1.2962962962962963,1.4074074074074074,1.4074074074074074,0.2589851851851852,0.2589851851851852
2021-08-23,235.43333435058597,237.3766632080078,226.9166717529297,228.47999572753903,60794700.0,231.99826973545842,0.024545336244819804,0.01925127796910821,0.12970978260869565,0.057019408934846305,5.201086956521739,368,0.006950788199901581,0.09899156527131124,1.380952380952381,2.4285714285714284,0.47619047619047616,1.4761904761904763,2.3666666666666667,1.8095238095238095,0.3652190476190476,0.2521714285714286
2021-08-24,236.163330078125,238.4066619873047,234.2133331298828,236.8933258056641,39249300.0,234.57241859242066,0.011095551962079231,0.020081090971426963,0.1896608187134503,0.08941195662622493,21.04093567251462,342,-0.38938670605421066,0.056921246436632246,1.0952380952380953,1.3333333333333333,0.6190476190476191,1.619047619047619,1.3095238095238095,2.9523809523809526,0.1534,0.08723809523809524
2021-08-25,237.0666656494141,238.9900054931641,234.6666717529297,235.6766662597656,37936800.0,236.11394804998199,0.006571656918624269,0.017129147151234966,0.1504373076923077,0.05933350240478216,3.5923076923076924,260,0.05091994255781174,0.10524525136165234,1.9166666666666667,2.1666666666666665,0.25,1.25,2.1666666666666665,1.0,0.30863333333333337,0.20448333333333335
2021-08-26,233.72000122070312,238.46665954589844,232.5399932861328,236.10333251953125,39642900.0,234.63440754222762,-0.00626621391905724,0.011631651323654802,0.214384375,0.07267554011549136,5.9125,320,-0.2257574275135994,0.11518059989970278,1.7,3.2,0.1,1.1,3.15,0.2,0.40284000000000003,0.21208
2021-08-27,237.30667114257807,238.3333282470703,234.0333404541016,235.0,41501400.0,236.28595727414336,0.007038821582970645,0.011491782760824753,0.1860340909090909,0.09570352704039702,4.564935064935065,308,-0.11633769422769547,0.09536199164142538,1.2,6.0,0.2,1.2,6.0,0.4,0.33048,0.33048
2021-08-30,243.6366729736328,243.6666717529297,237.57666015625,238.2400054931641,55812600.0,240.8289494180653,0.019226670075238816,0.010318251442611434,0.14010812064965197,0.0794900134031929,5.178654292343388,431,-0.1762009784579277,0.08737910071476945,1.2727272727272727,3.1363636363636362,0.09090909090909091,1.0909090909090908,2.8181818181818183,0.18181818181818182,0.29971363636363635,0.27340454545454546
2021-08-31,245.2400054931641,246.79666137695312,242.14666748046875,244.3333282470703,62566200.0,243.55513199875807,0.011319995321493748,0.009857067982331925,0.15466322580645162,0.06817339941093781,3.989247311827957,465,0.007433602586388588,0.0842779973575741,1.1875,5.0625,0.0,1.0,5.0625,0.0,0.27103125,0.27103125
2021-09-01,244.69667053222656,247.3300018310547,243.7566680908203,244.69332885742188,39612900.0,244.2606416119093,0.0028967142156333114,0.007924163381076245,0.12518091397849462,0.08051024213701524,6.422043010752688,372,-0.022861200384795666,0.08531883231808882,1.3043478260869565,1.6956521739130435,0.08695652173913043,1.0869565217391304,1.6956521739130435,0.17391304347826086,0.2980434782608696,0.1779130434782609
2021-09-02,244.1300048828125,246.9900054931641,243.51333618164065,244.8333282470703,38331900.0,244.17990367314837,-0.00033054010760036334,0.008210553601266513,0.4763891820580475,0.2607135432468421,2.821899736147757,758,-0.04371310584247112,0.08848640543854493,1.4210526315789473,1.7894736842105263,0.42105263157894735,1.4210526315789473,1.7894736842105263,3.0526315789473686,0.2958,0.19512631578947368
2021-09-03,244.52333068847656,244.6666717529297,241.3999938964844,244.0833282470703,45738300.0,244.39215324127613,0.000869234383890527,0.00839958280719372,0.17238306451612903,0.07755609716755048,4.012096774193548,248,0.0015333984047174454,0.08370455737415841,2.0714285714285716,2.0,0.14285714285714285,1.1428571428571428,1.9285714285714286,0.2857142857142857,0.13739285714285715,0.06837857142857143
2021-09-07,250.97332763671875,253.3999938964844,246.4199981689453,246.6666717529297,60119400.0,248.4595427035502,0.016642880748542366,0.0077306482464471775,0.1399900269541779,0.06581263629872601,5.962264150943396,371,0.06892705708742142,0.10668109175480736,1.5263157894736843,1.736842105263158,0.5263157894736842,1.5263157894736843,1.7105263157894737,2.210526315789474,0.3970894736842105,0.2623947368421053
2021-09-08,251.2899932861328,254.8166656494141,246.92333984375,253.8600006103516,56379000.0,250.2088573670632,0.007040641886716381,0.007730601228457359,0.15366153846153846,0.05136942751809761,3.319088319088319,351,-0.0842690784484148,0.08680123431546752,1.5217391304347827,1.8695652173913044,0.043478260869565216,1.0434782608695652,1.8695652173913044,0.08695652173913043,0.2647608695652174,0.2647608695652174
2021-09-09,251.6199951171875,254.0333404541016,250.5433349609375,251.1366729736328,42233100.0,251.08098845944806,0.0034856123862372357,0.006123838726566361,0.15619455128205129,0.05133737879697042,11.076923076923077,312,0.0012548286467790604,0.08930401354319739,1.5714285714285714,2.0714285714285716,0.0,1.0,2.0714285714285716,0.0,0.2690214285714286,0.22356428571428572
2021-09-10,245.42333984375,254.20333862304688,244.83999633789065,253.1999969482422,45552600.0,247.58436931854285,-0.01392626005799702,0.009148444604761972,0.1554093181818182,0.07520211314959692,4.459090909090909,440,-0.05389282666146755,0.08830424683011538,1.1818181818181819,1.9090909090909092,0.13636363636363635,1.1363636363636365,1.8863636363636365,0.2727272727272727,0.3387,0.3387
2021-09-13,247.6666717529297,248.25999450683597,236.2833404541016,246.73666381835935,68857500.0,247.63523502035076,0.00020544795274402006,0.009179735579763225,0.15284985163204748,0.05559667564983948,3.9584569732937687,337,-0.29892060719430447,0.09684011878846455,1.3529411764705883,4.470588235294118,0.23529411764705882,1.2352941176470589,3.8529411764705883,0.5882352941176471,0.3305470588235294,0.32447647058823526
2021-09-14,248.163330078125,251.4900054931641,245.46665954589844,247.52333068847656,55574700.0,247.96161571534608,0.0013179897237503013,0.009131053899763165,0.16554659685863873,0.06803389819090781,4.353403141361256,382,0.02653687819838524,0.10081696879943716,1.5294117647058822,3.411764705882353,0.058823529411764705,1.0588235294117647,3.411764705882353,0.11764705882352941,0.3370823529411765,0.30494117647058827
2021-09-15,251.94332885742188,252.2866668701172,246.1199951171875,248.3333282470703,46073100.0,250.42244977060105,0.009924253994537446,0.009537883233261041,0.1580376146788991,0.06144772974411099,7.159021406727828,327,0.007054788991808891,0.07552976392525389,1.3636363636363635,2.0454545454545454,0.5454545454545454,1.5454545454545454,1.9848484848484846,5.2727272727272725,0.2161,0.13647272727272727
2021-09-16,252.3300018310547,252.97000122070312,249.20333862304688,250.94332885742188,41770200.0,251.6013817792713,0.0047077728444482325,0.007690372720113108,0.17226111111111111,0.06101630556078732,4.677777777777778,270,0.03613937273621559,0.0895230965051853,1.4285714285714286,2.142857142857143,0.14285714285714285,1.1428571428571428,2.142857142857143,0.42857142857142855,0.2971,0.2971
2021-09-17,253.163330078125,253.67999267578125,250.0,252.38333129882807,84612600.0,252.56671891663296,0.003836772002343558,0.007418569228319362,0.18004447513812155,0.08095028766933925,5.458563535911602,362,-0.04394387640058994,0.12124659593158835,2.0,3.4615384615384617,0.07692307692307693,1.0769230769230769,3.1923076923076925,0.15384615384615385,0.38281538461538467,0.36963076923076926
2021-09-20,243.38999938964844,247.3333282470703,239.5399932861328,244.85333251953125,74273100.0,246.89519434373167,-0.022455549952222098,0.011525135527014925,0.10649521276595746,0.058487406314193614,3.5398936170212765,376,-0.013686664402484894,0.08966006348214717,1.3529411764705883,3.8823529411764706,0.0,1.0,3.8823529411764706,0.0,0.2904,0.12254117647058825
2021-09-21,246.4600067138672,248.2466735839844,243.47999572753903,244.92999267578125,48992100.0,246.6262335969919,-0.001089372142113576,0.010334323400525224,0.14899641577060932,0.06624428684563394,3.971326164874552,279,-0.15282532013952732,0.1024138464416696,1.4666666666666666,1.4666666666666666,1.0666666666666667,2.066666666666667,1.4666666666666666,16.133333333333333,0.38292000000000004,0.12464000000000001
2021-09-22,250.64666748046875,251.22332763671875,246.3733367919922,247.8433380126953,45378900.0,249.11099838650233,0.010075022244270704,0.01109321073842179,0.22314099616858238,0.07743907953552863,5.030651340996169,261,0.054930517449975014,0.10476174692715672,1.0833333333333333,5.083333333333333,0.25,1.25,5.083333333333333,0.6666666666666666,0.42649166666666666,0.17290833333333333
2021-09-23,251.2133331298828,252.73333740234372,249.30667114257807,251.6666717529297,35842500.0,250.41031271364125,0.00521580474388772,0.011214708873148134,0.17720690789473684,0.07114726542030976,5.171052631578948,304,0.028666876256465912,0.07310667912237565,1.5555555555555556,2.6666666666666665,0.5555555555555556,1.5555555555555556,2.6666666666666665,3.5555555555555554,0.15628333333333333,0.15628333333333333
2021-09-24,258.1300048828125,258.26666259765625,248.1866607666016,248.6300048828125,64119000.0,255.18134485687548,0.019052858053374866,0.012784056187260369,0.1334257142857143,0.0770277135336745,8.808403361344538,595,0.10662507638335228,0.1162759516143946,1.7391304347826086,5.565217391304348,0.30434782608695654,1.3043478260869565,5.565217391304348,1.2173913043478262,0.3693391304347826,0.29216521739130435
2021-09-27,263.78668212890625,266.3333435058594,256.4366760253906,257.7066650390625,84212100.0,260.4997357756468,0.020841613330920605,0.014528421605862589,0.1401645006016847,0.06886080769238825,5.931407942238267,831,0.02458208240568638,0.11039935164759669,1.75,4.138888888888889,0.1388888888888889,1.1388888888888888,4.101851851851851,0.3888888888888889,0.34887222222222225,0.2003888888888889
2021-09-28,259.1866760253906,265.2133178710937,255.3933258056641,262.3999938964844,76144200.0,259.688220220729,-0.0031152260193334502,0.014860447657268705,0.15478926174496646,0.0841962357028048,4.865771812080537,596,0.00018568523228168488,0.1143467386136583,1.8461538461538463,2.1538461538461537,0.038461538461538464,1.0384615384615385,2.1538461538461537,0.07692307692307693,0.3825269230769231,0.3825269230769231
2021-09-29,260.4366760253906,264.5,256.8933410644531,259.9333190917969,62828700.0,260.150791347087,0.0017812557148908503,0.009508505258002366,0.2099569105691057,0.06826565663060218,9.46070460704607,369,-0.04958898760378361,0.08361086485990411,1.28,2.8,0.12,1.12,2.8,0.32,0.27612400000000004,0.105268
2021-09-30,258.49334716796875,263.0433349609375,258.3333435058594,260.3333435058594,53868000.0,259.12643450993625,-0.003937550340887164,0.009988030953090967,0.18752254641909813,0.0846436740301367,4.323607427055703,377,-0.022471504285931587,0.11261739890033604,1.2777777777777777,2.2777777777777777,0.0,1.0,2.2777777777777777,0.0,0.4780944444444445,0.32632777777777777
2021-10-01,258.4066772460937,260.260009765625,254.52999877929688,259.4666748046875,51094200.0,258.68160005723195,-0.0017166695229129392,0.0103947444982114,0.15620344827586208,0.0668347424349906,6.939655172413793,348,0.006335688754916191,0.10600456565345133,1.4,5.0,0.26666666666666666,1.2666666666666666,4.433333333333334,0.6666666666666666,0.37406666666666666,0.32048
2021-10-04,260.510009765625,268.989990234375,258.7066650390625,265.5,91449900.0,259.81161940237916,0.004368379292911451,0.010402804000674903,0.14745138004246286,0.05944995767772408,6.305732484076433,471,-0.005651351064443588,0.10708478992944312,1.5185185185185186,5.074074074074074,0.0,1.0,5.074074074074074,0.0,0.3595555555555556,0.18273333333333336
2021-10-05,260.1966552734375,265.7699890136719,258.0666809082031,261.6000061035156,55297800.0,260.04958465758114,0.0009159145990058626,0.008498053704430773,0.1313058823529412,0.06802301870931371,5.254901960784314,408,0.05736533831804991,0.08697049468543855,1.3636363636363635,2.5,0.13636363636363635,1.1363636363636365,2.5,0.36363636363636365,0.2878,0.17311818181818184
2021-10-06,260.9166564941406,262.2200012207031,257.739990234375,258.7333374023437,43898400.0,260.5854645232627,0.0020606834130776353,0.0030407956756197136,0.17822756756756755,0.08414501527290393,4.145945945945946,370,0.01497950591146946,0.10051673403894046,1.3529411764705883,5.705882352941177,0.0,1.0,5.705882352941177,0.0,0.33946470588235295,0.13185294117647062
2021-10-07,264.53668212890625,268.3333435058594,261.1266784667969,261.82000732421875,57587400.0,263.0274513004974,0.009371154994014086,0.004282656409279987,0.15400739495798318,0.06424869309369047,10.867226890756303,595,-0.17019011825323105,0.09803634010291137,1.368421052631579,5.157894736842105,0.15789473684210525,1.1578947368421053,4.7105263157894735,0.3157894736842105,0.3220315789473684,0.26348421052631577
2021-10-08,261.8299865722656,265.4599914550781,260.3033447265625,265.4033203125,50215800.0,262.287377398121,-0.0028136755259468016,0.004630254983626096,0.15723333333333334,0.07197104716061287,5.234649122807017,456,-0.4430970745161176,0.08095447793838471,1.5172413793103448,1.5517241379310345,0.1724137931034483,1.1724137931034482,1.5517241379310345,0.5517241379310345,0.23019655172413794,0.13479655172413793
2021-10-11,263.9800109863281,267.0799865722656,261.8333435058594,262.54998779296875,42600900.0,263.3334824861327,0.0039883928017772075,0.004110668766993976,0.16850946291560104,0.04765845860629535,6.879795396419437,391,0.04594621155411005,0.09972667036438336,1.7083333333333333,4.5,0.2916666666666667,1.2916666666666667,3.3333333333333335,0.8333333333333334,0.28076249999999997,0.1856958333333333
2021-10-12,268.5733337402344,270.7733459472656,265.5233459472656,266.9766540527344,66060000.0,266.5718886571613,0.012297737987797097,0.00511292531770475,0.10307471264367815,0.040344351613235026,6.285057471264368,435,-0.2534416578710079,0.0971014392970252,1.3214285714285714,1.7857142857142858,0.10714285714285714,1.1071428571428572,1.7857142857142858,0.21428571428571427,0.3726142857142857,0.11340714285714286
2021-10-13,270.3599853515625,271.8033447265625,268.59332275390625,270.1566772460937,42360300.0,268.91306116697234,0.008782518372828285,0.00538586242368875,0.1418188861985472,0.05133466747385662,4.128329297820823,413,0.0010927263647317886,0.08786661430218544,1.44,2.32,0.12,1.12,2.32,0.32,0.28166,0.1703
2021-10-14,272.7733459472656,273.4166564941406,271.1166687011719,271.8299865722656,36741600.0,271.29884836744753,0.008871964753671246,0.005231599982564016,0.16984257425742574,0.05892463042698848,11.490099009900991,404,0.049392590299248695,0.07557222351085718,1.52,2.04,0.2,1.2,2.04,0.48,0.188052,0.07426
2021-10-15,281.010009765625,281.07000732421875,274.1166687011719,274.5799865722656,56773800.0,277.3006761817572,0.022122570185704404,0.007615083179442492,0.10864631578947369,0.04807007043218942,10.202631578947368,760,-0.016719141975045204,0.08628439707980137,1.3636363636363635,4.575757575757576,0.48484848484848486,1.4848484848484849,3.878787878787879,3.0303030303030303,0.25315757575757575,0.16781818181818184
2021-10-18,290.03668212890625,291.7533264160156,283.8233337402344,283.92999267578125,72621600.0,285.1719607380161,0.02838537815573039,0.010598775154929447,0.13565812133072405,0.06492822520581629,8.578277886497064,1022,-0.034607795998454094,0.08341882097980283,1.280701754385965,2.8421052631578947,0.15789473684210525,1.1578947368421053,2.789473684210526,0.3508771929824561,0.2746701754385965,0.12676491228070175
2021-10-19,288.0899963378906,292.6499938964844,287.5033264160156,292.510009765625,52143300.0,286.97540591912076,0.006324062072713632,0.008953788507530154,0.1255122950819672,0.05334103403996812,14.8948087431694,732,-0.04012732952833176,0.12754126550241068,1.7619047619047619,2.1904761904761907,0.19047619047619047,1.1904761904761905,2.0285714285714285,0.6666666666666666,0.4817,0.3828095238095238
2021-10-20,288.6000061035156,289.8299865722656,285.7933349609375,288.45001220703125,42096300.0,287.97946405120615,0.0034987602121150374,0.009037149326809463,0.08814268738574041,0.04814414373752076,5.854661791590494,1094,-0.03495284542441368,0.08357622377847883,1.5151515151515151,2.272727272727273,0.15151515151515152,1.1515151515151516,2.272727272727273,0.36363636363636365,0.23842424242424243,0.06958181818181819
2021-10-21,298.0,300.0,285.1666564941406,285.3333435058594,94444500.0,294.1724958530509,0.02150511607571981,0.009588531552285954,0.10159892739273928,0.05364085117366539,12.164191419141915,1212,-0.2976591493934393,0.0961945056029763,1.525,4.0,0.05,1.05,3.5125,0.1,0.2966375,0.2185625
2021-10-22,303.2266540527344,303.3333435058594,296.9866638183594,298.5,68642400.0,299.7682733599739,0.019022096170806746,0.009401243897769373,0.14360035842293906,0.07069935310144607,5.941457586618877,837,-0.0785125270485878,0.091067431822561,1.3076923076923077,4.3076923076923075,0.23076923076923078,1.2307692307692308,4.3076923076923075,1.2307692307692308,0.3022730769230769,0.20881153846153847
2021-10-25,341.6199951171875,348.3399963378906,314.7333374023437,316.84332275390625,188556300.0,325.63405989363537,0.08628593761355385,0.027729894293665198,0.12099082044384668,0.055517382407001645,14.440147948890383,2974,-0.06454265490174294,0.08172385070623833,1.2394366197183098,3.0774647887323945,0.1267605633802817,1.1267605633802817,2.7300469483568075,0.4225352112676056,0.2651612676056338,0.213093661971831
2021-10-26,339.4766540527344,364.9800109863281,333.8133239746094,341.5633239746094,187245000.0,334.18925357642934,0.026272416606507365,0.02765912388565909,0.1293370090634441,0.058821778395325604,8.658987915407854,2648,-0.02931215614080429,0.09112905313066287,1.41,1.89,0.16,1.16,1.8,0.38,0.314017,0.17142700000000002
2021-10-27,345.9533386230469,356.9599914550781,343.59332275390625,346.5533447265625,115579500.0,341.4598579817834,0.021755949144221187,0.0277302776809721,0.16069659090909091,0.06342032951829764,7.040775401069519,1496,0.020449897274374962,0.07650845552669783,1.1956521739130435,2.869565217391304,0.1956521739130435,1.1956521739130435,2.869565217391304,0.6521739130434783,0.24479782608695652,0.1734195652173913
2021-10-28,359.0133361816406,360.3333435058594,351.3999938964844,356.10333251953125,81639600.0,352.3085041300755,0.031771366076275065,0.026293519855619236,0.1508664718772827,0.062033931032499615,8.226442658875092,1369,-0.07432262971997261,0.08058609675773103,1.2826086956521738,1.826086956521739,0.2391304347826087,1.2391304347826086,1.4945652173913044,0.6521739130434783,0.2680239130434783,0.1765978260869565
2021-10-29,371.3333435058594,371.7366638183594,357.7366638183594,360.6199951171875,89755200.0,364.06650149481726,0.033374151423834375,0.023553859480823364,0.10826473333333334,0.06033294451657111,13.982666666666667,1500,0.01010657474398613,0.09348750433322765,1.196969696969697,4.742424242424242,0.16666666666666666,1.1666666666666667,4.03030303030303,0.5151515151515151,0.33055,0.10956212121212121
2021-11-01,402.86334228515625,403.25,372.88665771484375,381.6666564941406,168146100.0,388.0442677593651,0.065860951683546,0.025434422726176232,0.113147344461305,0.05341357531691203,15.80576631259484,2636,-0.006212417036294937,0.09296191300454287,1.2136752136752136,3.8803418803418803,0.17094017094017094,1.170940170940171,3.5256410256410255,1.1623931623931625,0.3334205128205128,0.2423008547008547
2021-11-02,390.6666564941406,402.86334228515625,382.0,386.4533386230469,128213400.0,389.6649931291712,0.004176650718652475,0.028022716048436123,0.10188400826446281,0.052239007566235375,10.690909090909091,2420,-0.05108331423252821,0.09214794608284357,1.3846153846153846,1.956043956043956,0.03296703296703297,1.032967032967033,1.9505494505494505,0.06593406593406594,0.32205494505494503,0.1790131868131868
2021-11-03,404.6199951171875,405.1300048828125,384.2066650390625,392.4433288574219,103885500.0,398.9076926595875,0.023719604515133774,0.018651778382839712,0.13324965034965033,0.04928008140479398,6.53006993006993,1430,-0.08204501681029797,0.11669327747586533,1.564102564102564,3.0256410256410255,0.02564102564102564,1.0256410256410255,3.0256410256410255,0.05128205128205128,0.4408333333333333,0.40797692307692307
2021-11-04,409.9700012207031,414.4966735839844,405.6666564941406,411.4700012207031,76192200.0,405.7445753443959,0.01713900937639412,0.019230694850580966,0.12355105140186916,0.05890209629735326,11.309579439252337,1712,-0.05871726758778095,0.08997048276335354,1.1428571428571428,3.204081632653061,0.16326530612244897,1.163265306122449,3.204081632653061,0.3673469387755102,0.338430612244898,0.181434693877551
2021-11-05,407.36334228515625,413.2900085449219,402.6666564941406,409.3333435058594,64886400.0,406.7450283336505,0.002465721170530566,0.021558748819712797,0.1340136878814298,0.06577072772622451,7.045335658238884,1147,-0.02779674530029297,0.10381606473590554,1.3333333333333333,4.303030303030303,0.36363636363636365,1.3636363636363635,4.098484848484849,2.1818181818181817,0.38096969696969696,0.30046666666666666
2021-11-08,387.6466674804688,399.0,377.6666564941406,383.2633361816406,100337100.0,394.9415921969738,-0.029019251163395765,0.029421923949050383,0.1020707738867272,0.0464609974232686,7.496325118893212,2313,-0.010996315628290176,0.08135253761461397,1.5274725274725274,1.6593406593406594,0.16483516483516483,1.164835164835165,1.629120879120879,0.43956043956043955,0.22945384615384615,0.12494175824175824
2021-11-09,341.1666564941406,391.5,337.17333984375,391.2000122070313,177317400.0,361.7068541897827,-0.08415102046435141,0.04679932400659011,0.08766143984220907,0.042016593787272294,6.7243589743589745,2028,-0.026493515819311142,0.08985766807630817,1.518987341772152,2.8354430379746836,0.12658227848101267,1.1265822784810127,2.7911392405063293,0.4050632911392405,0.272420253164557,0.13878481012658228
2021-11-10,355.9833374023437,359.3666687011719,329.10333251953125,336.8033447265625,128408100.0,358.16952627996477,-0.00977954348623411,0.03671017603857368,0.10864156521739131,0.060257560894941754,5.970434782608696,1725,-0.08428291045129299,0.08392682320210154,1.403225806451613,2.4516129032258065,0.11290322580645161,1.1129032258064515,2.4408602150537635,0.5806451612903226,0.2604838709677419,0.08323548387096776
2021-11-11,354.5033264160156,368.3233337402344,351.5599975585937,367.5899963378906,67189800.0,355.903690154494,-0.006326155519159604,0.03620826926673971,0.11412758077226162,0.049008808764598406,7.016548463356974,1269,-0.3292079418897629,0.09916305741250743,1.838235294117647,1.6764705882352942,0.17647058823529413,1.1764705882352942,1.6470588235294117,1.0294117647058822,0.2881529411764706,0.18958235294117648
2021-11-12,344.47332763671875,351.5,339.7333374023437,349.1666564941406,76719300.0,348.83933761477607,-0.01984905673962345,0.03254863113626474,0.1269651111111111,0.05321897157129693,4.842222222222222,900,-0.09057081490755081,0.11722020539040512,2.0588235294117645,2.0,0.11764705882352941,1.1176470588235294,1.9852941176470589,0.23529411764705882,0.36354117647058826,0.3035294117647059
2021-11-15,337.7966613769531,343.99334716796875,326.20001220703125,339.2099914550781,104326800.0,342.0145883730407,-0.0195641617955139,0.028562256062781587,0.10381394101876676,0.06079635780295699,7.311662198391421,1492,-0.026183228939771652,0.10079796127190362,1.4821428571428572,3.267857142857143,0.25,1.25,3.1889880952380953,0.75,0.3470267857142857,0.27429821428571427
2021-11-16,351.57666015625,352.3999938964844,334.0599975585937,334.4366760253906,79627200.0,347.9242737379304,0.01727904471268893,0.03125026190549672,0.12455125115848009,0.06869119145962566,8.241890639481001,1079,-0.1805371344089508,0.11023398919531587,1.4047619047619047,2.5714285714285716,0.30952380952380953,1.3095238095238095,2.4047619047619047,1.2380952380952381,0.4317785714285714,0.2153309523809524
2021-11-17,363.0033264160156,373.21331787109375,351.8333435058594,354.5033264160156,94336200.0,357.2436408111372,0.02678561910350208,0.035833092933266565,0.13882944297082228,0.06765966605422026,5.612732095490716,1131,0.026693442836403847,0.10170346067808386,1.5769230769230769,4.423076923076923,0.038461538461538464,1.0384615384615385,4.423076923076923,0.07692307692307693,0.32060384615384613,0.20341923076923077
2021-11-18,365.4599914550781,370.6666564941406,358.3399963378906,368.8500061035156,62696700.0,362.32162477257975,0.014214343885625924,0.018838768732033245,0.1433487421383648,0.06322025155739322,6.651991614255765,954,0.01672825962305069,0.0852293924518725,1.28125,3.5,0.09375,1.09375,3.5,0.1875,0.279134375,0.228084375
2021-11-19,379.0199890136719,379.5733337402344,364.23333740234375,366.2900085449219,64926900.0,372.64178143010054,0.028483413497603083,0.02083960973528701,0.11308325183374084,0.06416695009243233,6.106356968215159,818,-0.025881798937916756,0.09540193449143376,1.3142857142857143,2.0,0.22857142857142856,1.2285714285714286,2.0,0.8,0.3595971428571429,0.28894
2021-11-22,385.6233215332031,400.6499938964844,377.4766540527344,387.4433288574219,99217500.0,380.6648144401378,0.021530148818114103,0.02078424701797652,0.1443467911318553,0.08151344646688567,6.5460910151691944,857,-0.13390955701470375,0.10054589654340974,1.1458333333333333,2.3958333333333335,1.5833333333333333,2.5833333333333335,2.3958333333333335,106.79166666666667,0.41190625,0.32000625
2021-11-23,369.6766662597656,393.5,354.2333374023437,389.1700134277344,108515100.0,373.8737653912475,-0.01783997047081487,0.02031450204307228,0.13389115890083633,0.04318624292732558,4.597371565113501,837,-0.015096783638000488,0.09481969668540993,1.3,6.05,0.05,1.05,6.05,0.1,0.307175,0.14493499999999998
2021-11-24,372.0,377.5899963378906,354.0,360.1300048828125,67680600.0,372.7157146925133,-0.00309743770741,0.01698362508193853,0.1608710644677661,0.06336186295228224,4.674662668665667,667,-0.09353511966764927,0.09826388697468146,1.4827586206896552,1.3448275862068966,0.2413793103448276,1.2413793103448276,1.3448275862068966,1.5172413793103448,0.35503103448275863,0.2967068965517241
2021-11-26,360.6400146484375,369.5933227539063,360.3333435058594,366.489990234375,35042700.0,365.25252162732585,-0.020023821832531263,0.020677245543253554,0.12357365439093483,0.04381457923116925,5.342776203966006,353,0.0019319094717502594,0.11899741392044323,1.263157894736842,1.3157894736842106,0.10526315789473684,1.105263157894737,1.3157894736842106,0.21052631578947367,0.5356894736842106,0.4215421052631579
2021-11-29,378.9966735839844,380.8900146484375,366.7300109863281,366.9966735839844,58393500.0,373.7468746830842,0.023256110643433914,0.020155077291713154,0.16221684027777777,0.07636694355211221,5.361111111111111,576,-0.057319763116538525,0.10138250582443387,1.2941176470588236,5.588235294117647,0.0,1.0,5.588235294117647,0.0,0.3579176470588235,0.2596117647058824
2021-11-30,381.586669921875,389.3333435058594,372.6666564941406,381.4566650390625,81276000.0,378.5921346054965,0.012964014552685699,0.020082236228785695,0.11908275862068966,0.04162645984947714,4.769115442278861,667,0.04074592515826225,0.08199132638963906,1.25,0.875,0.0,1.0,0.875,0.0,0.2970583333333333,0.23125833333333334
2021-12-01,365.0,390.9466552734375,363.586669921875,386.8999938964844,68450400.0,370.19173343963604,-0.022188525323205366,0.01995594110863461,0.11790913978494624,0.05694340923265181,3.7329749103942653,558,-0.1624270472675562,0.07773010989943781,1.3157894736842106,0.9473684210526315,0.05263157894736842,1.0526315789473684,0.9473684210526315,0.10526315789473684,0.2552,0.15833684210526316
2021-12-02,361.5333251953125,371.0,352.2166748046875,366.3533325195313,73114800.0,364.8405428561718,-0.014455186596803893,0.01776858498171644,0.1335919921875,0.06413299066232597,5.955078125,512,0.0575920008122921,0.09498147204412948,1.5333333333333334,2.1666666666666665,0.1,1.1,2.1666666666666665,0.26666666666666666,0.31305666666666665,0.25830333333333333
2021-12-03,338.3233337402344,363.5266723632813,333.4033203125,361.5966796875,92322000.0,348.4520063357339,-0.04491972408586886,0.022981501275328376,0.10557375,0.05550339514915077,26.891666666666666,720,-0.08094974979758263,0.08294780320682231,1.2,6.7,0.15,1.15,6.7,0.4,0.218725,0.164495
2021-12-06,336.336669921875,340.5466613769531,316.8333435058594,333.836669921875,81663000.0,340.96431664682984,-0.021488439018169103,0.023140818470708813,0.10995494623655915,0.050045563059560975,5.167741935483871,930,-0.15170830488204956,0.10357683188404311,1.6428571428571428,4.285714285714286,0.5,1.5,4.285714285714286,3.2142857142857144,0.322275,0.27386785714285716
2021-12-07,350.5833435058594,352.5566711425781,342.2699890136719,348.0666809082031,56084700.0,346.90920218440823,0.017435506436692894,0.025315203277646903,0.11497262830482116,0.05320975878275876,6.744945567651633,643,-0.044620176777243614,0.10382175481414992,1.2105263157894737,2.8421052631578947,0.05263157894736842,1.0526315789473684,2.8421052631578947,0.10526315789473684,0.42273157894736846,0.27390000000000003
2021-12-08,356.32000732421875,357.4599914550781,344.3333435058594,350.9033203125,41906400.0,352.7253996223133,0.01676576291802534,0.024110107728124525,0.13110606060606061,0.06582479449480085,10.64163372859025,759,-0.16073181480169296,0.07059150363851949,1.28,2.76,0.24,1.24,2.6933333333333334,1.28,0.18922,0.09226000000000001
2021-12-09,334.6000061035156,354.163330078125,334.1199951171875,353.5466613769531,59438400.0,341.5232903682293,-0.03175872581356165,0.0235530893761965,0.10147242562929061,0.046567638270796664,4.371853546910756,874,-0.0419885590672493,0.09103640656364359,1.4166666666666667,6.916666666666667,0.4166666666666667,1.4166666666666667,6.416666666666667,1.0,0.2483,0.104
2021-12-10,339.010009765625,340.32666015625,327.510009765625,336.25,59664300.0,339.96999753255403,-0.00454813150224842,0.02352116254746385,0.08029807073954984,0.043568308439840206,11.02572347266881,933,-0.035491352900862694,0.08212528860705462,1.48,2.88,0.0,1.0,2.88,0.0,0.22193200000000002,0.029427999999999996
2021-12-13,322.1366577148437,335.0,317.1400146484375,333.6966552734375,78595500.0,328.9483873922822,-0.03241936117970656,0.024797793232329356,0.12525299727520436,0.07430204362961972,7.53133514986376,734,-0.0548439659178257,0.10443249390457991,1.5333333333333334,8.866666666666667,0.0,1.0,8.866666666666667,0.0,0.28708666666666666,0.22124666666666667
2021-12-14,319.5033264160156,322.1366577148437,310.0,315.0,70806300.0,323.1110186831342,-0.017745545905919702,0.02107472836180422,0.10889404617253949,0.051088721706833866,5.132442284325638,823,0.01760866492986679,0.1043909645483868,1.6486486486486487,2.081081081081081,0.05405405405405406,1.054054054054054,1.972972972972973,0.10810810810810811,0.3550351351351351,0.21853783783783784
2021-12-15,325.3299865722656,326.25,309.4166564941406,317.7366638183594,75169200.0,324.482416258562,0.004244354095434666,0.021090370305102087,0.1225146505376344,0.05090278145881404,15.258064516129032,744,0.021678196266293526,0.09047822100997631,1.4761904761904763,3.4761904761904763,0.14285714285714285,1.1428571428571428,3.2142857142857144,0.38095238095238093,0.26936666666666664,0.06344285714285715
2021-12-16,308.97332763671875,331.6600036621094,307.2833251953125,331.5,82771500.0,314.8972723557286,-0.029539794523705476,0.019483332622569925,0.09785507246376811,0.04749086955388383,4.540691192865106,897,0.06161612458527088,0.10652811560713298,1.3793103448275863,2.689655172413793,0.5172413793103449,1.5172413793103448,2.6551724137931036,2.0689655172413794,0.4125620689655172,0.21668620689655171
2021-12-17,310.8566589355469,320.2200012207031,303.0133361816406,304.92333984375,100437300.0,312.4000359266573,-0.007930320927804768,0.01473058131172918,0.08921413994169097,0.060069365521649806,5.855685131195335,686,-0.3991873823106289,0.08743429298779827,1.4090909090909092,3.1818181818181817,0.22727272727272727,1.2272727272727273,3.1818181818181817,0.6363636363636364,0.27305454545454544,0.12858181818181819
2021-12-20,299.9800109863281,307.2300109863281,297.7966613769531,303.5666809082031,56480100.0,304.7240383724125,-0.02457105208543231,0.01375677452039235,0.10478562091503267,0.05704788221519992,4.5588235294117645,612,0.011425263248383999,0.11022522548440811,1.4736842105263157,7.2105263157894735,0.0,1.0,7.2105263157894735,0.0,0.3616473684210526,0.1260157894736842
2021-12-21,312.84332275390625,313.1666564941406,295.3733215332031,305.6233215332031,71517900.0,309.74203208450183,0.016467337919552794,0.018250316552703132,0.07405049668874172,0.05317218918612933,4.299668874172186,604,4.349835216999054e-05,0.09278106739922969,1.2,3.45,0.1,1.1,3.425,0.2,0.34531999999999996,0.21463000000000002
2021-12-22,336.2900085449219,338.5533447265625,319.01666259765625,321.8866577148437,93634200.0,326.1495838695736,0.05297166701804157,0.028705383220367708,0.12038648130393097,0.03981819765727088,5.513902205177373,1043,-0.3743455922231078,0.0978756318170153,1.5853658536585367,2.073170731707317,0.2926829268292683,1.2926829268292683,2.042682926829268,1.2195121951219512,0.3233560975609756,0.28205365853658537
2021-12-23,355.6666564941406,357.6600036621094,332.5199890136719,335.6000061035156,92713200.0,344.3921379999551,0.0559330903137889,0.034425224229311074,0.109399173553719,0.04778665793732587,9.470156106519743,1089,0.016137815080583096,0.1112370703669804,1.7741935483870968,3.225806451612903,0.16129032258064516,1.1612903225806452,3.064516129032258,0.3225806451612903,0.3575516129032258,0.18609354838709677
2021-12-27,364.6466674804688,372.3333435058594,356.9066772460937,357.8900146484375,71145900.0,356.91012564504933,0.036348064499358346,0.03569938062590315,0.10791701913393757,0.046751446919930426,7.335347432024169,993,-0.40659878961741924,0.11785824050542416,1.6111111111111112,8.61111111111111,0.1111111111111111,1.1111111111111112,8.61111111111111,0.2222222222222222,0.3676888888888889,0.32932222222222224
2021-12-28,362.8233337402344,373.0,359.47332763671875,369.8299865722656,60324000.0,360.56468923042473,0.010239450558513719,0.03033140459073935,0.12036033653846154,0.04720700951231944,5.697115384615385,832,0.06924844440072775,0.08955171407264734,1.5,3.611111111111111,0.05555555555555555,1.0555555555555556,3.611111111111111,0.1111111111111111,0.2646388888888889,0.16728333333333334
2021-12-29,362.0633239746094,368.0,354.7133178710937,366.21331787109375,56154000.0,361.49089643905234,0.002568768479809913,0.02895279926214301,0.10202577665827035,0.04727248775868196,6.5902602854743915,1191,0.018303941935300827,0.10775190189588867,1.6363636363636365,3.909090909090909,0.045454545454545456,1.0454545454545454,3.772727272727273,0.09090909090909091,0.3554136363636364,0.3554136363636364
2021-12-30,356.7799987792969,365.1833190917969,351.04998779296875,353.77667236328125,47040900.0,358.57940156780114,-0.008054130546388705,0.024980260781948448,0.09898653295128941,0.037682663422341015,5.269340974212034,1047,-0.07709081843495369,0.0999083666568358,1.65,5.1,0.0,1.0,5.1,0.0,0.28661,0.25478999999999996
2021-12-31,352.260009765625,360.6666564941406,351.5299987792969,357.8133239746094,40733700.0,354.67380264582886,-0.010891866361804392,0.028242765875802055,0.09442070365358593,0.049469076036552706,12.24763193504736,739,-0.1726020872592926,0.11765279298745183,1.6363636363636365,2.8181818181818183,0.22727272727272727,1.2272727272727273,2.8181818181818183,0.8181818181818182,0.4351409090909091,0.3569136363636364
2022-01-03,399.9266662597656,400.3566589355469,378.6799926757813,382.5833435058594,103931400.0,382.6416104475052,0.07885501436260434,0.03433545905171718,0.11034647266313934,0.05750213786764055,13.03042328042328,2268,-0.08134674094617367,0.09483473557738038,1.2337662337662338,4.402597402597403,0.18181818181818182,1.1818181818181819,4.396103896103896,0.7012987012987013,0.3388376623376623,0.15061428571428573
2022-01-04,383.1966552734375,402.6666564941406,374.3500061035156,396.51666259765625,100248300.0,382.9846470152111,0.0008964957243013938,0.03190526214712866,0.13773028209556706,0.055672126209511154,7.130685089234312,1737,-0.1586208324879408,0.10540249396678536,1.462962962962963,2.9074074074074074,0.2037037037037037,1.2037037037037037,2.888888888888889,1.0,0.38614444444444446,0.2858888888888889
2022-01-05,362.7066650390625,390.11334228515625,360.336669921875,382.2166748046875,80119800.0,370.4521649306935,-0.032723197084241984,0.034990020117319526,0.1390474956822107,0.05769284357634936,4.736614853195164,1158,-0.09930409118533134,0.1065257612904949,1.2941176470588236,3.8529411764705883,0.058823529411764705,1.0588235294117647,3.8529411764705883,0.11764705882352941,0.4142617647058824,0.24720294117647057
2022-01-06,354.8999938964844,362.6666564941406,340.1666564941406,359.0,90336600.0,360.8403946327007,-0.025946049741107813,0.03685525738961401,0.09211408751334045,0.04763519294535419,4.672358591248666,937,-0.1908879317343235,0.09475345142707685,1.12,4.76,1.64,2.64,4.72,32.8,0.354632,0.194608
2022-01-07,342.32000732421875,360.30999755859375,336.6666564941406,360.1233215332031,84164700.0,349.3941657912467,-0.0317210296067465,0.03878919678251876,0.1056662398137369,0.04976997370598975,3.6123399301513386,859,0.008926112204790115,0.08300793233317326,1.2666666666666666,6.133333333333334,0.0,1.0,6.133333333333334,0.0,0.23378,0.20360666666666666
2022-01-10,352.7066650390625,353.0333251953125,326.6666564941406,333.3333435058594,91815000.0,351.4414029141053,0.005859391264368741,0.038916635442132363,0.10782352941176471,0.04517843607359344,5.207282913165266,1071,-0.04571767244488001,0.10224039585228348,1.3928571428571428,6.964285714285714,0.39285714285714285,1.3928571428571428,6.839285714285714,2.857142857142857,0.326575,0.24476785714285715
2022-01-11,354.79998779296875,358.6166687011719,346.2733459472656,351.22332763671875,66063300.0,353.51712252334437,0.005906303560216486,0.038811899597863436,0.13757792207792208,0.04993800333503297,11.9512987012987,924,0.018443066626787186,0.08914437912427829,1.5,2.8461538461538463,0.3076923076923077,1.3076923076923077,2.8461538461538463,1.3076923076923077,0.26508461538461536,0.21440769230769233
2022-01-12,368.739990234375,371.61334228515625,357.5299987792969,359.6166687011719,83739000.0,362.9253721750046,0.02661327854364104,0.022932036588484684,0.08922558635394456,0.05254431211683534,10.123667377398721,938,-0.16557936184108257,0.0795983842226568,1.4814814814814814,2.5555555555555554,0.07407407407407407,1.0740740740740742,2.5555555555555554,0.14814814814814814,0.21005185185185185,0.10163703703703704
2022-01-13,343.85333251953125,371.8666687011719,342.17999267578125,369.6900024414063,97209900.0,351.13820343313625,-0.032478216309948515,0.024367889265140545,0.09416032887975334,0.05132360796093597,8.915724563206577,973,-0.15315981023013592,0.08533278802782557,1.4,3.1333333333333333,0.5333333333333333,1.5333333333333334,2.816666666666667,3.7333333333333334,0.25732666666666665,0.17947333333333332
2022-01-14,349.8699951171875,350.6666564941406,337.7933349609375,339.9599914550781,72924300.0,350.35440758906464,-0.0022321576986163993,0.02273093994402228,0.08654703247480404,0.043841492337270895,11.864501679731243,893,-0.29927981831133366,0.0974663948847355,1.7058823529411764,1.9411764705882353,0.08823529411764706,1.088235294117647,1.9411764705882353,0.35294117647058826,0.2938205882352941,0.13221470588235296
2022-01-18,343.5033264160156,356.92999267578125,338.6866760253906,342.2033386230469,66743400.0,346.1202065644359,-0.012085479539892363,0.02144540674529216,0.10854719687092569,0.04036803404014248,10.94915254237288,767,-0.017483606934547424,0.10524805182745889,1.5238095238095237,2.9523809523809526,0.19047619047619047,1.1904761904761905,2.634920634920635,0.47619047619047616,0.3665904761904762,0.2819904761904762
2022-01-19,331.8833312988281,351.5566711425781,331.6666564941406,347.2366638183594,75442500.0,337.3213337566976,-0.025421436370546724,0.02027326990426388,0.10854332874828061,0.04623542761584743,15.522696011004127,727,0.038899064995348454,0.1266190504823961,1.6666666666666667,5.388888888888889,0.3333333333333333,1.3333333333333333,5.222222222222222,1.0,0.4456444444444444,0.2771444444444444
2022-01-20,332.0899963378906,347.2200012207031,331.3333435058594,336.57666015625,70488600.0,334.08818942525573,-0.009584760902711986,0.019749168772588546,0.1479773946360153,0.06672055485965912,13.260536398467433,783,-0.30430314503610134,0.07578173810106333,1.411764705882353,5.647058823529412,0.0,1.0,5.647058823529412,0.0,0.1514764705882353,0.044605882352941176
2022-01-21,314.6333312988281,334.8500061035156,313.5,332.11334228515625,103416000.0,322.0644258568164,-0.03598978937005903,0.02144713393081123,0.10831006711409395,0.054651166522943245,12.7679769894535,1043,-0.12346669286489487,0.107201470921365,1.2857142857142858,6.571428571428571,0.09523809523809523,1.0952380952380953,6.261904761904762,0.19047619047619047,0.3743952380952381,0.06335714285714286
2022-01-24,310.0,311.1700134277344,283.8233337402344,301.586669921875,151565700.0,314.6082006225508,-0.023151346859961786,0.012499254506895366,0.07998224981738496,0.046740153225621264,21.949598246895544,1369,0.041397254914045334,0.10965337618803364,1.3846153846153846,5.794871794871795,0.358974358974359,1.358974358974359,5.423076923076923,1.9487179487179487,0.37530769230769234,0.2630051282051282
2022-01-25,306.1333312988281,317.086669921875,301.07000732421875,304.7333374023437,86595900.0,309.3704433302763,-0.016648508468342316,0.0112648681101401,0.10240143769968052,0.038035365093859165,4.73961661341853,1252,-0.15251442231237888,0.08358218707124151,1.3428571428571427,4.857142857142857,0.7142857142857143,1.7142857142857142,4.857142857142857,4.914285714285715,0.2383857142857143,0.19173428571428572
2022-01-26,312.4700012207031,329.2300109863281,302.0,317.4766540527344,104867400.0,311.286075456658,0.006192033426853927,0.013452021112762898,0.07256519563239308,0.03945105664099679,10.840764331210192,2198,-0.1990695744752884,0.084518120638717,1.3243243243243243,2.891891891891892,0.05405405405405406,1.054054054054054,2.864864864864865,0.10810810810810811,0.2636756756756757,0.13902162162162163
2022-01-27,276.3666687011719,311.7966613769531,276.3333435058594,311.1199951171875,147109500.0,289.70469521478486,-0.06932973217710803,0.02369828837836996,0.07980255639097744,0.05334573976074478,7.103759398496241,1995,0.04167021065950394,0.09738577400389005,1.6730769230769231,5.576923076923077,0.038461538461538464,1.0384615384615385,5.5673076923076925,0.07692307692307693,0.25727115384615384,0.041828846153846154
2022-01-28,282.1166687011719,285.8333435058594,264.0033264160156,277.1866760253906,134789100.0,285.01503692183667,-0.01618771932388363,0.02391700287028137,0.09303460949464012,0.054029726727612415,5.234303215926493,1306,-0.006763286888599396,0.10143350929276385,1.3255813953488371,3.3255813953488373,0.09302325581395349,1.0930232558139534,3.3255813953488373,0.23255813953488372,0.38067906976744187,0.27173488372093024
2022-01-31,312.239990234375,312.663330078125,287.3500061035156,290.9033203125,104436000.0,301.8409834111144,0.05903529396553253,0.03954285351523997,0.09060086862106406,0.05361151048648814,12.260586319218241,921,0.005322976037859917,0.1061947748206998,1.3478260869565217,6.086956521739131,0.08695652173913043,1.0869565217391304,5.608695652173913,0.17391304347826086,0.36488695652173914,0.3251913043478261
2022-02-01,310.4166564941406,314.5666809082031,301.6666564941406,311.7366638183594,73138200.0,307.1410408528322,0.017559104737274955,0.03969725080638235,0.1012915143603133,0.036400793944543396,6.023498694516971,766,-0.01231405884027481,0.10753620351444726,1.45,3.4,0.7,1.7,3.4,5.3,0.39569,0.28575
2022-02-02,301.8866577148437,310.5,296.4700012207031,309.3933410644531,66792900.0,303.89365348364095,-0.010572951632169647,0.03907530997843994,0.1314406432748538,0.05090244602336899,4.3845029239766085,684,-0.04454977251589298,0.10003154937632629,1.5263157894736843,6.052631578947368,0.0,1.0,6.052631578947368,0.0,0.2987473684210526,0.12762105263157894
2022-02-03,297.0466613769531,312.3333435058594,293.50665283203125,294.0,78855600.0,299.66197964100564,-0.013924850993517368,0.03894495396809429,0.11257078774617069,0.04991951159895947,4.143326039387309,914,-0.226279741153121,0.12181710666962776,1.3333333333333333,7.0,0.0,1.0,7.0,0.0,0.4685222222222223,0.3281222222222222
2022-02-04,307.7733459472656,312.1666564941406,293.72332763671875,299.0733337402344,73625400.0,304.675079713475,0.016729182922955443,0.039597758252406676,0.12752610294117647,0.06405436534136871,3.645220588235294,544,-0.06596809811890125,0.089255027857334,1.2352941176470589,3.7058823529411766,0.058823529411764705,1.0588235294117647,3.7058823529411766,0.11764705882352941,0.31220588235294117,0.15752352941176473
2022-02-07,302.4466552734375,315.92333984375,300.9033203125,307.92999267578125,60994500.0,303.29783766817087,-0.0045203632886526846,0.026866209938229628,0.1581607438016529,0.0649277351953324,4.929752066115703,484,0.009423380717635155,0.11003871525725231,1.6,5.55,0.3,1.3,4.45,0.9,0.35736,0.30222
2022-02-08,307.3333435058594,308.7633361816406,298.26666259765625,301.84332275390625,50729100.0,305.79191743766097,0.00822320326668069,0.024885107312864974,0.12677976190476192,0.06140749330564189,4.135714285714286,420,-0.062286095693707466,0.08979782474433369,1.44,1.48,0.04,1.04,1.48,0.08,0.305284,0.19934000000000002
2022-02-09,310.6666564941406,315.42333984375,306.6666564941406,311.6666564941406,52259400.0,308.804671860852,0.009852302338256624,0.012917296930581584,0.14375771028037385,0.07698803007894296,4.030373831775701,428,0.039428481832146645,0.12311126726160714,1.3333333333333333,3.0,0.3333333333333333,1.3333333333333333,3.0,1.1666666666666667,0.5280416666666666,0.40689166666666665
2022-02-10,301.51666259765625,314.60333251953125,298.8999938964844,302.7900085449219,66126900.0,304.30043442587294,-0.014586040450219273,0.01273033052336215,0.08357954545454545,0.04404214525008777,4.108585858585859,396,0.013389665633440018,0.11932005521262647,1.9285714285714286,2.857142857142857,0.07142857142857142,1.0714285714285714,2.857142857142857,0.14285714285714285,0.39112142857142856,0.37312142857142855
2022-02-11,286.6666564941406,305.32000732421875,283.5666809082031,303.2099914550781,79645800.0,293.40216031399456,-0.03581419176229661,0.018206040813701186,0.05582048780487804,0.03386542262529487,4.909756097560976,410,-0.23871743120253086,0.10634027080537119,1.3333333333333333,3.6666666666666665,0.16666666666666666,1.1666666666666667,3.6666666666666665,0.3333333333333333,0.40718333333333334,0.40718333333333334
2022-02-14,291.9200134277344,299.6266784667969,284.3833312988281,287.19000244140625,67756500.0,292.4861431619659,-0.003122053195001473,0.017762324578084267,0.1015657004830918,0.06285753530825564,5.06280193236715,414,-0.12405061721801758,0.1030428698328058,1.5384615384615385,2.9615384615384617,0.038461538461538464,1.0384615384615385,2.9615384615384617,0.07692307692307693,0.35593846153846154,0.29723846153846156
2022-02-15,307.4766540527344,307.6666564941406,297.7933349609375,300.0,57286200.0,301.7507884011863,0.031675501406882134,0.021149446459736914,0.14806439790575918,0.06059660637988297,4.730366492146596,382,-0.32524495013058186,0.12194651714861679,2.2,1.65,0.05,1.05,1.65,0.1,0.3725,0.29220999999999997
2022-02-16,307.7966613769531,308.8099975585937,300.4033203125,304.6833190917969,51294300.0,305.4873433918747,0.012382917076990463,0.021663812954084653,0.16275650793650792,0.06610037512764035,4.053968253968254,315,0.013193080201745033,0.07928292989520513,1.5454545454545454,0.9545454545454546,0.09090909090909091,1.0909090909090908,0.9545454545454546,0.2727272727272727,0.22179545454545455,0.16593181818181818
2022-02-17,292.1166687011719,306.1666564941406,291.3666687011719,304.4200134277344,55178400.0,297.2238119805024,-0.02705032332803381,0.023766457829897874,0.086941796875,0.07241859874752228,3.53125,512,-0.04376924782991409,0.10794881010639201,1.5,2.8125,0.3125,1.3125,2.8125,1.0,0.39783125,0.13248125
2022-02-18,285.6600036621094,295.6233215332031,279.2033386230469,295.3333435058594,68501700.0,290.07698540034676,-0.024045269228376798,0.023971524604189758,0.12333084677419355,0.06388252886248046,3.6391129032258065,496,-0.5857575498521328,0.11677083290401906,1.9259259259259258,2.2222222222222223,0.25925925925925924,1.2592592592592593,2.2222222222222223,0.8148148148148148,0.3827814814814815,0.19484074074074073
2022-02-22,273.84332275390625,285.57666015625,267.0333251953125,278.0433349609375,83288100.0,280.04403012294694,-0.034587215747409084,0.025910431956145563,0.0501973018549747,0.043805734703733674,8.170320404721753,593,-0.12244236841797829,0.08425571491801441,1.3333333333333333,5.166666666666667,0.0,1.0,5.166666666666667,0.0,0.24155000000000001,0.14921666666666666
2022-02-23,254.67999267578125,278.4333190917969,253.5200042724609,276.8099975585937,95256900.0,264.36819288867343,-0.055976330676970276,0.029879325517219314,0.07704438502673797,0.04302470655258407,11.829946524064171,935,-0.024843357503414154,0.1232944316805142,1.35,7.2,0.1,1.1,7.2,0.2,0.46395,0.42995
2022-02-24,266.92333984375,267.49334716796875,233.3333282470703,233.4633331298828,135322200.0,265.94736055316156,0.005973364825900607,0.030639048324052703,0.11339927461139897,0.043567294016960655,4.831088082901554,965,-0.27369920816272497,0.11023091227122524,1.4090909090909092,4.0,0.18181818181818182,1.1818181818181819,4.0,0.6363636363636364,0.41425,0.26835909090909094
2022-02-25,269.9566650390625,273.1666564941406,260.79998779296875,269.74334716796875,76067700.0,268.42524699669576,0.009317206376405762,0.026010395454306414,0.07818288288288289,0.031654126082511495,3.4054054054054053,444,-0.026461848989129066,0.09725661704518117,1.565217391304348,1.6521739130434783,0.17391304347826086,1.173913043478261,1.6014492753623186,0.43478260869565216,0.32892173913043476,0.2368782608695652
2022-02-28,290.1433410644531,292.28668212890625,271.57000732421875,271.6700134277344,99006900.0,281.8477673014373,0.05000468642544176,0.035188579926993854,0.14103778501628664,0.04467858087353104,5.12214983713355,614,-0.16640225145965815,0.10614459647525873,1.32,4.36,0.04,1.04,4.36,0.08,0.400184,0.400184
2022-03-01,288.1233215332031,296.6266784667969,284.59332275390625,289.8933410644531,74766900.0,285.7262731149118,0.013760995343725657,0.03544845059166274,0.12232847222222222,0.04381196778779595,3.4074074074074074,432,0.12009778246283531,0.08971113698480172,1.2857142857142858,1.8571428571428572,0.5714285714285714,1.5714285714285714,1.8571428571428572,5.142857142857143,0.32885000000000003,0.2241357142857143
2022-03-02,293.2966613769531,295.49334716796875,281.42333984375,290.7099914550781,74643300.0,290.40503036888657,0.01637496336255051,0.03513475180527135,0.03490854503464203,0.02326136575798966,3.0739030023094687,433,-0.007767491042613983,0.09286885089391139,1.434782608695652,1.0,0.43478260869565216,1.434782608695652,1.0,1.2173913043478262,0.3328086956521739,0.2398
2022-03-03,279.7633361816406,295.4800109863281,277.5333251953125,292.92333984375,61623600.0,283.82810166328636,-0.02264743381767831,0.03338254180033657,0.10484040178571429,0.05087472527027626,3.5625,448,0.11885533668100834,0.09599207862171244,1.5,1.5714285714285714,0.07142857142857142,1.0714285714285714,1.5714285714285714,0.14285714285714285,0.3333857142857143,0.2645
2022-03-04,279.42999267578125,285.2166748046875,275.0533447265625,283.0333251953125,66999600.0,281.1099208227818,-0.009576855937010742,0.022782874186830476,0.04964817351598174,0.02665170993991736,6.890410958904109,438,-0.2295618001371622,0.10333262149094528,1.588235294117647,2.588235294117647,0.8823529411764706,1.8823529411764706,2.588235294117647,9.647058823529411,0.34973529411764703,0.2644764705882353
2022-03-07,268.1933288574219,288.7133178710937,268.19000244140625,285.4333190917969,72494100.0,273.12702796937555,-0.028397762804105664,0.02688572295141388,0.09068313253012049,0.04284864727645374,4.865461847389558,498,-0.04641423374414444,0.12523717530155126,1.5555555555555556,7.777777777777778,0.0,1.0,7.777777777777778,0.0,0.43872222222222224,0.43872222222222224
2022-03-08,274.79998779296875,283.3299865722656,260.72332763671875,265.1766662597656,80399100.0,274.16097400216916,0.0037855866571709917,0.026788603207180673,0.0502510067114094,0.02468855648788002,3.959731543624161,447,-0.47263671644032,0.09840351727605023,1.4,3.9,0.2,1.2,3.9,0.4,0.33921999999999997,0.24388
2022-03-09,286.3233337402344,286.85333251953125,277.336669921875,279.82666015625,59184000.0,281.67772570369675,0.02741729281085825,0.020954414779304226,0.1052516129032258,0.06404633781996479,3.685483870967742,372,-0.13647058233618736,0.09705209959912989,1.3333333333333333,4.444444444444445,0.1111111111111111,1.1111111111111112,4.444444444444445,0.2222222222222222,0.3358555555555556,0.3358555555555556
2022-03-10,279.4333190917969,284.8166809082031,270.1199951171875,283.8166809082031,58648500.0,280.29060613296764,-0.004924491516905549,0.020097094004182393,0.13284276018099547,0.06326295078150507,5.15158371040724,442,-0.04907744191586971,0.09006161794952339,1.6111111111111112,2.1666666666666665,0.16666666666666666,1.1666666666666667,2.0555555555555554,0.4444444444444444,0.26491666666666663,0.22956111111111113
2022-03-11,265.1166687011719,281.26666259765625,264.5899963378906,280.0666809082031,67037100.0,270.9125970569536,-0.03345816402981838,0.021071570406729634,0.06707417355371902,0.03428629327921505,4.398760330578512,484,-0.036219120025634766,0.09577538294985743,1.4285714285714286,3.7857142857142856,0.07142857142857142,1.0714285714285714,3.7857142857142856,0.14285714285714285,0.3175642857142857,0.18832142857142856
2022-03-14,255.4566650390625,266.8999938964844,252.01333618164065,260.2033386230469,71152200.0,261.36030574208917,-0.03525967938971941,0.022830379247017658,0.09634722719141324,0.042768766486813214,4.041144901610018,559,-0.056742966175079346,0.08872578718392977,1.3571428571428572,6.5,2.5,3.5,6.5,90.0,0.2427,0.1424
2022-03-15,267.2966613769531,268.5233459472656,252.19000244140625,258.42333984375,66841200.0,265.02917529374207,0.014037592821280809,0.02481795235080706,0.10192327586206897,0.03909703743960023,3.4956896551724137,464,-0.18511385843157768,0.10564152992555856,1.6923076923076923,4.3076923076923075,0.15384615384615385,1.1538461538461537,4.3076923076923075,0.3076923076923077,0.3268153846153846,0.035076923076923075
2022-03-16,280.07666015625,280.6666564941406,267.4200134277344,269.6666564941406,84028800.0,274.3290323839715,0.035089937098140345,0.027613253485247437,0.09866155555555556,0.043945443217439706,4.231111111111111,450,0.05619386211037636,0.10392581905733532,1.1764705882352942,2.823529411764706,0.11764705882352941,1.1176470588235294,2.823529411764706,0.35294117647058826,0.4325235294117647,0.4325235294117647
2022-03-17,290.5333251953125,291.6666564941406,275.239990234375,276.9966735839844,66582900.0,284.34383610503585,0.03650653973454365,0.030762179386765197,0.1106054347826087,0.03009983107204521,4.47463768115942,552,-0.030339591205120087,0.08882751426689825,1.4,2.6666666666666665,0.13333333333333333,1.1333333333333333,2.6666666666666665,0.26666666666666666,0.2907533333333333,0.25128666666666666
2022-03-18,301.7966613769531,302.6166687011719,289.1300048828125,291.4966735839844,100414200.0,295.13027532279386,0.03793449285031647,0.03222567685827471,0.11583795986622074,0.04627033343839364,3.749163879598662,598,-0.03391534276306629,0.08550376769818284,1.263157894736842,2.736842105263158,0.21052631578947367,1.2105263157894737,2.710526315789474,0.42105263157894735,0.29430526315789474,0.29430526315789474
2022-03-21,307.0533447265625,314.2833251953125,302.36334228515625,304.99334716796875,81981600.0,302.49913746454683,0.024968167476865588,0.032342086467611476,0.08571822916666666,0.034637131052289896,10.463541666666666,576,-0.0372147373855114,0.11142012733031943,1.6818181818181819,5.318181818181818,0.09090909090909091,1.0909090909090908,4.840909090909091,0.18181818181818182,0.35108181818181816,0.28796363636363637
2022-03-22,331.32666015625,332.6199951171875,307.25,310.0,105868500.0,320.3155262994782,0.05889732111060808,0.02972316862657434,0.09337798408488064,0.031904897455778916,4.6648983200707335,1131,-0.042106641456484795,0.09562771816446822,1.6756756756756757,2.7027027027027026,0.16216216216216217,1.162162162162162,2.675675675675676,0.3783783783783784,0.2831594594594595,0.12911621621621622
2022-03-23,333.03668212890625,346.8999938964844,325.4666748046875,326.64666748046875,120676200.0,328.1776329782486,0.024544881634678273,0.014184025423673984,0.08230682011935209,0.04131383566457555,5.298380221653879,1173,0.0017851777374744415,0.0904125598224159,1.606060606060606,2.212121212121212,0.7272727272727273,1.7272727272727273,2.1666666666666665,12.0,0.26705454545454543,0.0649030303030303
2022-03-24,337.97332763671875,341.4966735839844,329.6000061035156,336.57666015625,68920800.0,334.23170522059894,0.01844754679777827,0.013262156606515418,0.08240923276983095,0.0338080029198984,10.498049414824447,769,-0.15320392325520515,0.09728576872834879,1.5769230769230769,3.1153846153846154,1.2692307692307692,2.269230769230769,2.5961538461538463,28.307692307692307,0.30166923076923075,0.29769999999999996
2022-03-25,336.8800048828125,340.6000061035156,332.44000244140625,336.0,62031600.0,335.8684444242418,0.004897019576771022,0.017112254983571006,0.1160494459833795,0.03335566845903225,4.349030470914127,722,0.059986953623592854,0.11503629461631276,1.5909090909090908,5.545454545454546,0.09090909090909091,1.0909090909090908,4.2272727272727275,0.18181818181818182,0.39285909090909094,0.26575909090909094
2022-03-28,363.9466552734375,365.9599914550781,351.20001220703125,355.0333251953125,102506100.0,353.2217330723308,0.05166692178491683,0.01900762778311184,0.10056342592592592,0.0633770160796496,7.157407407407407,1296,0.007676863111555576,0.08619550019807629,1.3773584905660377,3.0943396226415096,0.11320754716981132,1.1132075471698113,3.018867924528302,0.2641509433962264,0.2720867924528302,0.13396981132075472
2022-03-29,366.5233459472656,371.5899963378906,357.7033386230469,369.3299865722656,73614900.0,361.4425819342337,0.023273904440697324,0.019003893340626635,0.13988955773955775,0.06952134077298952,7.562653562653563,814,0.05357240326702595,0.0750861259156677,1.4285714285714286,3.6785714285714284,0.21428571428571427,1.2142857142857142,3.642857142857143,0.8571428571428571,0.17931785714285714,0.118075
2022-03-30,364.663330078125,371.3166809082031,361.3333435058594,363.7233276367188,59865000.0,363.43311375636165,0.005507186816439136,0.021091031247856044,0.1265983844911147,0.05850572527757365,6.310177705977383,619,-0.09947196207940578,0.07308538897043805,1.2142857142857142,3.2857142857142856,0.07142857142857142,1.0714285714285714,3.2857142857142856,0.14285714285714285,0.21339285714285713,0.15969285714285714
2022-03-31,359.20001220703125,367.71331787109375,358.8800048828125,364.8566589355469,48992700.0,360.8169131210456,-0.007198575298424492,0.018989744436538045,0.14326172248803828,0.047276983335057025,14.370015948963317,627,-0.02195517159998417,0.06914054273052611,1.1481481481481481,1.4814814814814814,0.18518518518518517,1.1851851851851851,1.462962962962963,0.37037037037037035,0.21925185185185186,0.15665185185185185
2022-04-01,361.5299987792969,364.9166564941406,355.5466613769531,360.3833312988281,54263100.0,361.25762429473497,0.0012214260409171285,0.01954585114432543,0.11943805855161786,0.04704677913779485,4.85362095531587,649,0.00835446733981371,0.07939956597872781,1.5333333333333334,0.6,0.13333333333333333,1.1333333333333333,0.6,0.26666666666666666,0.22891999999999998,0.22891999999999998
2022-04-04,381.8166809082031,383.3033447265625,357.510009765625,363.1266784667969,82035900.0,373.9638200584916,0.03517211792709518,0.02114096690504326,0.09488910505836577,0.043774278453697135,6.341439688715953,1028,-0.23811535350978374,0.09777333458381246,1.5172413793103448,3.9310344827586206,0.034482758620689655,1.0344827586206897,3.9310344827586206,0.06896551724137931,0.3121413793103448,0.13452758620689656
2022-04-05,363.7533264160156,384.2900085449219,362.4333190917969,378.76666259765625,80075100.0,367.65338794552673,-0.016874445533201166,0.024451250625454155,0.12395088607594937,0.047308655525886936,4.435443037974683,790,0.013156641274690628,0.10036416882105147,1.3076923076923077,6.3076923076923075,0.15384615384615385,1.1538461538461537,6.3076923076923075,0.3076923076923077,0.33927692307692314,0.33927692307692314
2022-04-06,348.586669921875,359.6666564941406,342.5666809082031,357.8233337402344,89348400.0,355.86950815299974,-0.03205160126056816,0.022959183515688434,0.13164404591104734,0.04051691313618707,5.223816355810617,697,-0.20892062224447727,0.07790798890893819,1.3,2.0,0.3,1.3,2.0,0.8666666666666667,0.24527333333333334,0.13767333333333334
2022-04-07,352.4200134277344,358.86334228515625,340.5133361816406,350.7966613769531,79447200.0,353.73760316877224,-0.005990693036029726,0.020857785041500324,0.13613259361997226,0.04310147184864081,45.17614424410541,721,0.0028505362570285797,0.09659984067418424,1.606060606060606,2.4242424242424243,0.15151515151515152,1.1515151515151516,2.254545454545455,0.6666666666666666,0.28172727272727277,0.15053939393939395
2022-04-08,341.8299865722656,349.4800109863281,340.8133239746094,347.7366638183594,55013700.0,346.3782913871288,-0.020804437288314603,0.02145504277749497,0.09747590361445782,0.043581743764728675,5.099062918340027,747,-0.05092252232134342,0.11115771440849188,1.4137931034482758,2.6206896551724137,0.13793103448275862,1.1379310344827587,2.603448275862069,0.27586206896551724,0.4374965517241379,0.15259310344827587
2022-04-11,325.3099975585937,336.1566772460937,324.8800048828125,326.79998779296875,59357100.0,333.3573697161245,-0.037591621630962746,0.02445144955031341,0.07690096153846154,0.046506504196098974,3.9711538461538463,520,-0.04872237145900726,0.10241000813354373,1.3125,4.4375,0.0,1.0,4.4375,0.0,0.37564375,0.15060625
2022-04-12,328.9833374023437,340.39666748046875,325.5333251953125,332.5466613769531,65976000.0,330.6540690783176,-0.008109317157466545,0.023923526864938423,0.13473221238938052,0.04951132143208641,5.323893805309734,565,-0.022136764600872993,0.08265260886584769,1.2,3.0,0.3333333333333333,1.3333333333333333,3.0,1.4666666666666666,0.28367333333333333,0.1625933333333333
2022-04-13,340.7900085449219,342.0799865722656,324.3666687011719,327.02667236328125,55121100.0,336.9184241765905,0.01894534404410786,0.01878993298856884,0.09687656903765691,0.03283841915590723,7.165271966527197,478,0.06500312499701977,0.10476797331952702,1.75,1.4642857142857142,0.03571428571428571,1.0357142857142858,1.4464285714285714,0.07142857142857142,0.34512857142857145,0.14884285714285714
2022-04-14,328.3333435058594,337.57000732421875,327.39666748046875,333.0966796875,58422300.0,331.61255252591894,-0.01574823835662542,0.018772420840042582,0.133551728553137,0.06144003652176172,5.277848911651729,781,-0.15911859553307295,0.10447872480642577,1.6923076923076923,3.730769230769231,0.11538461538461539,1.1153846153846154,3.730769230769231,0.3076923076923077,0.3254576923076923,0.21175
2022-04-18,334.7633361816406,338.3066711425781,324.4700012207031,329.6766662597656,51715200.0,333.5598439163526,0.005872188418686086,0.018322626062583218,0.09691192810457516,0.035352622361319606,5.6683006535947715,612,-0.10145847219973803,0.10278649506090264,1.5416666666666667,3.0416666666666665,0.0,1.0,3.0416666666666665,0.0,0.35233749999999997,0.28372083333333337
2022-04-19,342.7166748046875,344.9800109863281,331.77667236328125,335.0199890136719,49847700.0,339.21907663457847,0.01696616910411164,0.020844698802076202,0.10419191759112519,0.050090658763188196,6.540412044374009,631,0.024792764335870743,0.1018191970925431,1.6842105263157894,2.263157894736842,0.0,1.0,2.263157894736842,0.0,0.32602631578947366,0.2387842105263158
2022-04-20,325.7333374023437,344.6666564941406,325.0833435058594,343.3333435058594,70711200.0,330.8844314256395,-0.02457009579657987,0.021339737530645865,0.06903096571028691,0.038944836951478455,7.013995801259622,2858,0.0008765729144215584,0.08785259294077517,1.345679012345679,1.8271604938271604,0.35802469135802467,1.3580246913580247,1.8148148148148149,6.419753086419753,0.30469135802469133,0.16863456790123457
2022-04-21,336.260009765625,364.0733337402344,332.1400146484375,358.24334716796875,105416400.0,334.2067215489383,0.010040635967623057,0.01682202601246874,0.1124257701421801,0.05882792144034236,6.242890995260663,1688,-0.32153910398483276,0.10151030498938317,1.5964912280701755,2.0526315789473686,0.10526315789473684,1.105263157894737,2.0526315789473686,0.24561403508771928,0.3458754385964912,0.23101929824561404
2022-04-22,335.01666259765625,344.95001220703125,331.3333435058594,338.3033447265625,69696600.0,334.7072926459297,0.001497788837613534,0.016390327269908234,0.09245872033023736,0.040285290654302953,12.622291021671826,969,-0.247029647231102,0.08596029149809567,1.6153846153846154,2.6153846153846154,0.3076923076923077,1.3076923076923077,2.576923076923077,0.7692307692307693,0.22357692307692306,0.2008076923076923
2022-04-25,332.67333984375,336.2066650390625,325.1000061035156,326.3233337402344,68341200.0,333.4502406826696,-0.003755675453985141,0.0145931445352729,0.09701508704061897,0.03637518297828671,5.637330754352031,1034,-0.19716384261846542,0.09048910488574004,1.3666666666666667,5.866666666666666,0.1,1.1,5.866666666666666,0.4,0.2676633333333333,0.17893666666666666
2022-04-26,292.1400146484375,333.3333435058594,291.6666564941406,331.8099975585937,136133700.0,307.9191169105734,-0.07656651775037426,0.03213323689884468,0.07624997236042012,0.04028546831834799,5.6578220011055835,1809,0.031073350459337234,0.11351983098370463,1.706896551724138,3.6551724137931036,0.3620689655172414,1.3620689655172413,3.510536398467433,1.9655172413793103,0.38393275862068965,0.15860172413793103
2022-04-27,293.836669921875,306.0,292.4533386230469,299.52667236328125,76956300.0,299.2156860267892,-0.02826531516168218,0.03189946581427007,0.08466226912928759,0.045708406459665646,6.653474054529464,1137,-0.6105969157069921,0.10447709769842947,1.6216216216216217,1.7567567567567568,0.43243243243243246,1.4324324324324325,1.7162162162162162,1.4594594594594594,0.3640135135135135,-0.04016486486486487
2022-04-28,292.5033264160156,300.0,273.8999938964844,299.99334716796875,124948500.0,295.0672196426191,-0.013864468267879126,0.028729125130920623,0.0791648132780083,0.056726249525140104,4.021576763485477,1205,-0.0667670015245676,0.10562555904032521,1.3714285714285714,6.0,0.5142857142857142,1.5142857142857142,5.961904761904762,3.257142857142857,0.36613999999999997,0.05494571428571428
2022-04-29,290.2533264160156,311.4666748046875,290.0,300.75,88133100.0,292.09207001036526,-0.010082955456242382,0.02881250107933129,0.09847718223583461,0.04064888106495937,4.9257274119448695,1306,-0.19273968040943146,0.11826426840446506,2.1,1.94,0.22,1.22,1.94,0.68,0.36296,0.08926
2022-05-02,300.9800109863281,302.1199951171875,282.6766662597656,286.92333984375,75781500.0,297.5851196235132,0.018805884093166192,0.030347572570471378,0.09962441140024783,0.054705709791238386,10.768277571251549,807,-0.3888418897986412,0.09402663411122603,1.6296296296296295,3.4814814814814814,0.037037037037037035,1.037037037037037,3.4814814814814814,0.07407407407407407,0.26632222222222224,0.14337407407407407
2022-05-03,303.0833435058594,308.02667236328125,296.1966552734375,301.0599975585937,63709500.0,300.98320886055956,0.011418881566878758,0.03151208178356721,0.13984255319148936,0.05921479482161988,16.540098199672666,611,-0.028662605211138725,0.07295273163894883,1.3636363636363635,4.818181818181818,0.09090909090909091,1.0909090909090908,4.7272727272727275,0.18181818181818182,0.165,0.11118181818181819
2022-05-04,317.5400085449219,318.5,295.09332275390625,301.3133239746094,81643800.0,311.215873810419,0.03399746114940272,0.036514279806272885,0.11230134874759151,0.047024610413548044,4.71868978805395,519,-0.13212659768760204,0.08288083646858309,1.263157894736842,3.8947368421052633,0.10526315789473684,1.105263157894737,3.8421052631578947,0.21052631578947367,0.2618578947368421,0.21015263157894737
2022-05-05,291.09332275390625,315.20001220703125,285.8999938964844,313.00665283203125,92519100.0,298.77945331713903,-0.03996075245459929,0.02651398464592326,0.10903869565217392,0.053474612840468214,3.7202898550724637,690,-0.037987688556313515,0.11290759995043378,1.1428571428571428,8.428571428571429,0.0,1.0,8.428571428571429,0.0,0.4272571428571429,0.4272571428571429
2022-05-06,288.54998779296875,296.0,281.03668212890625,295.6666564941406,72903000.0,292.45729593645655,-0.021159946945788932,0.025548304867071804,0.10870078616352202,0.04542954828003683,5.320754716981132,636,-0.2125132717192173,0.10019883995437134,1.6111111111111112,4.388888888888889,0.2777777777777778,1.2777777777777777,4.388888888888889,1.0,0.3041611111111111,0.21131666666666668
2022-05-09,262.3699951171875,281.8766784667969,260.3833312988281,278.8166809082031,90810300.0,273.86232140040573,-0.06358184526226018,0.03444195802383352,0.08105599534342259,0.04400348492511794,5.20023282887078,859,-0.1448385138064623,0.10295369304288624,1.4814814814814814,7.185185185185185,0.037037037037037035,1.037037037037037,7.185185185185185,0.07407407407407407,0.3122962962962963,0.12491111111111113
2022-05-10,266.67999267578125,275.1199951171875,258.0833435058594,273.10333251953125,84401700.0,269.4233981302131,-0.01620859433124644,0.03451976311442654,0.11517491207502932,0.05898752338995459,11.901524032825323,853,-0.1593205276876688,0.1019481888374195,1.3333333333333333,7.0476190476190474,0.09523809523809523,1.0952380952380953,7.0476190476190474,0.19047619047619047,0.33568095238095236,0.24480476190476191
2022-05-11,244.6666717529297,269.92333984375,242.3999938964844,265.0,97224600.0,254.1228997788709,-0.0567897905583814,0.03546907339003266,0.11208510416666666,0.06102582063604333,4.808333333333334,960,-0.10641216114163399,0.07935648867230313,1.411764705882353,4.5588235294117645,0.11764705882352941,1.1176470588235294,4.5588235294117645,0.23529411764705882,0.20155588235294117,0.1282029411764706
2022-05-12,242.6666717529297,253.22000122070312,226.6666717529297,233.6666717529297,140313000.0,247.04256147597013,-0.02786186647902189,0.03231278831013974,0.08798944392082941,0.048958632585229825,5.1498586239396795,1061,-0.07810220867395401,0.0943912571126483,1.4814814814814814,4.074074074074074,0.037037037037037035,1.037037037037037,4.074074074074074,0.07407407407407407,0.2945925925925926,0.09849629629629629
2022-05-13,256.5299987792969,262.45001220703125,250.52333068847656,257.82666015625,92150700.0,252.9061201955597,0.023735014260528153,0.029141842322994473,0.08541044444444444,0.05778180146835302,9.19111111111111,900,-0.21058029867708683,0.07090548831461477,1.7,0.7,0.35,1.35,0.675,1.3,0.13977,0.06325
2022-05-16,241.4566650390625,256.586669921875,239.69667053222656,255.72000122070312,86098500.0,245.8299677561767,-0.027979364176364596,0.028728223579039383,0.08310974729241877,0.056954549480255384,19.850180505415164,554,0.10440752003341913,0.10773314289834034,1.588235294117647,7.411764705882353,0.0,1.0,7.411764705882353,0.0,0.3089352941176471,0.17312352941176473
2022-05-17,253.8699951171875,254.82666015625,242.9499969482422,249.1199951171875,80236200.0,250.7989779357605,0.020213199492879808,0.033941901848053624,0.11035606837606839,0.05650221141729795,6.2,585,-0.2784242182970047,0.09579972775562066,1.7142857142857142,3.5714285714285716,0.42857142857142855,1.4285714285714286,3.5714285714285716,1.4285714285714286,0.2662857142857143,0.0389
2022-05-18,236.60333251953125,253.5,233.60333251953125,248.17333984375,87811800.0,242.0255865762892,-0.034981766798581226,0.029410256033147956,0.06524318418314257,0.04517938811578869,13.863683662851196,961,-0.02207348309457302,0.10796223682220853,1.565217391304348,5.608695652173913,0.043478260869565216,1.0434782608695652,5.608695652173913,0.08695652173913043,0.3400304347826087,0.0883608695652174
2022-05-19,236.47332763671875,244.6666717529297,231.3699951171875,235.6666717529297,90296700.0,238.5941018372942,-0.014178189948992559,0.029430802607541794,0.0689984693877551,0.038024182997410096,6.540816326530612,980,-0.11658223159611225,0.10760807172137019,1.457142857142857,3.1714285714285713,0.11428571428571428,1.1142857142857143,3.1285714285714286,0.22857142857142856,0.39780571428571426,0.035514285714285714
2022-05-20,221.3000030517578,240.52667236328125,211.0,237.9966735839844,144973200.0,227.90576098303444,-0.04479717131292926,0.026962865812528592,0.038121019442984766,0.052320455098725197,5.551234892275355,1903,-0.15818236023187637,0.09393259447542436,1.489795918367347,4.204081632653061,0.42857142857142855,1.4285714285714286,4.204081632653061,6.448979591836735,0.2877530612244898,0.13035306122448978
2022-05-23,224.96665954589844,226.65333557128903,212.6866607666016,218.33999633789065,88903500.0,226.08929639850072,-0.007970244265431026,0.026439468811627568,0.0768389527458493,0.03824062404730849,4.675606641123882,783,-0.4313792521134019,0.10218147493416793,1.5,5.636363636363637,0.045454545454545456,1.0454545454545454,5.590909090909091,0.09090909090909091,0.3231181818181818,0.032200000000000006
2022-05-24,209.3866729736328,217.97332763671875,206.85667419433597,217.8433380126953,89092500.0,215.76650742064217,-0.04565801717416906,0.02353507975541795,0.07971405940594059,0.051066195446545594,16.06831683168317,1010,-0.41704961378127337,0.09842448105175604,1.3529411764705883,6.705882352941177,0.0,1.0,6.705882352941177,0.0,0.3037941176470588,0.08701764705882353
2022-05-25,219.6000061035156,223.10667419433597,207.6699981689453,207.9499969482422,92139300.0,218.1357399024859,0.010980538685853025,0.02637413049016254,0.0990681243926142,0.08075612535597991,4.081632653061225,1029,-0.4640896935015917,0.11650622203492261,1.4166666666666667,5.291666666666667,0.625,1.625,4.979166666666667,8.833333333333334,0.43835,0.32876666666666665
2022-05-26,235.91000366210935,239.55667114257807,217.8866729736328,220.47332763671875,106003200.0,229.12083903093867,0.050359006430415576,0.03457767080583519,0.09548322744599747,0.07879306131147484,5.284625158831004,787,-0.09870148077607155,0.11238007538924122,1.5714285714285714,2.2857142857142856,0.2857142857142857,1.2857142857142858,2.2857142857142856,1.1428571428571428,0.42031785714285713,0.17576785714285714
2022-05-27,253.2100067138672,253.26666259765625,240.1766662597656,241.0833282470703,89295000.0,244.00876341968404,0.0649784823227495,0.04322021634646533,0.0735626213592233,0.051194502850421084,4.391585760517799,618,-0.06779265310615301,0.07954897106929588,1.3333333333333333,0.9523809523809523,0.42857142857142855,1.4285714285714286,0.9523809523809523,1.5238095238095237,0.26329523809523814,0.24052380952380953
2022-05-31,252.7533264160156,259.6000061035156,244.7433319091797,257.9466552734375,101914500.0,249.41320056818157,0.022148537096604803,0.04314046400386322,0.05677992202729045,0.01688760062195459,2.8499025341130606,513,-0.2632428780198097,0.06498546229001784,1.2222222222222223,1.5,0.0,1.0,1.5,0.0,0.18117777777777777,0.11607777777777778
2022-06-01,246.7899932861328,257.32666015625,243.63999938964844,251.72000122070312,77247900.0,247.7919693083392,-0.006500182252379139,0.03751664284825507,0.1300291095890411,0.06588532742474446,5.2979452054794525,584,-0.10474228300154209,0.09095738931903623,1.7407407407407407,1.4074074074074074,1.5185185185185186,2.5185185185185186,1.4074074074074074,37.18518518518518,0.25364444444444445,0.20965185185185187
2022-06-02,258.3333435058594,264.2099914550781,242.0666656494141,244.1566619873047,93473100.0,254.3068968505378,0.026291923666387218,0.0366066324288201,0.05414026946107785,0.05307224607924101,5.726047904191617,668,-0.09731309115886688,0.12397137603728024,2.230769230769231,2.4615384615384617,0.07692307692307693,1.0769230769230769,2.4615384615384617,0.15384615384615385,0.3697615384615384,0.2717769230769231
2022-06-03,234.51666259765625,247.79666137695312,233.4166717529297,243.22666931152344,112393800.0,242.07585943693462,-0.04809557886584437,0.03731250704186544,0.05232521663778163,0.04166611909064457,7.057192374350087,1154,-0.03706340678036213,0.10091980614714635,1.8974358974358974,2.3846153846153846,0.15384615384615385,1.1538461538461537,2.123931623931624,0.358974358974359,0.2790307692307692,0.040005128205128214
2022-06-06,238.27999877929688,244.86666870117188,234.3500061035156,244.35333251953125,84204600.0,239.72988853395597,-0.00969105679696991,0.03867673713601573,0.08539731182795698,0.04674058315825256,7.168458781362007,558,-0.18067429400980473,0.11634807382697872,1.5384615384615385,4.0,0.0,1.0,4.0,0.0,0.43143846153846155,0.2868230769230769
2022-06-07,238.8866729736328,239.9966735839844,230.0933380126953,234.0,72808500.0,239.2087526578335,-0.0021738460702979134,0.03545676698400915,0.043556097560975615,0.03885308910919987,3.778270509977827,451,-0.004878394305706024,0.1089301875049482,1.0833333333333333,3.25,0.3333333333333333,1.3333333333333333,3.25,1.6666666666666667,0.47806666666666664,0.2511
2022-06-08,241.86666870117188,249.9633331298828,239.1766662597656,240.086669921875,76210500.0,240.85143511186024,0.0068671502851589405,0.024716020036646857,0.10643571428571429,0.051216275780937584,3.4243697478991595,476,-0.11842670291662216,0.08167001501892561,1.3333333333333333,2.0,0.06666666666666667,1.0666666666666667,2.0,0.13333333333333333,0.26482,0.26482
2022-06-09,239.7066650390625,255.54666137695312,239.32666015625,249.33999633789065,96491400.0,240.14392829756756,-0.002937523764241168,0.022411012293251244,0.06541646258503402,0.019021114245225942,3.910204081632653,735,-0.267146660014987,0.10986263496245226,1.6551724137931034,1.7586206896551724,0.2413793103448276,1.2413793103448276,1.7586206896551724,0.4827586206896552,0.3943586206896552,0.2835655172413793
2022-06-10,232.22999572753903,239.5,227.913330078125,235.1566619873047,97536600.0,235.25284898461513,-0.020367282852522428,0.023148230088804043,0.07628793911007026,0.05016713019491579,4.555035128805621,854,-0.08093549031764269,0.10030526278041063,1.2857142857142858,3.107142857142857,1.7142857142857142,2.7142857142857144,3.107142857142857,77.35714285714286,0.37753214285714287,0.30192500000000005
2022-06-13,215.73666381835935,226.63333129882807,214.68333435058597,223.1666717529297,102767400.0,223.19118322113255,-0.051271072021199515,0.023031402947411638,0.07988402366863906,0.04679711159370646,7.183431952662722,676,-0.06450380571186543,0.09675754665101469,1.7,3.4,0.03333333333333333,1.0333333333333334,3.4,0.06666666666666667,0.27718000000000004,0.013513333333333327
2022-06-14,220.88999938964844,226.3300018310547,211.73666381835935,218.2866668701172,97988700.0,221.76897339891366,-0.006372159516757403,0.019075912350609146,0.04486390728476821,0.03393139302595719,4.127483443708609,604,-0.35475113801658154,0.10131419537029512,1.7142857142857142,1.380952380952381,0.14285714285714285,1.1428571428571428,1.380952380952381,0.38095238095238093,0.33078095238095234,0.09168571428571427
2022-06-15,233.0,235.663330078125,218.1499938964844,220.9166717529297,119131800.0,228.71012956693923,0.031299040896672015,0.025283655744181982,0.08879450549450549,0.051764128108736145,6.17948717948718,546,0.004347657784819603,0.12077562432021978,1.588235294117647,2.1176470588235294,0.23529411764705882,1.2352941176470589,1.7058823529411764,0.47058823529411764,0.47411764705882353,0.028764705882352946
2022-06-16,213.1000061035156,225.1666717529297,208.69332885742188,222.73666381835935,107390700.0,219.0625426979612,-0.04218259544186198,0.028482924930752752,0.06961526520051747,0.042584616780625334,5.52522639068564,773,-0.007803389802575111,0.08644749767262462,1.72,1.92,0.4,1.4,1.92,1.52,0.223796,0.12466
2022-06-17,216.75999450683597,220.97000122070312,213.19667053222656,213.43333435058597,92641800.0,217.63948965511122,-0.006496103922303376,0.0274250260986072,0.06273208333333333,0.06533846754104014,18.516666666666666,480,-0.26988636143505573,0.08272471222300522,1.375,1.7916666666666667,3.75,4.75,1.5694444444444444,265.4166666666667,0.23649583333333335,0.11519583333333333
2022-06-21,237.0366668701172,243.57666015625,224.3333282470703,224.60333251953125,122793000.0,229.62760445978992,0.05508244309741772,0.03805112308585137,0.056532086330935254,0.030706285570024236,4.056115107913669,695,-0.08498036488890648,0.10956127124258741,1.105263157894737,2.3157894736842106,0.0,1.0,2.3157894736842106,0.0,0.4901157894736842,0.21126315789473685
2022-06-22,236.086669921875,246.8333282470703,233.82666015625,234.5033264160156,101107500.0,233.61952645091904,0.01738432973039239,0.03830988774798666,0.06965490533562824,0.03489715575098177,5.648881239242685,581,-0.0007219668477773666,0.0887223549961222,1.2777777777777777,3.0,0.3333333333333333,1.3333333333333333,3.0,1.7777777777777777,0.309,0.06885555555555556
2022-06-23,235.07000732421875,239.3166656494141,228.6366729736328,237.9066619873047,104202600.0,234.5159729306499,0.0038372069892846916,0.03108667158496039,0.032735616438356166,0.0357938938002237,5.309197651663405,511,-0.16828169487416744,0.07586814364812743,1.3888888888888888,1.5,0.0,1.0,1.5,0.0,0.22171666666666667,0.010372222222222227
2022-06-24,245.7066650390625,246.0666656494141,236.086669921875,237.47000122070312,95770800.0,241.43220101128412,0.029491501129773612,0.031371958176270455,0.0735289544235925,0.03980199941677824,4.1796246648793565,373,-0.06754717323929071,0.0750405356059117,1.1333333333333333,2.3333333333333335,0.06666666666666667,1.0666666666666667,2.3333333333333335,0.13333333333333333,0.25394,0.0731
2022-06-27,244.9199981689453,252.07000732421875,242.5666656494141,249.36666870117188,89178300.0,243.587778200584,0.00892829200194023,0.03027350990836543,0.06167093333333333,0.05720620136917756,3.1386666666666665,375,-0.023842547088861465,0.12246150025815229,1.5333333333333334,3.2,0.2,1.2,3.2,0.5333333333333333,0.48334666666666665,0.16101333333333334
2022-06-28,232.663330078125,249.97000122070312,232.3433380126953,244.48333740234372,90391200.0,236.83609795256936,-0.02771764781423036,0.026410113329580133,0.10363084112149533,0.047209363402530055,4.102803738317757,428,-0.09078938141465187,0.08017027043796038,1.6,1.5,0.45,1.45,1.5,2.5,0.21024000000000004,0.17412
2022-06-29,228.4900054931641,231.17333984375,222.27333068847656,230.5,82897200.0,231.6779291394077,-0.021779487408185028,0.028680144036083762,0.057213821138211385,0.03608311986771387,6.741869918699187,492,-0.1025692317634821,0.10964556035124605,1.3043478260869565,3.5217391304347827,0.34782608695652173,1.3478260869565217,3.405797101449275,3.130434782608696,0.4364869565217391,0.34250434782608696
2022-06-30,224.47332763671875,229.4566650390625,218.8633270263672,224.50999450683597,94600500.0,227.22524053534735,-0.019219304232389933,0.02185799803441029,0.03696591928251121,0.018644194430093894,3.495515695067265,446,-0.0897807665169239,0.12248959956321735,2.0,0.6,0.0,1.0,0.6,0.0,0.4277066666666667,0.27052000000000004
2022-07-01,227.26333618164065,230.22999572753903,222.1199951171875,227.0,74460300.0,227.24878493958002,0.00010361702853600718,0.020318140052530406,0.05386132264529058,0.036865432519569315,7.2625250501002006,499,-0.052719179540872574,0.14430962871000727,1.6666666666666667,6.611111111111111,0.1111111111111111,1.1111111111111112,5.361111111111111,0.2222222222222222,0.5579555555555555,0.3738111111111111
