Date,Close,High,Low,Open,Volume,Avg_Sentiment,TextBlob_Sentiment,Avg_Reddit_Score,Comment_Count,FinBERT_Sentiment,Return,Volatility_7D,Illiquidity,Turnover_Ratio,Sentiment_Lag_1,Sentiment_Lag_2,Market_Regime
2021-08-16,228.72332763671875,236.5,225.46665954589844,235.02333068847656,68032200.0,0.0699588486140724,0.0317920135529902,5.759061833688699,469,0,-0.04322549735370618,0.02260448304249425,6.353682131947251e-10,1.1369809694291866,0.199014979757085,0.1321126126126126,Low Volatility
2021-08-17,221.90333557128903,224.8600006103516,216.27999877929688,224.22000122070312,71163900.0,0.1277653061224489,0.0535350998411974,6.636363636363637,539,0,-0.02981764971635037,0.02374597936495301,4.1899965735928425e-10,1.1884516089059514,0.0699588486140724,0.199014979757085,Low Volatility
2021-08-18,229.663330078125,231.92333984375,223.11666870117188,223.25,61048200.0,0.1532230248306997,0.067349170854373,4.029345372460496,443,0,0.03497015710402862,0.026853452966229412,5.728286354721125e-10,1.016872587354929,0.1277653061224489,0.0699588486140724,Low Volatility
2021-08-19,224.4900054931641,228.8500061035156,222.52999877929688,226.07000732421875,42940500.0,0.1114290322580645,0.0246748639856118,3.532258064516129,372,0,-0.022525688289902868,0.027691172085177258,5.245790871066445e-10,0.7254777766307982,0.1532230248306997,0.1277653061224489,Low Volatility
2021-08-20,226.7533264160156,230.7100067138672,224.5666656494141,227.61666870117188,44525700.0,0.1397209072978303,0.0608964809959816,4.526627218934912,507,0,0.010082056516856452,0.028452528980014914,2.2643229678267726e-10,0.7564754726559441,0.1114290322580645,0.1532230248306997,Low Volatility
2021-08-23,235.433334350586,237.3766632080078,226.9166717529297,228.47999572753903,60794700.0,0.1581802013422819,0.0607257510105864,4.463087248322148,298,0,0.03827951753459846,0.031757527795246716,6.296522153180863e-10,1.0429123808608893,0.1397209072978303,0.1114290322580645,Low Volatility
2021-08-24,236.163330078125,238.4066619873047,234.2133331298828,236.8933258056641,39249300.0,0.22130206185567,0.0936312446614156,23.508591065292094,291,0,0.0031006472789956163,0.03176085835022218,7.899879179999685e-11,0.6825383576008306,0.1581802013422819,0.1397209072978303,Low Volatility
2021-08-25,237.0666656494141,238.9900054931641,234.6666717529297,235.6766662597656,37936800.0,0.163875,0.0621111710038584,3.2149122807017543,228,0,0.0038250458739308435,0.02583689571056493,1.0082679282203148e-10,0.6701982533803348,0.22130206185567,0.1581802013422819,Low Volatility
2021-08-26,233.72000122070312,238.46665954589844,232.5399932861328,236.10333251953125,39642900.0,0.2292383275261323,0.0743816436880571,5.306620209059234,287,0,-0.014116975997208181,0.0227675680169857,3.561035140519029e-10,0.7091016121580208,0.163875,0.22130206185567,Low Volatility
2021-08-27,237.30667114257807,238.3333282470703,234.0333404541016,235.0,41501400.0,0.2073294776119403,0.1085883818225458,4.8059701492537314,268,0,0.015346011908018209,0.01986772232391227,3.6977094526975495e-10,0.7457294056701195,0.2292383275261323,0.163875,Low Volatility
2021-08-30,243.6366729736328,243.6666717529297,237.57666015625,238.2400054931641,55812600.0,0.154631506849315,0.0847707038024308,4.857534246575343,365,0,0.026674352644943333,0.01707266422518886,4.779270746201276e-10,1.007760532150776,0.2073294776119403,0.2292383275261323,Low Volatility
2021-08-31,245.2400054931641,246.79666137695312,242.14666748046875,244.3333282470703,62566200.0,0.170261800486618,0.0755388419937212,3.980535279805353,411,0,0.006580834075438302,0.01718518346820918,1.0518193649987217e-10,1.1188593343697018,0.154631506849315,0.2073294776119403,Low Volatility
2021-09-01,244.69667053222656,247.3300018310547,243.7566680908203,244.69332885742188,39612900.0,0.1448097791798107,0.0888913156281903,5.444794952681388,317,0,-0.0022155233598405433,0.012905514922843486,5.592934018566031e-11,0.709339986064934,0.170261800486618,0.154631506849315,Low Volatility
2021-09-02,244.1300048828125,246.9900054931641,243.51333618164065,244.8333282470703,38331900.0,0.5032225806451613,0.2747912606050621,2.506311360448808,713,0,-0.002315788147756681,0.013238372521498268,6.041412368697302e-11,0.6892752610997397,0.1448097791798107,0.170261800486618,Low Volatility
2021-09-03,244.52333068847656,244.6666717529297,241.3999938964844,244.0833282470703,45738300.0,0.1970446511627907,0.0877546299110969,3.0093023255813955,215,0,0.0016111325842673718,0.013292590331561273,3.5225021136932764e-11,0.821508222302568,0.5032225806451613,0.1448097791798107,Low Volatility
2021-09-07,250.97332763671875,253.3999938964844,246.4199981689453,246.6666717529297,60119400.0,0.1579151419558359,0.0709247783390978,4.470031545741325,317,0,0.02637783858939624,0.012630672721066721,4.387575157003603e-10,1.0901795278126396,0.1970446511627907,0.5032225806451613,Low Volatility
2021-09-08,251.2899932861328,254.8166656494141,246.92333984375,253.8600006103516,56379000.0,0.1616855704697986,0.0564228268194147,3.0,298,0,0.0012617502122473923,0.012812282290815942,2.2379790564703033e-11,1.0490228731232893,0.1579151419558359,0.1970446511627907,Low Volatility
2021-09-09,251.6199951171875,254.0333404541016,250.5433349609375,251.1366729736328,42233100.0,0.1662544802867383,0.0514907548729863,11.075268817204302,279,0,0.001313231087076927,0.01002773743596198,3.1094830525747036e-11,0.7886459012003606,0.1616855704697986,0.1579151419558359,Low Volatility
2021-09-10,245.42333984375,254.20333862304688,244.83999633789065,253.1999969482422,45552600.0,0.1665377892030848,0.0744216989638399,3.67866323907455,389,0,-0.024627038366134335,0.014822184375708498,5.406286000389513e-10,0.8755002126642575,0.1662544802867383,0.1616855704697986,Low Volatility
2021-09-13,247.6666717529297,248.259994506836,236.2833404541016,246.73666381835932,68857500.0,0.1631249110320284,0.065231384654574,3.565836298932384,281,0,0.00914066245943812,0.015131876576207416,1.32747521467351e-10,1.340683933288136,0.1665377892030848,0.1662544802867383,Low Volatility
2021-09-14,248.163330078125,251.4900054931641,245.46665954589844,247.52333068847656,55574700.0,0.1769505917159763,0.0733356034242947,4.254437869822485,338,0,0.0020053498586631857,0.01502263503906341,3.608386295676244e-11,1.1148186120649,0.1631249110320284,0.1665377892030848,Low Volatility
2021-09-15,251.94332885742188,252.2866668701172,246.1199951171875,248.3333282470703,46073100.0,0.1860534050179211,0.0711626970423266,4.885304659498208,279,0,0.015231899000174076,0.015761281886406367,3.306028680547668e-10,0.9359765629523269,0.1769505917159763,0.1631249110320284,Low Volatility
2021-09-16,252.3300018310547,252.97000122070312,249.20333862304688,250.94332885742188,41770200.0,0.1826853448275862,0.0665258554353816,4.581896551724138,232,0,0.0015347617076681974,0.012428732159720617,3.674298202230771e-11,0.8539045246501655,0.1860534050179211,0.1769505917159763,Low Volatility
2021-09-17,253.163330078125,253.67999267578125,250.0,252.38333129882807,84612600.0,0.1878715151515151,0.0871333458675782,5.236363636363636,330,0,0.0033025333532406,0.012464234349356194,3.903122411130966e-11,1.67731816544577,0.1826853448275862,0.1860534050179211,Low Volatility
2021-09-20,243.38999938964844,247.3333282470703,239.5399932861328,244.85333251953125,74273100.0,0.1162233532934131,0.0654678586051999,3.25748502994012,334,0,-0.03860484330594227,0.019507403880691276,5.197688437124918e-10,1.44616563055408,0.1878715151515151,0.1826853448275862,Low Volatility
2021-09-21,246.4600067138672,248.2466735839844,243.47999572753903,244.92999267578125,48992100.0,0.1611943319838056,0.0690543597703044,3.3441295546558703,247,0,0.012613531089680885,0.018158481765078772,2.574605107697136e-10,0.9509302956627869,0.1162233532934131,0.1878715151515151,Low Volatility
2021-09-22,250.64666748046875,251.22332763671875,246.3733367919922,247.8433380126953,45378900.0,0.2397239316239316,0.0791450132141295,4.0,234,0,0.0169871810945057,0.018986349093261422,3.7434096230859937e-10,0.8779119505323897,0.1611943319838056,0.1162233532934131,Low Volatility
2021-09-23,251.2133331298828,252.7333374023437,249.30667114257807,251.6666717529297,35842500.0,0.2031842911877394,0.0816584658883719,4.417624521072797,261,0,0.00226081461648886,0.01898690440943606,6.30763651109398e-11,0.6905501223695083,0.2397239316239316,0.1611943319838056,Low Volatility
2021-09-24,258.1300048828125,258.26666259765625,248.1866607666016,248.6300048828125,64119000.0,0.1398422178988327,0.0777752434290309,4.120622568093385,514,0,0.027533059916662994,0.020899049329347826,4.2940563509510433e-10,1.2260864477090452,0.2031842911877394,0.2397239316239316,Low Volatility
2021-09-27,263.78668212890625,266.3333435058594,256.4366760253906,257.7066650390625,84212100.0,0.1574460451977401,0.0782189092627559,4.419491525423729,708,0,0.02191406322043732,0.021946692741358086,2.602246377947744e-10,1.576132546802726,0.1398422178988327,0.2031842911877394,Low Volatility
2021-09-28,259.1866760253906,265.2133178710937,255.3933258056641,262.3999938964844,76144200.0,0.1587770873786407,0.0845084418102188,4.050485436893204,515,0,-0.01743835612317879,0.023784836420668407,2.290175236351395e-10,1.417955835365302,0.1574460451977401,0.1398422178988327,Low Volatility
2021-09-29,260.4366760253906,264.5,256.8933410644531,259.9333190917969,62828700.0,0.235764923076923,0.0751024305321687,5.683076923076923,325,0,0.004822778775393388,0.01496842412743277,7.676076021616535e-11,1.1760798051145087,0.1587770873786407,0.1574460451977401,Low Volatility
2021-09-30,258.49334716796875,263.0433349609375,258.3333435058594,260.3333435058594,53868000.0,0.1993433333333333,0.0901668456022893,4.084848484848485,330,0,-0.0074618094773734045,0.016213862873471853,1.3852026207346484e-10,1.0128838647081386,0.235764923076923,0.1587770873786407,Low Volatility
2021-10-01,258.4066772460937,260.260009765625,254.52999877929688,259.4666748046875,51094200.0,0.1666544850498339,0.0766905952001844,3.744186046511628,301,0,-0.00033528879108346565,0.01574081726550245,6.562169308521626e-12,0.9558430810151196,0.1993433333333333,0.235764923076923,Low Volatility
2021-10-04,260.510009765625,268.989990234375,258.7066650390625,265.5,91449900.0,0.1723562340966921,0.0692623969094146,5.582697201017812,393,0,0.008139621398127517,0.01576007379460933,8.900634553047643e-11,1.662159413712385,0.1666544850498339,0.1993433333333333,Low Volatility
2021-10-05,260.1966552734375,265.7699890136719,258.0666809082031,261.6000061035156,55297800.0,0.1490531680440771,0.0745957922473304,4.848484848484849,363,0,-0.001202850103416031,0.01238884673795226,2.175222347753493e-11,1.008430669912739,0.1723562340966921,0.1666544850498339,Low Volatility
2021-10-06,260.9166564941406,262.2200012207031,257.739990234375,258.7333374023437,43898400.0,0.2001767584097859,0.0911273873118484,3.9388379204892967,327,0,0.0027671424905384434,0.008584106725634312,6.303515596327983e-11,0.7982910493400038,0.1490531680440771,0.1723562340966921,Low Volatility
2021-10-07,264.53668212890625,268.3333435058594,261.1266784667969,261.82000732421875,57587400.0,0.1630529739776951,0.0634607086982057,5.299256505576208,538,0,0.013874260399496352,0.0069072079689641,2.409252787848792e-10,1.034897886603209,0.2001767584097859,0.1490531680440771,Low Volatility
2021-10-08,261.8299865722656,265.4599914550781,260.3033447265625,265.4033203125,50215800.0,0.17085825,0.0730355669954219,4.0575,400,0,-0.010231834522373306,0.008405700116813918,2.0375727405265487e-10,0.8967440219208141,0.1630529739776951,0.2001767584097859,Low Volatility
2021-10-11,263.9800109863281,267.0799865722656,261.8333435058594,262.54998779296875,42600900.0,0.1825260355029586,0.0519922018978355,4.3698224852071,338,0,0.008211528565575943,0.007913511312186374,1.927548142310595e-10,0.7602610317166706,0.17085825,0.1630529739776951,Low Volatility
2021-10-12,268.5733337402344,270.7733459472656,265.5233459472656,266.9766540527344,66060000.0,0.1187689373297002,0.0372943192751483,6.501362397820164,367,0,0.01740026730336086,0.009362353074139046,2.634009582706761e-10,1.171772105757488,0.1825260355029586,0.17085825,Low Volatility
2021-10-13,270.3599853515625,271.8033447265625,268.59332275390625,270.1566772460937,42360300.0,0.1622198863636363,0.0573981242745024,3.835227272727273,352,0,0.006652379022320076,0.009310934399979601,1.5704277406722985e-10,0.7604723081248242,0.1187689373297002,0.1825260355029586,Low Volatility
2021-10-14,272.7733459472656,273.4166564941406,271.1166687011719,271.8299865722656,36741600.0,0.1930752136752136,0.062469024308633,11.968660968660968,351,0,0.008926471099504285,0.008900320576311328,2.429527048224434e-10,0.6607380269826179,0.1622198863636363,0.1187689373297002,Low Volatility
2021-10-15,281.010009765625,281.07000732421875,274.1166687011719,274.5799865722656,56773800.0,0.1200667678300455,0.0555841877373902,4.605462822458271,659,0,0.030195999501915205,0.012240124962419439,5.318650416550452e-10,1.0098211293729602,0.1930752136752136,0.1622198863636363,Low Volatility
2021-10-18,290.03668212890625,291.7533264160156,283.8233337402344,283.92999267578125,72621600.0,0.1553858851674641,0.070846148669053,6.566985645933015,836,0,0.03212224493643445,0.014716871352348053,4.4232356401448677e-10,1.2714366374725896,0.1200667678300455,0.1930752136752136,Low Volatility
2021-10-19,288.0899963378906,292.6499938964844,287.5033264160156,292.510009765625,52143300.0,0.1425056,0.060573971448563,5.0272,625,0,-0.006711860640270406,0.013810002700321176,1.2871952178458988e-10,0.9171781126675143,0.1553858851674641,0.1200667678300455,Low Volatility
2021-10-20,288.6000061035156,289.8299865722656,285.7933349609375,288.45001220703125,42096300.0,0.0993774633123689,0.0543382198955096,4.746331236897275,954,0,0.0017703140411262641,0.014446539072499261,4.2053910702989675e-11,0.7467088266080174,0.1425056,0.1553858851674641,Low Volatility
2021-10-21,298.0,300.0,285.1666564941406,285.3333435058594,94444500.0,0.1058403574788335,0.0558083986680137,9.049858889934148,1063,0,0.03257101073349511,0.016257257322479676,3.4486932254917025e-10,1.6250984880799957,0.0993774633123689,0.1425056,Low Volatility
2021-10-22,303.2266540527344,303.3333435058594,296.9866638183594,298.5,68642400.0,0.1542752021563342,0.0707575598216458,5.297843665768194,742,0,0.01753910755951127,0.015832379144966602,2.555141947180062e-10,1.1656862100780443,0.1058403574788335,0.0993774633123689,Low Volatility
2021-10-25,341.6199951171875,348.3399963378906,314.7333374023437,316.84332275390625,188556300.0,0.1317178571428571,0.0590911586545426,7.657539682539682,2520,0,0.12661598362581983,0.043899047659327735,6.715022708115286e-10,2.998869676229913,0.1542752021563342,0.1058403574788335,High Volatility
2021-10-26,339.4766540527344,364.9800109863281,333.8133239746094,341.5633239746094,187245000.0,0.1454733362521891,0.0686482699456661,8.175131348511384,2284,0,-0.006274050392506725,0.046439331257074966,3.350717184708123e-11,2.783699646769187,0.1317178571428571,0.1542752021563342,High Volatility
2021-10-27,345.9533386230469,356.9599914550781,343.59332275390625,346.5533447265625,115579500.0,0.1782555555555555,0.0717459732634035,6.372637944066516,1323,0,0.019078438805710585,0.04651890184240027,1.6506767035426338e-10,1.661062222125134,0.1454733362521891,0.1317178571428571,High Volatility
2021-10-28,359.0133361816406,360.3333435058594,351.3999938964844,356.10333251953125,81639600.0,0.1654250411861614,0.0677341756555433,6.759472817133443,1214,0,0.03775074872979922,0.04422811524104302,4.6240732107701683e-10,1.1513022160560908,0.1782555555555555,0.1454733362521891,High Volatility
2021-10-29,371.3333435058594,371.7366638183594,357.7366638183594,360.6199951171875,89755200.0,0.1200409722222222,0.061629565412698,8.016975308641975,1296,0,0.03431629436179362,0.04209116021903536,3.8233210289536004e-10,1.2626979964570535,0.1654250411861614,0.1782555555555555,High Volatility
2021-11-01,402.86334228515625,403.25,372.88665771484375,381.6666564941406,168146100.0,0.1209076005302695,0.0598440264528595,7.410517012814847,2263,0,0.0849102277797451,0.04559894546820988,5.049788712301095e-10,2.2657785525038143,0.1200409722222222,0.1654250411861614,High Volatility
2021-11-02,390.6666564941406,402.86334228515625,382.0,386.4533386230469,128213400.0,0.1101707951807229,0.0549241575449485,6.346987951807229,2075,0,-0.03027499529203259,0.05330210078276868,2.3612972818779155e-10,1.6683181116300458,0.1209076005302695,0.1200409722222222,High Volatility
2021-11-03,404.6199951171875,405.1300048828125,384.2066650390625,392.4433288574219,103885500.0,0.144596746031746,0.051737427129958,6.005555555555556,1260,0,0.03571673801973452,0.03656480067381687,3.4380869341471637e-10,1.3183086087415679,0.1101707951807229,0.1209076005302695,High Volatility
2021-11-04,409.9700012207031,414.4966735839844,405.6666564941406,411.4700012207031,76192200.0,0.1330385620915032,0.063271749750748,8.952941176470588,1530,0,0.013222297879683653,0.034464983216724365,1.7353873335700574e-10,0.950654484067421,0.144596746031746,0.1101707951807229,Low Volatility
2021-11-05,407.36334228515625,413.2900085449219,402.6666564941406,409.3333435058594,64886400.0,0.1433982387475538,0.0692572354122792,5.126223091976517,1022,0,-0.006358169933862068,0.036801639612952616,9.79892540480296e-11,0.8093330546016424,0.1330385620915032,0.144596746031746,High Volatility
2021-11-08,387.6466674804688,399.0,377.6666564941406,383.2633361816406,100337100.0,0.1127910469667319,0.0499207449944892,6.813600782778865,2044,0,-0.048400709533862996,0.045000428915058434,4.823809890246279e-10,1.2431777503160073,0.1433982387475538,0.1330385620915032,High Volatility
2021-11-09,341.1666564941406,391.5,337.17333984375,391.2000122070313,177317400.0,0.0945290358744394,0.0435929516881722,5.470291479820628,1784,0,-0.11990303254359858,0.06533848663047552,6.76205677184521e-10,2.108847226692032,0.1127910469667319,0.1433982387475538,High Volatility
2021-11-10,355.9833374023437,359.3666687011719,329.10333251953125,336.8033447265625,128408100.0,0.1200469980632666,0.0625748548687425,5.68947708198838,1549,0,0.043429451929624774,0.05657261382778981,3.382142709815407e-10,1.4884685737336645,0.0945290358744394,0.1127910469667319,High Volatility
2021-11-11,354.5033264160156,368.3233337402344,351.5599975585937,367.5899963378906,67189800.0,0.1298287155963302,0.052139694556756,4.756880733944954,1090,0,-0.004157528824601409,0.0563412638286617,6.187738056373748e-11,0.7748557131104039,0.1200469980632666,0.0945290358744394,High Volatility
2021-11-12,344.47332763671875,351.5,339.7333374023437,349.1666564941406,76719300.0,0.1282826732673267,0.0547030785885726,4.785891089108911,808,0,-0.02829310201599211,0.05228839741400858,3.6878728059291614e-10,0.8761228424050522,0.1298287155963302,0.1200469980632666,High Volatility
2021-11-15,337.7966613769531,343.99334716796875,326.20001220703125,339.2099914550781,104326800.0,0.11079584295612,0.0638040838238844,6.501154734411085,1299,0,-0.01938224449936754,0.050086268926135186,1.8578394525057358e-10,1.1855849000512069,0.1282826732673267,0.1298287155963302,High Volatility
2021-11-16,351.57666015625,352.3999938964844,334.0599975585937,334.4366760253906,79627200.0,0.1355595411887382,0.072601375038435,4.886339937434828,959,0,0.04079376842602822,0.056012125413912484,5.123094674436402e-10,0.8966316183942173,0.11079584295612,0.1282826732673267,High Volatility
2021-11-17,363.0033264160156,373.21331787109375,351.8333435058594,354.5033264160156,94336200.0,0.1470703631010795,0.0703693227508152,5.350343473994112,1019,0,0.032501208284666294,0.05736498263428494,3.4452530719560775e-10,1.04252372958714,0.1355595411887382,0.11079584295612,High Volatility
2021-11-18,365.4599914550781,370.6666564941406,358.3399963378906,368.8500061035156,62696700.0,0.154723887587822,0.0692206003665408,6.588992974238876,854,0,0.006767610267700563,0.02918977407573438,1.0794204906638728e-10,0.6915691736284066,0.1470703631010795,0.1355595411887382,Low Volatility
2021-11-19,379.0199890136719,379.5733337402344,364.23333740234375,366.2900085449219,64926900.0,0.1169117897727272,0.064481167789292,5.862215909090909,704,0,0.03710391800920432,0.028067282623445617,5.714721942554522e-10,0.7123162541149665,0.154723887587822,0.1470703631010795,Low Volatility
2021-11-22,385.6233215332031,400.6499938964844,377.4766540527344,387.4433288574219,99217500.0,0.1527053072625698,0.0852965103350542,4.997206703910615,716,0,0.017422122080461122,0.0275182713032544,1.755952536645362e-10,1.0664397299115829,0.1169117897727272,0.154723887587822,Low Volatility
2021-11-23,369.6766662597656,393.5,354.2333374023437,389.1700134277344,108515100.0,0.1436931081081081,0.0482221423380696,4.527027027027027,740,0,-0.041352932727292124,0.03096513591698161,3.810799854332911e-10,1.1488991636648573,0.1527053072625698,0.1169117897727272,Low Volatility
2021-11-24,372.0,377.5899963378906,354.0,360.1300048828125,67680600.0,0.1664943493150684,0.0626643385278824,4.397260273972603,584,0,0.006284772484400847,0.028228684524285504,9.285929031954277e-11,0.7102191103073412,0.1436931081081081,0.1527053072625698,Low Volatility
2021-11-26,360.6400146484375,369.5933227539063,360.3333435058594,366.489990234375,35042700.0,0.1139916943521594,0.0370764942806887,5.401993355481728,301,0,-0.030537595031082,0.029863440143432115,8.714395589118989e-10,0.36794582037248497,0.1664943493150684,0.1436931081081081,Low Volatility
2021-11-29,378.9966735839844,380.8900146484375,366.7300109863281,366.9966735839844,58393500.0,0.1768742574257426,0.0832775209629806,5.352475247524753,505,0,0.050900227900227524,0.03338889085648238,8.716762636291286e-10,0.6127801551303909,0.1139916943521594,0.1664943493150684,Low Volatility
2021-11-30,381.586669921875,389.3333435058594,372.6666564941406,381.4566650390625,81276000.0,0.1215705882352941,0.046586777427004,4.643598615916955,578,0,0.006833823403773698,0.033388937307392286,8.408168959808182e-11,0.8503344066962109,0.1768742574257426,0.1139916943521594,Low Volatility
2021-12-01,365.0,390.9466552734375,363.586669921875,386.8999938964844,68450400.0,0.1277724637681159,0.0572584606485172,3.6149068322981366,483,0,-0.04346763456194869,0.034995876905480394,6.350238210726115e-10,0.712099345028478,0.1215705882352941,0.1768742574257426,Low Volatility
2021-12-02,361.5333251953125,371.0,352.2166748046875,366.3533325195313,73114800.0,0.1459389016018306,0.0692797360601014,5.48512585812357,437,0,-0.00949773919092467,0.03359203538884041,1.2990173249362195e-10,0.7525293143982723,0.1277724637681159,0.1215705882352941,Low Volatility
2021-12-03,338.3233337402344,363.5266723632813,333.4033203125,361.5966796875,92322000.0,0.1204746105919003,0.0602900998606902,7.118380062305296,642,0,-0.06419876077133224,0.038101392153664634,6.953787913101129e-10,0.9509106121158755,0.1459389016018306,0.1277724637681159,High Volatility
2021-12-06,336.336669921875,340.5466613769531,316.8333435058594,333.836669921875,81663000.0,0.1188663814180929,0.0520122487514976,4.909535452322738,818,0,-0.005872086315763081,0.037402102373728284,7.190632619133612e-11,0.837380197557454,0.1204746105919003,0.1459389016018306,High Volatility
2021-12-07,350.5833435058594,352.5566711425781,342.2699890136719,348.0666809082031,56084700.0,0.1230644991212653,0.0577488804790017,4.1441124780316345,569,0,0.04235837141187604,0.04181739670780135,7.552571630386904e-10,0.602372836464647,0.1188663814180929,0.1204746105919003,High Volatility
2021-12-08,356.32000732421875,357.4599914550781,344.3333435058594,350.9033203125,41906400.0,0.1466084745762711,0.0690078891088672,8.2788906009245,649,0,0.016363195584229162,0.03599139937667842,3.9047008533849633e-10,0.47479727043460657,0.1230644991212653,0.1188663814180929,Low Volatility
2021-12-09,334.6000061035156,354.163330078125,334.1199951171875,353.5466613769531,59438400.0,0.1143282749675745,0.05673563087449,4.256809338521401,771,0,-0.06095644581905246,0.040148564076561984,1.0255398163317395e-09,0.6880216876200221,0.1466084745762711,0.1230644991212653,High Volatility
2021-12-10,339.010009765625,340.32666015625,327.510009765625,336.25,59664300.0,0.0910660847880299,0.0477577522996963,4.603491271820449,802,0,0.013179927022311633,0.03984305139779012,2.2090139366944107e-10,0.6965426028385743,0.1143282749675745,0.1466084745762711,High Volatility
2021-12-13,322.1366577148437,335.0,317.1400146484375,333.6966552734375,78595500.0,0.1320529061102831,0.0777573770851577,4.7585692995529065,671,0,-0.04977243020772959,0.042603841562890946,6.332732816475446e-10,0.921554350196633,0.0910660847880299,0.1143282749675745,High Volatility
2021-12-14,319.5033264160156,322.1366577148437,310.0,315.0,70806300.0,0.117695448275862,0.057796876050264,4.953103448275862,725,0,-0.008174578197676308,0.03681169155695747,1.1544987095323873e-10,0.8630584606698541,0.1320529061102831,0.0910660847880299,High Volatility
2021-12-15,325.3299865722656,326.25,309.4166564941406,317.7366638183594,75169200.0,0.1409214611872146,0.0568000111967969,7.375951293759513,657,0,0.018236618133556703,0.03810046133820828,2.426075857340068e-10,0.936419468563527,0.117695448275862,0.1320529061102831,High Volatility
2021-12-16,308.97332763671875,331.6600036621094,307.2833251953125,331.5,82771500.0,0.1015405742821473,0.0520584016064962,4.138576779026217,801,0,-0.050277132790258694,0.035251911489778714,6.074208246831179e-10,1.0402454718659984,0.1409214611872146,0.117695448275862,Low Volatility
2021-12-17,310.8566589355469,320.2200012207031,303.0133361816406,304.92333984375,100437300.0,0.0941419934640522,0.0624177995648862,5.032679738562091,612,0,0.006095449446181567,0.03379935004394714,6.068910102304191e-11,1.2495718633242168,0.1015405742821473,0.1409214611872146,Low Volatility
2021-12-20,299.9800109863281,307.2300109863281,297.7966613769531,303.5666809082031,56480100.0,0.1194,0.0619166636905265,4.003629764065336,551,0,-0.03498927121736173,0.029562036810915574,6.194973312257189e-10,0.7051448515777589,0.0941419934640522,0.1015405742821473,Low Volatility
2021-12-21,312.84332275390625,313.1666564941406,295.3733215332031,305.6233215332031,71517900.0,0.0778114232209737,0.0549140132518781,3.7265917602996255,534,0,0.04288056302579579,0.035775851529843826,5.995780500517464e-10,0.9037281396755885,0.1194,0.0941419934640522,Low Volatility
2021-12-22,336.2900085449219,338.5533447265625,319.01666259765625,321.8866577148437,93634200.0,0.1331720224719101,0.0474270367373214,4.786516853932584,890,0,0.07494705523716627,0.04340760738780092,8.004239395131935e-10,1.226428044137379,0.0778114232209737,0.1194,High Volatility
2021-12-23,355.6666564941406,357.6600036621094,332.5199890136719,335.6000061035156,92713200.0,0.1193042283298097,0.0533770835082435,4.636363636363637,946,0,0.05761886305530961,0.04659079825302046,6.214742135457476e-10,1.23358957386014,0.1331720224719101,0.0778114232209737,High Volatility
2021-12-27,364.6466674804688,372.3333435058594,356.9066772460937,357.8900146484375,71145900.0,0.1194429411764705,0.0496966978762468,6.763529411764706,850,0,0.02524839149906688,0.046713111772914914,3.5488189058072045e-10,0.9449692067060951,0.1193042283298097,0.1331720224719101,High Volatility
2021-12-28,362.8233337402344,373.0,359.47332763671875,369.8299865722656,60324000.0,0.1369785714285714,0.0481157531781906,5.238095238095238,714,0,-0.00500027534279357,0.0381334981846841,8.289031468061749e-11,0.8070898246662781,0.1194429411764705,0.1193042283298097,High Volatility
2021-12-29,362.0633239746094,368.0,354.7133178710937,366.21331787109375,56154000.0,0.1059287193973634,0.051604240169001,5.809792843691149,1062,0,-0.0020947102761840197,0.038886489006116506,3.730295751298251e-11,0.7677935267925813,0.1369785714285714,0.1194429411764705,High Volatility
2021-12-30,356.7799987792969,365.1833190917969,351.04998779296875,353.77667236328125,47040900.0,0.1082035598705501,0.039882299309961,5.392664509169364,927,0,-0.014592268383646134,0.03434595540939145,3.1020385204462784e-10,0.652886636399066,0.1059287193973634,0.1369785714285714,Low Volatility
2021-12-31,352.260009765625,360.6666564941406,351.5299987792969,357.8133239746094,40733700.0,0.1014685185185185,0.0504902491702109,11.74537037037037,648,0,-0.012668840823859995,0.036055238729574286,3.110162058408638e-10,0.5797245213722155,0.1082035598705501,0.1059287193973634,High Volatility
2022-01-03,399.9266662597656,400.3566589355469,378.6799926757813,382.5833435058594,103931400.0,0.1208394138453764,0.0632194054074852,10.859525012632645,1979,0,0.1353166841897706,0.0545333520133797,1.3019807699094845e-09,1.450778200177056,0.1014685185185185,0.1082035598705501,High Volatility
2022-01-04,383.1966552734375,402.6666564941406,374.3500061035156,396.51666259765625,100248300.0,0.1497119922630561,0.0567061263448675,6.709219858156028,1551,0,-0.041832696836128,0.05785590457234871,4.1729083521743514e-10,1.3767390466019993,0.1208394138453764,0.1014685185185185,High Volatility
2022-01-05,362.7066650390625,390.11334228515625,360.336669921875,382.2166748046875,80119800.0,0.149534912959381,0.0605988258000827,4.582205029013539,1034,0,-0.05347121367683638,0.062340467703208925,6.67390753307377e-10,1.110012764070299,0.1497119922630561,0.1208394138453764,High Volatility
2022-01-06,354.8999938964844,362.6666564941406,340.1666564941406,359.0,90336600.0,0.0981890109890109,0.0498181339336663,4.328449328449328,819,0,-0.02152337383085412,0.06290728502325729,2.382575150144473e-10,1.2621564322521748,0.149534912959381,0.1497119922630561,High Volatility
2022-01-07,342.32000732421875,360.30999755859375,336.6666564941406,360.1233215332031,84164700.0,0.1165589777195281,0.0568567170251806,3.5530799475753603,763,0,-0.035446567451716815,0.06420484994662305,4.211571769603743e-10,1.166965624826251,0.0981890109890109,0.149534912959381,High Volatility
2022-01-10,352.7066650390625,353.0333251953125,326.6666564941406,333.3333435058594,91815000.0,0.1179385281385281,0.0525748491237815,4.662337662337662,924,0,0.03034195341380186,0.06547330937286791,3.3046837024235536e-10,1.2404901162060173,0.1165589777195281,0.0981890109890109,High Volatility
2022-01-11,354.79998779296875,358.6166687011719,346.2733459472656,351.22332763671875,66063300.0,0.1605646984924623,0.0589206658319163,4.445979899497488,796,0,0.005935024657598653,0.06524569143223098,8.983845278087309e-11,0.8894927155720501,0.1179385281385281,0.1165589777195281,High Volatility
2022-01-12,368.739990234375,371.61334228515625,357.5299987792969,359.6166687011719,83739000.0,0.0995339646464646,0.056036053869421,4.433080808080808,792,0,0.039289748931841784,0.036487061653137746,4.691929558729121e-10,1.1262377802279562,0.1605646984924623,0.1179385281385281,High Volatility
2022-01-13,343.85333251953125,371.8666687011719,342.17999267578125,369.6900024414063,97209900.0,0.1106628402366863,0.0573161498701382,4.066272189349112,845,0,-0.06749107331435766,0.04110254840050734,6.942818922183611e-10,1.2907708263982491,0.0995339646464646,0.1605646984924623,High Volatility
2022-01-14,349.8699951171875,350.6666564941406,337.7933349609375,339.9599914550781,72924300.0,0.0915012787723785,0.0457202435229676,3.6751918158567776,782,0,0.017497758575059086,0.03859977122685786,2.3994414173408705e-10,0.9683838398324895,0.1106628402366863,0.0995339646464646,High Volatility
2022-01-18,343.5033264160156,356.92999267578125,338.6866760253906,342.2033386230469,66743400.0,0.1201403076923077,0.0477427356008235,4.17076923076923,650,0,-0.01819724123253097,0.03837489285831861,2.726448043181943e-10,0.8964556481216087,0.0915012787723785,0.1106628402366863,High Volatility
2022-01-19,331.8833312988281,351.5566711425781,331.6666564941406,347.2366638183594,75442500.0,0.1207422776911076,0.0466969719989458,5.009360374414976,641,0,-0.0338278969185718,0.03815815661815797,4.4839310625405835e-10,1.0161264318941066,0.1201403076923077,0.0915012787723785,High Volatility
2022-01-20,332.0899963378906,347.2200012207031,331.3333435058594,336.57666015625,70488600.0,0.1620027027027027,0.0690979101262439,3.469416785206259,703,0,0.0006227038828787723,0.03527331285086174,8.834107683778261e-12,0.9433027519989209,0.1207422776911076,0.1201403076923077,Low Volatility
2022-01-21,314.6333312988281,334.8500061035156,313.5,332.11334228515625,103416000.0,0.1184713670613562,0.0597768010386558,4.655543595263724,929,0,-0.05256606712507206,0.03822176546732428,5.082972376138321e-10,1.3469897483107924,0.1620027027027027,0.1207422776911076,High Volatility
2022-01-24,310.0,311.1700134277344,283.8233337402344,301.586669921875,151565700.0,0.0871780487804878,0.0520595231826446,3.92430613961312,1189,0,-0.014726129872195681,0.02958612227219529,9.716004262307159e-11,1.8982122583881207,0.1184713670613562,0.1620027027027027,Low Volatility
2022-01-25,306.1333312988281,317.086669921875,301.07000732421875,304.7333374023437,86595900.0,0.1165304227941176,0.0426533171728342,4.1525735294117645,1088,0,-0.012473124842489969,0.022626740584501107,1.440382840583673e-10,1.0724711487267147,0.0871780487804878,0.1184713670613562,Low Volatility
2022-01-26,312.4700012207031,329.2300109863281,302.0,317.4766540527344,104867400.0,0.0816619324181626,0.041884943585571,4.631995776135164,1894,0,0.02069905258271132,0.023439995732449793,1.973831007797592e-10,1.2848247978436658,0.1165304227941176,0.0871780487804878,Low Volatility
2022-01-27,276.3666687011719,311.7966613769531,276.3333435058594,311.1199951171875,147109500.0,0.0857717206132879,0.0582346430723404,5.315729699034639,1761,0,-0.11554175561970448,0.04451444592683058,7.854132847960498e-10,1.7479026522680157,0.0816619324181626,0.1165304227941176,High Volatility
2022-01-28,282.1166687011719,285.8333435058594,264.0033264160156,277.1866760253906,134789100.0,0.1031892547660311,0.0571550787806755,4.723570190641248,1154,0,0.020805692766870276,0.04829638021673298,1.543573832518377e-10,1.5645722028949944,0.0857717206132879,0.0816619324181626,High Volatility
2022-01-31,312.239990234375,312.663330078125,287.3500061035156,290.9033203125,104436000.0,0.0943954487989886,0.0559129293097111,4.763590391908976,791,0,0.10677611383930952,0.06883805750248967,1.0224071569124586e-09,1.2021697900795782,0.1031892547660311,0.0857717206132879,High Volatility
2022-02-01,310.4166564941406,314.5666809082031,301.6666564941406,311.7366638183594,73138200.0,0.1120677891654465,0.041376850825624,5.218155197657394,683,0,-0.0058395266373975074,0.06585196579424547,7.984236195855937e-11,0.8508107271795582,0.0943954487989886,0.1031892547660311,High Volatility
2022-02-02,301.8866577148437,310.5,296.4700012207031,309.3933410644531,66792900.0,0.1547224080267558,0.0576801254166827,4.2675585284280935,598,0,-0.027479191598914543,0.06649913426648774,4.114088712859382e-10,0.7739015888799377,0.1120677891654465,0.0943954487989886,High Volatility
2022-02-03,297.0466613769531,312.3333435058594,293.50665283203125,294.0,78855600.0,0.1257235365853658,0.0540803390803578,3.9378048780487807,820,0,-0.016032495024878912,0.06660729086327222,2.0331460320990408e-10,0.9110851021301818,0.1547224080267558,0.1120677891654465,High Volatility
2022-02-04,307.7733459472656,312.1666564941406,293.72332763671875,299.0733337402344,73625400.0,0.140966947368421,0.0687275257804306,3.3557894736842107,475,0,0.03611110968421327,0.06774211648982699,4.904708114891502e-10,0.8572622203302721,0.1257235365853658,0.1547224080267558,High Volatility
2022-02-07,302.4466552734375,315.92333984375,300.9033203125,307.92999267578125,60994500.0,0.175042755344418,0.0742164314243103,4.1258907363420425,421,0,-0.01730718642133755,0.04679514503149114,2.837499515749379e-10,0.719045398843883,0.140966947368421,0.1257235365853658,High Volatility
2022-02-08,307.3333435058594,308.7633361816406,298.26666259765625,301.84332275390625,50729100.0,0.1409834269662921,0.0668814246053639,4.089887640449438,356,0,0.0161571905234128,0.04671309660848487,3.184994514669647e-10,0.602866501026959,0.175042755344418,0.140966947368421,High Volatility
2022-02-09,310.6666564941406,315.42333984375,306.6666564941406,311.6666564941406,52259400.0,0.1520448979591836,0.0782930532494581,3.795918367346939,392,0,0.010845920427172029,0.022459935518969083,2.0754008708810336e-10,0.6230430578245676,0.1409834269662921,0.175042755344418,Low Volatility
2022-02-10,301.51666259765625,314.60333251953125,298.8999938964844,302.7900085449219,66126900.0,0.0838016853932584,0.0477732292292551,3.407303370786517,356,0,-0.029452771017468238,0.025021629048626887,4.4539772796650437e-10,0.7852609128833715,0.1520448979591836,0.1409834269662921,Low Volatility
2022-02-11,286.6666564941406,305.32000732421875,283.5666809082031,303.2099914550781,79645800.0,0.0700790229885057,0.0359717143957018,3.623563218390805,348,0,-0.04925102969626416,0.029412015422396062,6.183757297467558e-10,0.9337475569167613,0.0838016853932584,0.1520448979591836,Low Volatility
2022-02-14,291.9200134277344,299.6266784667969,284.3833312988281,287.19000244140625,67756500.0,0.1196657060518732,0.0750819853329888,5.060518731988473,347,0,0.01832566437213501,0.03049827415592354,2.70463562494152e-10,0.7860593479941284,0.0700790229885057,0.0838016853932584,Low Volatility
2022-02-15,307.4766540527344,307.6666564941406,297.7933349609375,300.0,57286200.0,0.1709551282051282,0.070737582882492,4.330128205128205,312,0,0.053290764282768466,0.034511159061522106,9.302548307056231e-10,0.6767990444556156,0.1196657060518732,0.0700790229885057,Low Volatility
2022-02-16,307.7966613769531,308.8099975585937,300.4033203125,304.6833190917969,51294300.0,0.188954074074074,0.0755947377932138,4.048148148148148,270,0,0.0010407532409399955,0.03363009049171834,2.028984196957548e-11,0.6179213490252201,0.1709551282051282,0.1196657060518732,Low Volatility
2022-02-17,292.1166687011719,306.1666564941406,291.3666687011719,304.4200134277344,55178400.0,0.0969512141280353,0.0782621788149577,3.5496688741721854,453,0,-0.05094269900666093,0.03846766524246232,9.232362483627819e-10,0.6714361349954313,0.188954074074074,0.1709551282051282,High Volatility
2022-02-18,285.6600036621094,295.6233215332031,279.2033386230469,295.3333435058594,68501700.0,0.1340464530892448,0.0690805410457721,2.940503432494279,437,0,-0.022103035296720752,0.03799121369715426,3.2266404040659945e-10,0.8410086254650601,0.0969512141280353,0.188954074074074,High Volatility
2022-02-22,273.84332275390625,285.57666015625,267.0333251953125,278.0433349609375,83288100.0,0.0518141199226305,0.0448426420065944,8.731141199226306,517,0,-0.04136624223452856,0.03918800823454977,4.96664496302936e-10,1.0229110780272117,0.1340464530892448,0.0969512141280353,High Volatility
2022-02-23,254.67999267578125,278.4333190917969,253.5200042724609,276.8099975585937,95256900.0,0.0782714114832535,0.0415588277413223,5.106459330143541,836,0,-0.06997917599526948,0.04298308843835705,7.346362940140765e-10,1.1682609258211114,0.0518141199226305,0.1340464530892448,High Volatility
2022-02-24,266.92333984375,267.49334716796875,233.3333282470703,233.4633331298828,135322200.0,0.1178254739336492,0.048720635668418,4.062796208530806,844,0,0.04807345500262783,0.048103624168515116,3.5525179905904446e-10,1.613937841742681,0.0782714114832535,0.0518141199226305,High Volatility
2022-02-25,269.9566650390625,273.1666564941406,260.79998779296875,269.74334716796875,76067700.0,0.0805918767507002,0.0361468682930955,3.2408963585434174,357,0,0.011364031324829549,0.040701654612906264,1.4939364966772425e-10,0.910006631154559,0.1178254739336492,0.0782714114832535,High Volatility
2022-02-28,290.1433410644531,292.28668212890625,271.57000732421875,271.6700134277344,99006900.0,0.1501451428571428,0.045696146550812,4.8533333333333335,525,0,0.07477746853358713,0.05379615460745254,7.552753245843182e-10,1.1835827709614937,0.0805918767507002,0.1178254739336492,High Volatility
2022-03-01,288.1233215332031,296.6266784667969,284.59332275390625,289.8933410644531,74766900.0,0.1318268817204301,0.0495763187498611,3.35752688172043,372,0,-0.006962143345558558,0.05028527128889959,9.311798864950343e-11,0.8931487264786154,0.1501451428571428,0.0805918767507002,High Volatility
2022-03-02,293.2966613769531,295.49334716796875,281.42333984375,290.7099914550781,74643300.0,0.0240894428152492,0.0284874393775805,3.038123167155425,341,0,0.01795529711451649,0.049744633885262964,2.4054800785223173e-10,0.8888761072948923,0.1318268817204301,0.1501451428571428,High Volatility
2022-03-03,279.7633361816406,295.4800109863281,277.5333251953125,292.92333984375,61623600.0,0.110842748091603,0.0538189995421721,2.8244274809160306,393,0,-0.04614210448825773,0.05051080368062397,7.48773270114984e-10,0.7378809063694369,0.0240894428152492,0.1318268817204301,High Volatility
2022-03-04,279.42999267578125,285.2166748046875,275.0533447265625,283.0333251953125,66999600.0,0.0390251351351351,0.0249691904563116,3.075675675675676,370,0,-0.0011915196265851469,0.039082728340402176,1.778398119668098e-11,0.8033718798258807,0.110842748091603,0.0240894428152492,High Volatility
2022-03-07,268.1933288574219,288.7133178710937,268.19000244140625,285.4333190917969,72494100.0,0.0972324705882353,0.044764088128906,4.658823529411765,425,0,-0.04021280504200253,0.040468351671708265,5.547045213610836e-10,0.8801324701100899,0.0390251351351351,0.110842748091603,High Volatility
2022-03-08,274.79998779296875,283.3299865722656,260.72332763671875,265.1766662597656,80399100.0,0.0507825268817204,0.0241863773363709,3.903225806451613,372,0,0.02463394210323222,0.04131647412284806,3.0639574451992894e-10,1.0050510631659162,0.0972324705882353,0.0390251351351351,High Volatility
2022-03-09,286.3233337402344,286.85333251953125,277.336669921875,279.82666015625,59184000.0,0.1099981132075471,0.0699480869096882,3.3679245283018866,318,0,0.04193357517885765,0.032836610990624356,7.085289128625583e-10,0.7483942792551109,0.0507825268817204,0.0972324705882353,Low Volatility
2022-03-10,279.4333190917969,284.8166809082031,270.1199951171875,283.8166809082031,58648500.0,0.1448504043126684,0.0736702660104304,4.172506738544475,371,0,-0.024063755330148706,0.033934933120533285,4.10304702254085e-10,0.7563578240479707,0.1099981132075471,0.0507825268817204,Low Volatility
2022-03-11,265.1166687011719,281.26666259765625,264.5899963378906,280.0666809082031,67037100.0,0.0748093525179856,0.0363242624995002,4.083932853717027,417,0,-0.0512345859010529,0.036498171397851116,7.642721105336135e-10,0.8953608577885339,0.1448504043126684,0.1099981132075471,High Volatility
2022-03-14,255.4566650390625,266.8999938964844,252.01333618164065,260.2033386230469,71152200.0,0.1075525879917184,0.044765278167738,3.973084886128365,483,0,-0.036436802368687404,0.03522489911305169,5.120966374713277e-10,0.9780321392179862,0.0748093525179856,0.1448504043126684,Low Volatility
2022-03-15,267.2966613769531,268.5233459472656,252.19000244140625,258.42333984375,66841200.0,0.1169062337662337,0.0424136605557362,3.561038961038961,385,0,0.046348355546253384,0.04172237605977003,6.934099858508433e-10,0.934878437913871,0.1075525879917184,0.0748093525179856,High Volatility
2022-03-16,280.07666015625,280.6666564941406,267.4200134277344,269.6666564941406,84028800.0,0.0875304709141274,0.0504167574732628,4.551246537396122,361,0,0.047812040425278646,0.04279448173065577,5.689958731444296e-10,1.1693366414218267,0.1169062337662337,0.1075525879917184,High Volatility
2022-03-17,290.5333251953125,291.6666564941406,275.239990234375,276.9966735839844,66582900.0,0.1200103752759381,0.0320265696350954,4.103752759381899,453,0,0.037335010469022656,0.04392122470645032,5.607297139208814e-10,0.9266514532471262,0.0875304709141274,0.1169062337662337,High Volatility
2022-03-18,301.7966613769531,302.6166687011719,289.1300048828125,291.4966735839844,100414200.0,0.1225940239043824,0.0478725903357377,3.832669322709164,502,0,0.03876779427650434,0.04353797558239866,3.860788043573951e-10,1.383652201232296,0.1200103752759381,0.0875304709141274,High Volatility
2022-03-21,307.0533447265625,314.2833251953125,302.36334228515625,304.99334716796875,81981600.0,0.0901497881355932,0.0404744467690844,6.188559322033898,472,0,0.017417963888751054,0.04114641379772529,2.1246186813566768e-10,1.125341950811794,0.1225940239043824,0.1200103752759381,High Volatility
2022-03-22,331.32666015625,332.6199951171875,307.25,310.0,105868500.0,0.1015921693121693,0.0365706541471257,4.019047619047619,945,0,0.07905243778179138,0.03567132522694533,7.467040506079843e-10,1.423993616888774,0.0901497881355932,0.1225940239043824,Low Volatility
2022-03-23,333.03668212890625,346.8999938964844,325.4666748046875,326.64666748046875,120676200.0,0.0929263846928499,0.045844617313316,5.021148036253776,993,0,0.005161136057840299,0.02362679534083276,4.276846683803682e-11,1.573809667888055,0.1015921693121693,0.0901497881355932,Low Volatility
2022-03-24,337.97332763671875,341.4966735839844,329.6000061035156,336.57666015625,68920800.0,0.0908628440366972,0.0396927584430223,5.373088685015291,654,0,0.014823128420135223,0.024926368511845293,2.1507481660304615e-10,0.8923734034379542,0.0929263846928499,0.1015921693121693,Low Volatility
2022-03-25,336.8800048828125,340.6000061035156,332.44000244140625,336.0,62031600.0,0.1350966131907308,0.0355989206993617,4.397504456327986,561,0,-0.003234937980317265,0.027646319562029613,5.214983944178878e-11,0.8045954797246001,0.0908628440366972,0.0929263846928499,Low Volatility
2022-03-28,363.9466552734375,365.9599914550781,351.20001220703125,355.0333251953125,102506100.0,0.1211777255639097,0.0723161687729547,6.787593984962406,1064,0,0.0803450783611821,0.034294238627030973,7.838077769145651e-10,1.3165667933578085,0.1350966131907308,0.0908628440366972,Low Volatility
2022-03-29,366.5233459472656,371.5899963378906,357.7033386230469,369.3299865722656,73614900.0,0.1716093514328808,0.0805954989949591,5.30920060331825,663,0,0.007079858095940583,0.0355053367229751,9.617425407003994e-11,0.9431288012184398,0.1211777255639097,0.1350966131907308,Low Volatility
2022-03-30,364.663330078125,371.3166809082031,361.3333435058594,363.7233276367188,59865000.0,0.1467655555555555,0.0670579517533668,6.214814814814815,540,0,-0.00507475414515135,0.03764595542609259,8.476996818092959e-11,0.7661260805621918,0.1716093514328808,0.1211777255639097,High Volatility
2022-03-31,359.20001220703125,367.71331787109375,358.8800048828125,364.8566589355469,48992700.0,0.1496138195777351,0.0576666702835843,9.403071017274472,521,0,-0.014981813142339484,0.031627162567909956,3.057968461084913e-10,0.6276033406795215,0.1467655555555555,0.1716093514328808,Low Volatility
2022-04-01,361.5299987792969,364.9166564941406,355.5466613769531,360.3833312988281,54263100.0,0.1358193895870736,0.0619434943035826,4.721723518850988,557,0,0.006486599368272561,0.031583214023416524,1.1953978612118661e-10,0.695389686240311,0.1496138195777351,0.1467655555555555,Low Volatility
2022-04-04,381.8166809082031,383.3033447265625,357.510009765625,363.1266784667969,82035900.0,0.1036115976331361,0.0590709042112206,6.222485207100592,845,0,0.05611341298759176,0.03573616039412754,6.8401045137058e-10,1.045259154788524,0.1358193895870736,0.1496138195777351,Low Volatility
2022-04-05,363.7533264160156,384.2900085449219,362.4333190917969,378.76666259765625,80075100.0,0.1297828655834564,0.0646622793470841,4.441654357459379,677,0,-0.047308971544201106,0.04322135112699893,5.908075237396033e-10,1.021669835763669,0.1036115976331361,0.1358193895870736,High Volatility
2022-04-06,348.586669921875,359.6666564941406,342.5666809082031,357.8233337402344,89348400.0,0.134754749568221,0.053442910227252,4.155440414507772,579,0,-0.041694894294368345,0.034751928898713896,4.666551868233605e-10,1.1428587508733081,0.1297828655834564,0.1036115976331361,Low Volatility
2022-04-07,352.4200134277344,358.86334228515625,340.5133361816406,350.7966613769531,79447200.0,0.1416848537005163,0.0599541086554147,4.158347676419965,581,0,0.010996816105212748,0.0350211011523843,1.384166604387914e-10,1.041012489445373,0.134754749568221,0.1297828655834564,Low Volatility
2022-04-08,341.8299865722656,349.4800109863281,340.8133239746094,347.7366638183594,55013700.0,0.1080465465465465,0.0450478045717381,4.108108108108108,666,0,-0.03004944796541842,0.03627193877164386,5.462175415472586e-10,0.727545855714124,0.1416848537005163,0.134754749568221,High Volatility
2022-04-11,325.3099975585937,336.1566772460937,324.8800048828125,326.79998779296875,59357100.0,0.0859081081081081,0.0478890704084156,3.565315315315315,444,0,-0.04832808607380468,0.03930731638921384,8.141921703352198e-10,0.7989511369592448,0.1080465465465465,0.1416848537005163,High Volatility
2022-04-12,328.9833374023437,340.39666748046875,325.5333251953125,332.5466613769531,65976000.0,0.1420430353430353,0.0588730236734025,5.390852390852391,481,0,0.011291813566499442,0.0397518967840075,1.7115032082119927e-10,0.8915585315013699,0.0859081081081081,0.1080465465465465,High Volatility
2022-04-13,340.7900085449219,342.0799865722656,324.3666687011719,327.02667236328125,55121100.0,0.0939333333333333,0.0391637007931202,4.9051282051282055,390,0,0.035888356035912894,0.0342732344974718,6.510820001036426e-10,0.7514804701458119,0.1420430353430353,0.0859081081081081,Low Volatility
2022-04-14,328.3333435058594,337.57000732421875,327.39666748046875,333.0966796875,58422300.0,0.1396650217706821,0.0725192608920147,4.143686502177069,689,0,-0.03655231880843268,0.032825174796369566,6.256569633244956e-10,0.7976470202735267,0.0939333333333333,0.1420430353430353,Low Volatility
2022-04-18,334.7633361816406,338.3066711425781,324.4700012207031,329.6766662597656,51715200.0,0.1043003838771593,0.0360060234519403,5.416506717850288,521,0,0.019583733431163042,0.032396536514718986,3.7868428297991776e-10,0.7110199904253619,0.1396650217706821,0.0939333333333333,Low Volatility
2022-04-19,342.7166748046875,344.9800109863281,331.77667236328125,335.0199890136719,49847700.0,0.1075681481481481,0.0618497636041452,3.414814814814815,540,0,0.023758093445249484,0.033795926286045136,4.76613634034258e-10,0.6925317321983346,0.1043003838771593,0.1396650217706821,Low Volatility
2022-04-20,325.7333374023437,344.6666564941406,325.0833435058594,343.3333435058594,70711200.0,0.0719893000804505,0.0412003890746776,6.6307320997586485,2486,0,-0.049555036713700984,0.03700302232942222,7.008088777124555e-10,0.9868146440193921,0.1075681481481481,0.1043003838771593,High Volatility
2022-04-21,336.260009765625,364.0733337402344,332.1400146484375,358.24334716796875,105416400.0,0.1136439834024896,0.0604885186124926,5.983402489626556,1446,0,0.032316840662455215,0.03417322911826854,3.0656369087215284e-10,1.4401720068379769,0.0719893000804505,0.1075681481481481,Low Volatility
2022-04-22,335.01666259765625,344.95001220703125,331.3333435058594,338.3033447265625,69696600.0,0.0948927207637231,0.0515144945221143,5.013126491646778,838,0,-0.003697576672395231,0.034200965961459585,5.305246844745986e-11,0.9474105747596423,0.1136439834024896,0.0719893000804505,Low Volatility
2022-04-25,332.67333984375,336.2066650390625,325.1000061035156,326.3233337402344,68341200.0,0.0963984234234234,0.051638440575782,5.431306306306307,888,0,-0.006994645387893739,0.031045317210483807,1.0234888161012301e-10,0.9284375257696665,0.0948927207637231,0.1136439834024896,Low Volatility
2022-04-26,292.1400146484375,333.3333435058594,291.6666564941406,331.8099975585937,136133700.0,0.0786508615188257,0.0464333061335163,4.82769623484365,1567,0,-0.12184121881948873,0.054371780152200476,8.950114396324255e-10,1.7965544782123046,0.0963984234234234,0.0948927207637231,High Volatility
2022-04-27,293.836669921875,306.0,292.4533386230469,299.52667236328125,76956300.0,0.0934286135693215,0.0521737816346289,5.814159292035399,1017,0,0.005807678470473254,0.05313807264673033,7.546722582132008e-11,1.011092198935648,0.0786508615188257,0.0963984234234234,High Volatility
2022-04-28,292.5033264160156,300.0,273.8999938964844,299.99334716796875,124948500.0,0.0855795169082125,0.0673618785101843,4.105314009661836,1035,0,-0.004537702888526063,0.050517138270022084,3.631658554145158e-11,1.6127373056237773,0.0934286135693215,0.0786508615188257,High Volatility
2022-04-29,290.2533264160156,311.4666748046875,290.0,300.75,88133100.0,0.1102821333333333,0.0502474576438116,4.327111111111111,1125,0,-0.007692220213591394,0.049059825768726334,8.727958296702821e-11,1.1271027406317435,0.0855795169082125,0.0934286135693215,High Volatility
2022-05-02,300.9800109863281,302.1199951171875,282.6766662597656,286.92333984375,75781500.0,0.1099010014306151,0.0669799319713791,4.055793991416309,699,0,0.03695628471433299,0.04983450711662075,4.876689523740357e-10,0.9794271382281922,0.1102821333333333,0.0855795169082125,High Volatility
2022-05-03,303.0833435058594,308.02667236328125,296.1966552734375,301.0599975585937,63709500.0,0.1456152700186219,0.0708650801229654,18.14897579143389,537,0,0.006988279761963367,0.05038375173315337,1.0968975995673122e-10,0.8299374369986434,0.1099010014306151,0.1102821333333333,High Volatility
2022-05-04,317.5400085449219,318.5,295.09332275390625,301.3133239746094,81643800.0,0.1136943529411764,0.0655952824161262,4.555294117647059,425,0,0.04769864576468552,0.055463139426199994,5.84228634197398e-10,1.0748724964858283,0.1456152700186219,0.1099010014306151,High Volatility
2022-05-05,291.09332275390625,315.20001220703125,285.8999938964844,313.00665283203125,92519100.0,0.1138333333333333,0.0672887128227986,3.7948717948717943,585,0,-0.08328615317548016,0.042307017730345606,9.002049649799896e-10,1.2332893795315694,0.1136943529411764,0.1456152700186219,High Volatility
2022-05-06,288.54998779296875,296.0,281.03668212890625,295.6666564941406,72903000.0,0.108548417132216,0.0598162861531776,4.735567970204841,537,0,-0.008737180698190294,0.04234723583202666,1.1984665511968362e-10,0.9700881825766557,0.1138333333333333,0.1136943529411764,High Volatility
2022-05-09,262.3699951171875,281.8766784667969,260.3833312988281,278.8166809082031,90810300.0,0.0753683714670255,0.0572983901320816,4.685060565275909,743,0,-0.09072948807249681,0.05415895216126395,9.991101017450313e-10,1.1931424688336738,0.108548417132216,0.1138333333333333,High Volatility
2022-05-10,266.67999267578125,275.1199951171875,258.0833435058594,273.10333251953125,84401700.0,0.1185266937669376,0.0703470451983647,8.086720867208673,738,0,0.016427173986372612,0.055388922780962156,1.946308425822301e-10,1.1178039673560138,0.0753683714670255,0.108548417132216,High Volatility
2022-05-11,244.6666717529297,269.92333984375,242.3999938964844,265.0,97224600.0,0.1172613138686131,0.0736696526487448,4.453771289537713,822,0,-0.08254582843646041,0.05666512545542136,8.490220421216483e-10,1.274346374602359,0.1185266937669376,0.0753683714670255,High Volatility
2022-05-12,242.6666717529297,253.22000122070312,226.6666717529297,233.6666717529297,140313000.0,0.0877704271631982,0.0591985669961857,4.980284775465498,913,0,-0.008174386751047313,0.05539180891495098,5.825822804050454e-11,1.776669414361199,0.1172613138686131,0.1185266937669376,High Volatility
2022-05-13,256.5299987792969,262.45001220703125,250.52333068847656,257.82666015625,92150700.0,0.0959088719898605,0.0644286145463539,10.131812420785804,789,0,0.05712909369145702,0.05766201920475034,6.199528998852643e-10,1.1459548660119705,0.0877704271631982,0.1172613138686131,High Volatility
2022-05-16,241.4566650390625,256.586669921875,239.69667053222656,255.72000122070312,86098500.0,0.0850918103448275,0.0671140656738524,6.991379310344827,464,0,-0.05875856161837267,0.054437251562562135,6.824574367540976e-10,1.0567464309332375,0.0959088719898605,0.0877704271631982,High Volatility
2022-05-17,253.8699951171875,254.82666015625,242.9499969482422,249.1199951171875,80236200.0,0.1185752851711026,0.0631285396595769,6.4543726235741445,526,0,0.05141017778952928,0.0617041262381596,6.407354509501856e-10,0.9855200061806724,0.0850918103448275,0.0959088719898605,High Volatility
2022-05-18,236.60333251953125,253.5,233.60333251953125,248.17333984375,87811800.0,0.068818698224852,0.0538665194064672,5.570414201183432,845,0,-0.06801379812405906,0.05760882364533994,7.745405301344359e-10,1.0751634138977175,0.1185752851711026,0.0850918103448275,High Volatility
2022-05-19,236.47332763671875,244.6666717529297,231.3699951171875,235.6666717529297,90296700.0,0.0718446153846153,0.0489068475065295,4.783431952662722,845,0,-0.0005494634476534976,0.056499471831753974,6.0850889086034995e-12,1.1051606770194917,0.068818698224852,0.1185752851711026,High Volatility
2022-05-20,221.3000030517578,240.52667236328125,211.0,237.9966735839844,144973200.0,0.0385945172824791,0.0571497404916195,5.252681764004768,1678,0,-0.06416505716141863,0.05320289478676414,4.425994401821759e-10,1.728159388161398,0.0718446153846153,0.068818698224852,High Volatility
2022-05-23,224.96665954589844,226.65333557128903,212.6866607666016,218.33999633789065,88903500.0,0.0870277945619335,0.0496108891677379,4.338368580060423,662,0,0.01656871415985961,0.054387058340936635,1.863674001570198e-10,1.0456965517484733,0.0385945172824791,0.0718446153846153,High Volatility
2022-05-24,209.3866729736328,217.97332763671875,206.856674194336,217.8433380126953,89092500.0,0.0855645625692137,0.0571678454836302,11.473975636766337,903,0,-0.06925464690507588,0.04933124729949145,7.773341965381584e-10,1.0358433119640207,0.0870277945619335,0.0385945172824791,High Volatility
2022-05-25,219.6000061035156,223.106674194336,207.6699981689453,207.9499969482422,92139300.0,0.1016558114035087,0.0834638319646547,3.849780701754386,912,0,0.048777379117957986,0.054465042410222306,5.293873419697999e-10,1.0605139814188804,0.0855645625692137,0.0870277945619335,High Volatility
2022-05-26,235.91000366210932,239.55667114257807,217.8866729736328,220.47332763671875,106003200.0,0.0960873381294964,0.0821293391296865,5.207194244604317,695,0,0.07427138936829292,0.05937718051463626,7.006523328379985e-10,1.1967241005394014,0.1016558114035087,0.0855645625692137,High Volatility
2022-05-27,253.2100067138672,253.26666259765625,240.1766662597656,241.0833282470703,89295000.0,0.0769567877629063,0.0515685384678835,3.751434034416826,523,0,0.073333062537426,0.05995865768092504,8.212448909505123e-10,0.9965192412637867,0.0960873381294964,0.1016558114035087,High Volatility
2022-05-31,252.7533264160156,259.6000061035156,244.7433319091797,257.9466552734375,101914500.0,0.0632197149643705,0.0173410607928982,2.843230403800475,421,0,-0.001803563389055407,0.06000176412664643,1.7696828116268118e-11,1.116501594376262,0.0769567877629063,0.0960873381294964,High Volatility
2022-06-01,246.7899932861328,257.32666015625,243.63999938964844,251.72000122070312,77247900.0,0.1478289738430583,0.0684549617553029,5.3561368209255535,497,0,-0.02359349020027346,0.05307952073749801,3.0542565170410405e-10,0.8378883338368032,0.0632197149643705,0.0769567877629063,High Volatility
2022-06-02,258.3333435058594,264.2099914550781,242.0666656494141,244.1566619873047,93473100.0,0.0609223728813559,0.0576403659940484,5.815254237288135,590,0,0.04677398003874078,0.054262680797913965,5.004004364757431e-10,1.0056030901017168,0.1478289738430583,0.0632197149643705,High Volatility
2022-06-03,234.51666259765625,247.79666137695312,233.4166717529297,243.22666931152344,112393800.0,0.0599639082751744,0.045550019625695,4.941176470588236,1003,0,-0.09219359988526965,0.0609209980998726,8.20273003362015e-10,1.2061379928026934,0.0609223728813559,0.1478289738430583,High Volatility
2022-06-06,238.27999877929688,244.86666870117188,234.3500061035156,244.35333251953125,84204600.0,0.087658764940239,0.0495144330723205,7.416334661354582,502,0,0.0160472016783606,0.05939650691908064,1.9057393157096645e-10,0.8989642831749343,0.0599639082751744,0.0609223728813559,High Volatility
2022-06-07,238.8866729736328,239.9966735839844,230.0933380126953,234.0,72808500.0,0.0463035,0.0440353933241582,3.62,400,0,0.0025460558898939833,0.05295508196436137,3.496921224711378e-11,0.7760663084032307,0.087658764940239,0.0599639082751744,High Volatility
2022-06-08,241.86666870117188,249.9633331298828,239.1766662597656,240.086669921875,76210500.0,0.1111591133004926,0.0494726396950018,3.4704433497536944,406,0,0.012474516432601446,0.04366781541085931,1.6368500971127923e-10,0.8299995436720546,0.0463035,0.087658764940239,High Volatility
2022-06-09,239.7066650390625,255.54666137695312,239.32666015625,249.33999633789065,96491400.0,0.0680848534201954,0.0167781576734705,3.6351791530944624,614,0,-0.008930555308462429,0.04364549285963715,9.255286282987322e-11,1.0434762861045235,0.1111591133004926,0.0463035,High Volatility
2022-06-10,232.22999572753903,239.5,227.913330078125,235.1566619873047,97536600.0,0.085394109589041,0.0528019241113986,4.294520547945205,730,0,-0.031190911234383334,0.04422630346046651,3.1978673886913563e-10,1.0653058295580138,0.0680848534201954,0.1111591133004926,High Volatility
2022-06-13,215.73666381835932,226.63333129882807,214.683334350586,223.1666717529297,102767400.0,0.0918955403087478,0.0535903615277511,6.55746140651801,583,0,-0.07102153990705973,0.04238012145483946,6.910901697139338e-10,1.1164886635019888,0.085394109589041,0.0680848534201954,High Volatility
2022-06-14,220.88999938964844,226.3300018310547,211.73666381835932,218.2866668701172,97988700.0,0.0559987951807228,0.0457535511212554,3.891566265060241,498,0,0.023887157055640706,0.03325627145807584,2.437746092727091e-10,1.056078638217082,0.0918955403087478,0.085394109589041,Low Volatility
2022-06-15,233.0,235.663330078125,218.1499938964844,220.9166717529297,119131800.0,0.10395,0.0569929592229076,4.9957081545064375,466,0,0.05482367080362738,0.04039741092854364,4.6019342277735566e-10,1.2588844695862946,0.0559987951807228,0.0918955403087478,High Volatility
2022-06-16,213.1000061035156,225.1666717529297,208.69332885742188,222.73666381835932,107390700.0,0.0830068914956011,0.0434974446572901,5.573313782991202,682,0,-0.08540769912654256,0.05088717383756226,7.952988399045965e-10,1.124615225760401,0.10395,0.0559987951807228,High Volatility
2022-06-17,216.759994506836,220.97000122070312,213.19667053222656,213.433334350586,92641800.0,0.0638484486873508,0.0628550098852541,3.124105011933174,419,0,0.017174980283869656,0.05133994774918946,1.853912627331254e-10,0.9701204720868023,0.0830068914956011,0.10395,High Volatility
2022-06-21,237.0366668701172,243.57666015625,224.3333282470703,224.60333251953125,122793000.0,0.0646980836236933,0.033018216417582,4.041811846689895,574,0,0.09354434802147837,0.06574280096742695,7.61805217084674e-10,1.2638466253217049,0.0638484486873508,0.0830068914956011,High Volatility
2022-06-22,236.086669921875,246.8333282470703,233.82666015625,234.5033264160156,101107500.0,0.0800268389662027,0.0376277049434562,5.141153081510934,503,0,-0.004007805884153504,0.06436389654441824,3.9639056293089074e-11,1.0369852163133264,0.0646980836236933,0.0638484486873508,High Volatility
2022-06-23,235.07000732421875,239.3166656494141,228.6366729736328,237.9066619873047,104202600.0,0.0470773242630385,0.0409010245121006,5.206349206349207,441,0,-0.004306310889948484,0.05574085017263211,4.132632861318704e-11,1.0615433232322842,0.0800268389662027,0.0646980836236933,High Volatility
2022-06-24,245.7066650390625,246.0666656494141,236.086669921875,237.47000122070312,95770800.0,0.0892920634920634,0.0461517855527776,3.276190476190476,315,0,0.04524889345059324,0.05696459343644176,4.72470663820217e-10,0.9761279243843015,0.0470773242630385,0.0800268389662027,High Volatility
2022-06-27,244.9199981689453,252.07000732421875,242.5666656494141,249.36666870117188,89178300.0,0.0685223642172523,0.061083042108972,3.137380191693291,313,0,-0.0032016505127857586,0.05467217354828565,3.590167689657415e-11,0.9250048258208018,0.0892920634920634,0.0470773242630385,High Volatility
2022-06-28,232.663330078125,249.97000122070312,232.3433380126953,244.4833374023437,90391200.0,0.1141795148247978,0.0527083932223428,4.218328840970351,371,0,-0.0500435578248114,0.04540358103569918,5.536330729629809e-10,0.9381563971785313,0.0685223642172523,0.0892920634920634,High Volatility
2022-06-29,228.4900054931641,231.17333984375,222.27333068847656,230.5,82897200.0,0.0568177884615384,0.0384584815102128,5.8173076923076925,416,0,-0.0179371823809088,0.04684489407288627,2.1637862775713534e-10,0.8613312682850751,0.1141795148247978,0.0685223642172523,High Volatility
2022-06-30,224.47332763671875,229.4566650390625,218.8633270263672,224.509994506836,94600500.0,0.040220424403183,0.0220944202390121,3.3342175066313,377,0,-0.017579227799377484,0.028412825230195428,1.8582595017338685e-10,0.9780668125694776,0.0568177884615384,0.1141795148247978,Low Volatility
2022-07-01,227.26333618164065,230.22999572753903,222.1199951171875,227.0,74460300.0,0.0527476851851851,0.0399216399220201,4.423611111111111,432,0,0.012429131666980009,0.029402236969115914,1.6692293298549708e-10,0.7733975979900468,0.040220424403183,0.0568177884615384,Low Volatility
