Date,VADER_With_Duplicates,TextBlob_With_Duplicates,VADER_Without_Duplicates,TextBlob_Without_Duplicates,FinBERT_With_Duplicates,FinBERT_Without_Duplicates
2021-07-05,0.32383684210526315,0.19768643864679408,0.3566066666666667,0.17540282228593915,-0.003663405923074802,0.001969924631218101
2021-07-06,0.3076851851851852,0.1370899470899471,0.29438260869565214,0.12304347826086957,0.05810411384812106,0.061739295478100344
2021-07-07,0.2568875,0.07148540839947091,0.14756666666666665,0.010194830246913589,0.052148012910038226,0.06248872626859407
2021-07-08,0.1781111111111111,0.10266093474426809,0.09181333333333332,0.07176455026455027,-0.17515904684033662,-0.20514054642990232
2021-07-09,0.47961785714285715,0.13160119477083762,0.38216190476190476,0.09927778350397398,0.18121209574331126,0.21457742167902843
2021-07-10,0.06949565217391304,0.011352657004830916,0.12295384615384616,0.020085470085470084,0.009438990898754286,0.012405414400356156
2021-07-11,0.2851230769230769,0.1868131868131868,0.22904,0.17285714285714285,0.006888529858910108,0.00920903887599705
2021-07-12,0.1817,0.08017976767976767,0.20039677419354837,0.07473069045649691,0.10739562932301211,0.09107173638684407
2021-07-13,0.22144583333333334,0.11576991642616642,0.24832972972972972,0.13107603057603057,0.11860094110791881,0.13906109384261073
2021-07-14,0.33245135135135134,0.110246723996724,0.29999000000000003,0.1318757215007215,0.23188604072139068,0.23046961060414708
2021-07-15,0.17683061224489796,0.24387926221818348,0.2902838709677419,0.23718117149107934,0.04703617037026856,0.0967955118685495
2021-07-16,0.3641225806451613,0.12583333333333332,0.3633185185185185,0.1130379188712522,0.08016892159057239,0.10970154980680455
2021-07-17,0.5329076923076923,0.22807747807747805,0.30856666666666666,0.1798821548821549,0.027542055942691268,-0.0018672396739323842
2021-07-18,0.21815714285714286,0.2123015873015873,0.25451666666666667,0.2476851851851852,0.021887211661253656,0.022086487772564098
2021-07-19,0.21389,0.12294444444444445,0.2916681818181818,0.16765151515151516,0.03843954938153424,0.037129521137103424
2021-07-20,0.32410645161290325,0.1576606357352325,0.24501,0.1318739853896104,0.2889712152461852,0.12005905891280796
2021-07-21,0.11266470588235294,0.08201314616755793,0.15960833333333332,0.1161852904040404,0.017026611549012794,0.016807056963443753
2021-07-22,0.19295862068965516,0.08483588968502762,0.188675,0.10472489027176528,0.07473206407679564,0.11730671767145391
2021-07-23,0.3001095238095238,0.12676574417645847,0.3065888888888889,0.13598860630110632,0.19428239747261009,0.14255406767026416
2021-07-24,0.20506666666666667,0.04660493827160494,0.30760000000000004,0.0699074074074074,0.10419248406671816,-0.10673193959519266
2021-07-25,0.2191896103896104,0.09153138528138528,0.2715571428571429,0.1322137188208617,0.07882131245471054,0.08380335680253446
2021-07-26,0.11615894736842106,0.0742375010119371,0.20021041666666664,0.09380338741945886,0.12474976646664895,0.18390869308263064
2021-07-27,0.1355236111111111,0.07733730775397442,0.18826808510638296,0.08869538263155284,0.03355181550270775,0.14836990475305356
2021-07-28,0.12948333333333334,0.10172655122655122,0.09612105263157895,0.06986699703804966,0.17440482995783288,0.12973095518536865
2021-07-29,0.26697692307692306,0.05361492673992674,0.27445652173913043,0.060608178053830224,0.10596554826658504,0.09079534381938477
2021-07-30,0.35223548387096776,0.15303097440194213,0.19152608695652173,0.1127808785417481,0.08270187754063836,0.09165390062591303
2021-07-31,0.24624615384615384,0.16783103648488262,0.33923000000000003,0.11030155955155956,0.08346263820735311,0.10880473637953406
2021-08-01,0.1582,0.08316239316239317,0.1582,0.08316239316239317,0.3614622484892607,0.3614622484892607
2021-08-02,0.3090425,0.06415584415584416,0.3182916666666667,0.0673953823953824,0.07210717983543871,0.07352960890986851
2021-08-03,0.24419285714285716,0.12298402355191207,0.252871875,0.1492910348801386,0.15909737061398724,0.1837924499559449
2021-08-04,0.15523809523809523,0.09116522366522367,0.14398947368421053,0.10432515948963317,0.00490903404230872,0.05190373057695595
2021-08-05,0.324185,0.17299494949494948,0.34124736842105263,0.18209994683678893,0.09615504238754509,0.10259941181069925
2021-08-06,0.23574102564102567,0.1358978428978429,0.25185769230769234,0.07884676434676435,0.11702728814755876,0.10272029018960893
2021-08-07,0.2931333333333333,0.027314814814814816,0.31978181818181817,0.0297979797979798,-0.009047766526540093,-0.014120957898822666
2021-08-08,0.22513846153846154,-0.0029380341880341923,0.1869,0.04575617283950617,-0.021019996358798095,-0.021859947592020028
2021-08-09,0.20108095238095236,0.06614087301587301,0.211135,0.06944791666666666,-0.011363798397637568,-0.01061758948490026
2021-08-10,0.3325896551724138,0.05960777728019107,0.28880869565217393,0.06739365706757011,0.041137785747133414,0.04688820770631231
2021-08-11,0.19475666666666666,0.07687863005050506,0.18921600000000002,0.0815876893939394,0.040745632443577054,0.04606379896264385
2021-08-12,0.18658636363636363,0.10896780303030304,0.1257125,0.09175781250000001,0.0026941972530700785,-0.03869988878860194
2021-08-13,0.369825,0.10842361111111111,0.3609769230769231,0.1173882783882784,0.16518175404053184,0.1620184208911199
2021-08-14,0.4088307692307692,0.16127136752136753,0.4429,0.17471064814814816,0.0008968687974489556,0.00316227258493502
2021-08-15,0.3457,0.08571428571428572,0.604975,0.15,0.015524886814611298,0.030076962709426856
2021-08-16,0.20824358974358978,0.14079632889156699,0.24286785714285714,0.12150599778150797,-0.10497544049165952,-0.1295546644270934
2021-08-17,0.09034705882352942,0.023801557239057237,0.063616,0.016370117845117844,-0.06867144077413659,0.048546243297795846
2021-08-18,0.173075,0.0930282738095238,0.15526521739130433,0.08890398550724639,-0.052275657587285584,-0.06839521811343732
2021-08-19,0.17064347826086956,0.0482487922705314,0.14990526315789474,0.03373538011695907,-0.013137102491505785,-0.017281356267631075
2021-08-20,0.21862941176470588,0.17158109455903572,0.25639999999999996,0.13458360055582277,0.10571852983797295,0.09996764977196496
2021-08-21,0.4879,0.17402777777777778,0.6128166666666667,0.20703703703703702,0.06481833930592984,0.07662025947744648
2021-08-22,0.10135,0.03463203463203463,0.12161999999999999,0.04155844155844156,0.0024066902697086334,0.0002777289599180388
2021-08-23,0.21661666666666668,0.1665398027898028,0.2475619047619048,0.16652167937882223,0.13649388526876766,0.1499579587862605
2021-08-24,0.11576774193548386,0.17851279544827933,0.07990000000000001,0.13636641136641137,0.0011493642664243888,0.010434097144752725
2021-08-25,0.2053684210526316,0.13735832004253057,0.20448333333333335,0.17211363636363639,0.015968111196630868,0.02141800808409848
2021-08-26,0.17673333333333333,0.09238675820707071,0.21208,0.11086410984848485,0.0004556823987513627,-0.011337063368409884
2021-08-27,0.2739636363636364,0.2090909090909091,0.33048,0.26,0.036232893355190754,0.0440848959195945
2021-08-28,0.39590909090909093,0.1351767676767677,0.45248750000000004,0.11086805555555557,0.20697291017594663,0.186006048345007
2021-08-29,0.2766,0.06252482624797077,0.2645142857142857,0.07145694428339518,-0.06606432562693955,-0.09944114142230578
2021-08-30,0.21350357142857143,0.14339375901875903,0.24617727272727272,0.16204660238751148,0.08493317766780299,0.09701677206127592
2021-08-31,0.25508823529411767,0.07038398692810457,0.27103125,0.07478298611111112,0.016638053526334906,0.019320930412504825
2021-09-01,0.17855555555555558,0.08175339497822137,0.1544,0.05954625594061736,-0.010325728984618641,-0.010900472365319738
2021-09-02,0.19063809523809525,0.06927128427128428,0.19512631578947368,0.07656299840510367,0.02153988954211982,0.023931282851844995
2021-09-03,0.0745421052631579,0.05241228070175439,0.06837857142857143,0.04255952380952382,-0.16472813697825922,-0.13934324256842956
2021-09-04,0.35024782608695654,0.07168553323832827,0.38873684210526316,0.07361932970955527,-0.07163998717442156,-0.1246456830076089
2021-09-05,0.18564285714285714,-0.13839285714285715,0.0999,-0.03375,0.04432332342756644,0.02227724837139247
2021-09-06,0.29687083333333336,0.07708333333333332,0.3534818181818182,0.09090909090909091,0.08895734895486385,0.11689375972907456
2021-09-07,0.25923999999999997,0.13607802514945372,0.2320421052631579,0.12459273182957392,0.02298886656228984,0.03357420484535396
2021-09-08,0.22683125,0.07144097222222223,0.27424347826086953,0.07765700483091788,0.07755983120296149,0.06339981555938719
2021-09-09,0.10655,0.09235271672771672,0.09500714285714286,0.05445349293563579,0.08280223525232738,0.0694530913606286
2021-09-10,0.32836785714285716,0.1460891439909297,0.33598636363636364,0.17863997113997113,0.06322003348863549,0.035701454576590776
2021-09-11,0.10200588235294118,-0.021517273576097104,0.13476666666666667,-0.05048280423280423,-0.033173639053369286,-0.0331988911299656
2021-09-12,-0.10476666666666667,0.13166666666666668,-0.10476666666666667,0.13166666666666668,0.12882899244626364,0.12882899244626364
2021-09-13,0.3041047619047619,0.09629777960135104,0.32447647058823526,0.09542666891931598,0.06528820948941366,0.07224377548616183
2021-09-14,0.32711,0.10323852813852814,0.30268235294117646,0.08135014005602241,0.07274525999091566,0.0777266763248726
2021-09-15,0.12990000000000002,0.0467818813131313,0.11850000000000001,0.032852961432506884,0.10896597752192365,0.10896597752192366
2021-09-16,0.22098,0.11702020202020202,0.2971,0.14217171717171717,0.11567279193550348,0.13099096145700007
2021-09-17,0.2344,0.08587962962962963,0.22124615384615384,0.06506410256410255,0.14734321051380697,0.12911242776317522
2021-09-18,0.3939,0.19444444444444445,0.45954999999999996,0.22685185185185186,0.09455611782946757,0.09455611782946757
2021-09-19,0.20945555555555556,0.19170096021947872,0.20945555555555556,0.19170096021947872,0.012060224802957632,0.012060224802957632
2021-09-20,0.14922380952380954,0.11202601410934744,0.12254117647058825,0.1056644880174292,0.05205952402736459,0.02905151667073369
2021-09-21,0.21884761904761907,0.12319543650793652,0.11760666666666666,0.10617083333333334,0.048219637767899594,0.062361213035489374
2021-09-22,0.1625529411764706,0.1579180283224401,0.2658666666666667,0.14871720679012346,-0.027118339586783863,-0.02920239267405123
2021-09-23,0.19155384615384616,0.11771561771561771,0.15628333333333333,0.06708754208754208,0.16100543268168202,0.15413870820370706
2021-09-24,0.2507451612903226,0.1371647349066704,0.27025217391304346,0.1565913796348579,0.18638723004128663,0.1391228252950196
2021-09-25,0.16556666666666667,0.0728395061728395,0.22924615384615385,0.08547008547008547,6.367550748919326e-05,0.007332623936235906
2021-09-26,0.3682125,0.12829269255050504,0.39458333333333334,0.08967671506734008,0.29591452277963975,0.26805342415658134
2021-09-27,0.1553093023255814,0.09494203874291084,0.1832361111111111,0.08562521294292127,0.11114103879866212,0.08017702773213385
2021-09-28,0.3035088235294118,0.13144204651557592,0.3342538461538461,0.15532592407592405,0.25514378927319364,0.2693260084388071
2021-09-29,0.012545161290322581,0.09285473009666559,0.074004,0.08691764309764309,0.05692234722476812,0.06396758076907307
2021-09-30,0.30404545454545456,0.06627754820936639,0.32435555555555556,0.04767255892255893,0.011048913002014162,0.011048913002014167
2021-10-01,0.3287590909090909,0.07211088154269973,0.30461333333333335,0.03970202020202021,0.14395794424821032,0.08068552799522877
2021-10-02,0.0778,0.03462088360985421,0.10173846153846154,0.058093976002629846,-0.06275414691909273,-0.0789099711525653
2021-10-03,0.07537179487179488,0.05517568369130869,0.3189769230769231,0.14972677062520814,0.13973995080838597,0.2617609968695503
2021-10-04,0.07836027397260274,0.04194716242661448,0.17918888888888887,0.09628306878306879,0.06880858429541732,0.014240949849287664
2021-10-05,0.1528970588235294,0.10251575630252101,0.15859545454545454,0.10085768398268398,0.04368386245058738,0.013338127416437077
2021-10-06,0.03603043478260869,0.055300207039337475,0.14517058823529413,0.08364145658263304,0.02639362345571102,0.016123544205637542
2021-10-07,0.22134761904761904,0.08661616161616162,0.2257263157894737,0.09573365231259967,0.028639532670023886,0.03120529972948132
2021-10-08,0.08936666666666666,0.07593329124579125,0.13011724137931036,0.09023902821316615,-0.03826791756889886,0.036682846800734616
2021-10-09,0.5427500000000001,0.1527777777777778,0.7236666666666668,0.20370370370370372,-0.004025015514343975,-0.004025015514343975
2021-10-10,0.07592727272727273,0.044588744588744594,0.0928,0.0544973544973545,0.027042279273948866,0.02223783722147343
2021-10-11,0.19567241379310346,0.04620673068948931,0.19322916666666667,0.06370350328683662,0.02901605799280364,0.027101845815777778
2021-10-12,0.07221176470588235,0.07353386809269162,0.08768571428571428,0.0928625541125541,0.17070605444228826,0.17013920724777312
2021-10-13,0.184271875,0.08975243506493506,0.179844,0.058883116883116884,0.19303563341964036,0.20397897659299466
2021-10-14,0.058015625,0.08298392688041126,0.07426,0.10621942640692641,0.12765701525495385,0.07975593800298295
2021-10-15,0.1613,0.05311338241436926,0.18375151515151517,0.048029551467051464,0.04852091344563584,0.05300225748547485
2021-10-16,0.190195,0.08815909090909091,0.3659461538461538,0.13092851592851593,-0.0538786057382822,0.09639675145347913
2021-10-17,0.17339473684210524,0.06537828947368421,0.13169166666666668,0.04028645833333333,0.0026415444322322322,0.000858433805406067
2021-10-18,0.14420735294117648,0.10268339707677943,0.12272105263157894,0.09209013452434506,0.09345825461615971,0.10043948925710443
2021-10-19,0.0907,0.06580255911888565,0.0865404761904762,0.06724584278155706,0.26541459102335635,0.25918014730665495
2021-10-20,-0.009087499999999995,0.07862666153291153,0.02306969696969697,0.06695006592733865,0.0025341077474877243,0.01753403662910892
2021-10-21,0.19962272727272729,0.10160226452840089,0.22714249999999997,0.11176249098124098,0.13552626004357904,0.13021163962690566
2021-10-22,0.1807263157894737,0.17896774765195816,0.19581153846153845,0.1493887593887594,0.0895832524095711,0.1188187444389894
2021-10-23,0.08506842105263158,-0.00952481311503868,0.12433076923076922,-0.013920880706594991,0.18578269477247408,0.0884192844387144
2021-10-24,0.13166923076923076,0.14134615384615384,0.0977625,0.134375,0.06376133314692058,0.08061519327263038
2021-10-25,0.19555714285714285,0.08849851440997274,0.21046478873239435,0.10037278595817328,0.17156668616613993,0.19609544690077502
2021-10-26,0.16825433070866141,0.037214663981396265,0.156221,0.029491789923039923,0.05284988788491861,0.06082173374194936
2021-10-27,0.1848719298245614,0.036574391008601534,0.16803260869565217,0.03844846035606905,0.018474081972319825,0.034407175621612274
2021-10-28,0.14083928571428572,0.05637460381880025,0.1731826086956522,0.06428212638810464,0.08095508892022606,0.0792584563704564
2021-10-29,0.07324534883720929,0.04327973114310324,0.12111969696969697,0.07306146785313453,0.08126752453228069,0.11396199039447662
2021-10-30,0.19348536585365853,0.08766863979516419,0.20266666666666666,0.08769206198893699,0.06712532397813914,0.07626946788985987
2021-10-31,0.1741076923076923,0.07871438746438747,0.1701913043478261,0.08898148148148148,0.27929711202159524,0.28201381359249356
2021-11-01,0.21591176470588236,0.06115100541479218,0.23487179487179488,0.07108151056762167,0.10142755036256001,0.1070528834893861
2021-11-02,0.16377115384615384,0.09391857274669774,0.16504725274725274,0.1025278194028194,-0.009245152558343349,-0.011429247213527565
2021-11-03,0.3370913043478261,0.12152387898505912,0.36493333333333333,0.1214875666661381,0.06906049864609604,0.07721649934537708
2021-11-04,0.18408035714285714,0.04729775916048238,0.18028979591836733,0.05807437163176959,0.08188248585377421,0.08074525019153952
2021-11-05,0.2587326086956522,0.1469818526883744,0.2755212121212121,0.19102296412902472,0.08830759775541397,0.11425978137236652
2021-11-06,0.18781250000000002,0.062564971679555,0.21782105263157897,0.06421462309620204,0.04096344878780654,0.020548526854373694
2021-11-07,0.08522,0.06301706506054332,0.08028979591836735,0.06693895036369527,-0.0750700249053214,-0.07650868429077998
2021-11-08,0.13831203703703704,0.07571868693231128,0.12153846153846154,0.07204342331893353,-0.08859456735835583,-0.07818426598384176
2021-11-09,0.1315236559139785,0.01229684922057234,0.12637594936708862,0.01597920224700288,-0.052415622878939874,-0.057036382332444194
2021-11-10,0.0742546875,0.06914913645382395,0.07665,0.07137975375878601,0.04861587678897194,0.04861587678897194
2021-11-11,0.1313194805194805,0.05711065724499166,0.1723705882352941,0.0716955644947373,0.006019894977088081,0.016301529751955583
2021-11-12,0.18091860465116277,0.07252359749717044,0.24060882352941176,0.0948460203640685,0.03449697238068247,0.07055979762226343
2021-11-13,0.19139777777777778,0.18289502164502164,0.23290588235294118,0.12241453399541635,0.04128949687712721,0.05846652888825959
2021-11-14,0.29240416666666663,0.09373014888825902,0.21485,0.08220898158646175,-0.12257198876856518,-0.18050784922929275
2021-11-15,0.2587933333333334,0.0979055455347122,0.26905357142857145,0.09313490721414829,-0.08895853508263826,-0.07163846765741194
2021-11-16,0.17594444444444446,0.07399194101508916,0.14846904761904764,0.07281106701940035,0.028706319630146013,0.008832001777062573
2021-11-17,0.17675454545454547,0.13099055125570275,0.20341923076923077,0.15568031505531504,0.17863856406995293,0.18174129130784422
2021-11-18,0.18383076923076921,0.0787004662004662,0.22163125,0.10337357954545455,0.03691090882206574,0.03277591558392433
2021-11-19,0.29120833333333335,0.20184625270562773,0.28894,0.17357707173778603,0.23364060688375807,0.18645798823692733
2021-11-20,0.3064789473684211,0.019127791068580546,0.27935625000000003,0.009103140782828284,-0.040317201741824016,-0.03995600742671419
2021-11-21,0.17815625,0.12291666666666667,0.21863333333333335,0.15833333333333333,0.04920353239867833,0.04965598275884983
2021-11-22,0.39666410256410256,0.23445512820512823,0.31145833333333334,0.17456597222222223,0.032499074434431695,0.05461777195486486
2021-11-23,0.32426,0.20397970085470085,0.14638,0.10629273504273504,0.028594295657239855,0.03648875425569712
2021-11-24,0.29359285714285716,0.16225198412698413,0.29468965517241374,0.17808908045977012,0.04820257946405381,0.0307824954506941
2021-11-25,0.2119107142857143,0.05900704634470868,0.27244545454545455,0.1035089680750838,-0.09270130703225733,-0.0032694483094889474
2021-11-26,0.382624,0.13822912157287157,0.4215421052631579,0.15648359772537404,-0.010265124589204809,0.007310928031802154
2021-11-27,0.16254285714285713,0.0006709956709956952,0.16254285714285713,0.0006709956709956952,-0.15193352582199232,-0.1519335258219923
2021-11-28,0.18201818181818183,0.2037878787878788,0.11540000000000002,0.14166666666666666,-0.03854081796651537,-0.05775751877162193
2021-11-29,0.2706727272727273,0.10386134067952249,0.2596117647058824,0.07708704693998812,-0.04102001529694959,-0.05471235513687134
2021-11-30,0.15674666666666667,0.03214339826839827,0.23125833333333334,0.03927857443482444,0.02494613917854925,0.03013747526332736
2021-12-01,0.17095000000000002,0.0990267255892256,0.15763157894736843,0.08166533758639022,-0.060585126979276545,-0.06897978226400235
2021-12-02,0.23063513513513514,0.0745960245960246,0.28158999999999995,0.09200176366843034,-0.06840228052759492,-0.02696851978544146
2021-12-03,0.13174583333333334,0.0020523313492063493,0.164495,0.04246279761904762,0.02050177772374202,0.0351021657232195
2021-12-04,0.1372875,0.11710146949404762,0.1372875,0.11710146949404762,-0.09254187607439236,-0.09254187607439235
2021-12-05,0.25748000000000004,0.08985714285714287,0.33074444444444445,0.09984126984126986,-0.07552130883559584,-0.007293664436373433
2021-12-06,0.27083,0.1109402557319224,0.26661428571428575,0.11707884542705971,0.06672597251211604,0.038793888641521335
2021-12-07,0.2987772727272727,0.09681850977305523,0.26981578947368423,0.09651211361737677,0.006201555232771422,0.02937668426893651
2021-12-08,0.06487878787878788,0.032741046831955924,0.09226000000000001,0.04321818181818182,0.04326729521606905,0.060399689972400646
2021-12-09,0.0238875,-0.012847222222222222,0.104,0.005092592592592593,-0.0805012620985508,-0.035887691735600434
2021-12-10,0.028296153846153846,0.05371850371850372,0.029427999999999996,0.05586724386724387,-0.017418080940842642,-0.017541439905762686
2021-12-11,0.30892,0.08068055555555556,0.30892,0.08068055555555556,0.050561396963894376,0.050561396963894376
2021-12-12,-0.0023400000000000087,0.0688095238095238,-0.0023400000000000087,0.0688095238095238,0.0013992995023728,0.0013992995023728006
2021-12-13,0.20741875,0.14930555555555555,0.22124666666666667,0.15925925925925927,-0.009235443430952728,-0.008652281140287727
2021-12-14,0.184025,0.022011837278882736,0.18514594594594594,0.012985770031224577,-0.030138075898867106,-0.0308188553302525
2021-12-15,0.073956,0.05767561327561328,0.06344285714285715,0.0547725554868412,-0.114855812266469,-0.11850268309089271
2021-12-16,0.17003488372093023,0.08777072357014218,0.18748620689655174,0.06060256713273955,0.0038456142511824882,0.010917583223560732
2021-12-17,0.113452,0.02733838383838384,0.12737272727272728,0.031066345270890725,-0.06516691539436578,-0.07651764209466899
2021-12-18,0.09573529411764706,0.050367647058823524,0.1085,0.05708333333333333,0.0036754173171870685,0.002136276972790559
2021-12-19,0.38654285714285713,0.19048012007833437,0.39325,0.14759802263708513,0.00610540295019747,0.014582700445316734
2021-12-20,0.07408076923076923,0.03686544936544936,0.07449999999999998,0.02939482544745702,-0.014082813599648376,-0.025343300169333803
2021-12-21,0.1809952380952381,0.16342341520912948,0.190045,0.17159458596958596,0.008917003249128664,0.01000857884064316
2021-12-22,0.23829999999999998,-0.020786163522012575,0.28102439024390247,0.037493224932249325,0.22659651950915466,0.16931314666777156
2021-12-23,0.16167435897435897,0.04641434953934953,0.19768064516129033,0.06161805264627845,0.13798397566932133,0.1253263091837818
2021-12-24,0.3194444444444444,-0.03232323232323232,0.26235714285714284,-0.07402597402597402,0.11151126792861356,0.016258997310485145
2021-12-25,0.6804291666666668,0.11332267992424244,0.5388555555555556,0.11920770202020203,0.15025006153155115,0.077266473416239
2021-12-26,0.2171,0.05278944911297852,0.27888666666666667,0.05701058201058202,0.01293815266998377,0.01995513948301475
2021-12-27,0.25924761904761906,0.162994227994228,0.3216388888888889,0.20833122895622896,0.16355656286967651,0.18068331190281445
2021-12-28,0.14215789473684212,0.1313374582289056,0.16129444444444443,0.13863398368606702,0.34676194132158633,0.31687324442383313
2021-12-29,0.32027916666666667,0.07190205627705627,0.34939545454545456,0.08752951593860686,0.05411807261407373,0.05566651471283123
2021-12-30,0.24923809523809523,0.060449735449735455,0.21602000000000002,0.05177525252525252,-0.06591434980786984,-0.06807627687230708
2021-12-31,0.3715851851851852,0.16509553203997648,0.3569136363636364,0.15488997113997113,0.3415540446423822,0.23124366998672483
2022-01-01,0.1381294117647059,0.11039935064935066,0.16035833333333335,0.10354689754689755,0.06639094464480877,0.09141004007930559
2022-01-02,0.03968571428571428,0.04772108843537415,0.09817857142857143,0.05965136054421769,0.1383506433772189,0.14781776063942484
2022-01-03,0.1210279569892473,0.03563433231443984,0.14864545454545455,0.042286212464783896,0.06635722044294559,0.06703426389214702
2022-01-04,0.21103387096774193,0.12336537331615605,0.25322592592592597,0.10920345331361127,0.06968269926766234,0.10263783051209016
2022-01-05,0.1688794871794872,0.06903115403115404,0.21921176470588236,0.08541528732705204,0.09846262423655924,0.11158023818450816
2022-01-06,0.23795333333333335,0.07231876052188553,0.17749600000000001,0.08678251262626263,0.026342139268914853,0.02175220742821692
2022-01-07,0.19990000000000002,0.07798800505050504,0.18965333333333334,0.06576178451178452,-0.029775829613208793,-0.03549082402605566
2022-01-08,0.15569285714285713,0.22151360544217688,0.16766923076923076,0.23855311355311357,-0.012266649598521853,-0.011826939737567543
2022-01-09,0.13665714285714287,0.11752795815295815,0.14716923076923077,0.12656857031857033,0.15082511625119618,0.16297172583066497
2022-01-10,0.2103483870967742,0.11508064516129032,0.2328857142857143,0.12443452380952381,0.05329827913233348,0.020039317697020508
2022-01-11,0.18826857142857142,0.13270408163265307,0.16146538461538462,0.1350503663003663,0.13288006561675242,0.14720126907699382
2022-01-12,0.12064000000000001,0.0961976911976912,0.11234444444444446,0.0957752124418791,0.1068822903558612,0.11939509178477305
2022-01-13,0.21186428571428573,0.08106937429854096,0.17856666666666668,0.09029496352413019,0.013016890911828893,0.043295364977130955
2022-01-14,0.1534625,0.04720833333333333,0.13136176470588237,0.055539215686274505,-0.0017262507230043488,-0.002392891191822651
2022-01-15,0.14267391304347826,0.10134575569358178,0.23439285714285713,0.1664965986394558,0.06697536911815404,0.09465457250674562
2022-01-16,0.10303333333333334,0.014814814814814817,0.10303333333333334,0.014814814814814817,0.09657229151990679,0.09657229151990679
2022-01-17,0.06866875,0.04796506734006734,0.04900833333333333,0.030620089786756455,0.10495863767573609,0.11080433645596105
2022-01-18,0.18289,0.028273432375705104,0.2230809523809524,0.024517601806562844,0.030981196773548915,0.03676114712531368
2022-01-19,0.1971793103448276,0.08404236328805295,0.2804277777777778,0.13540158529741864,0.033844312396028926,0.037436102262952096
2022-01-20,0.093168,0.121010101010101,0.044605882352941176,0.11488413547237077,-0.023477904684841643,0.012031709040073973
2022-01-21,0.075871875,0.057540509259259257,0.08551904761904762,0.011490299823633157,-0.18120320774323775,-0.17588440081104637
2022-01-22,0.4022111111111111,0.24039174816952594,0.41862,0.24569232002565336,0.021304986491385416,-0.0010449599803370733
2022-01-23,0.14646,0.022808333333333337,0.14835384615384617,0.0007051282051282065,-0.04721244657412173,-0.05605088224013648
2022-01-24,0.21818070175438595,0.13424431589636268,0.25515128205128207,0.10239981212203435,0.08296990031866648,0.09204226373029605
2022-01-25,0.21752131147540985,0.17269986161379605,0.19155714285714287,0.1268642032570604,-0.008290323734161333,-0.010192716922107593
2022-01-26,0.13691521739130436,0.032673107890499195,0.13651891891891893,0.028744653744653747,-0.03261447455936476,-0.035375275707338005
2022-01-27,0.0186015873015873,0.015118227698017943,0.022284615384615382,0.025633164143294637,-0.0765970767150441,-0.08166663449032811
2022-01-28,0.22542545454545457,0.13080850168350167,0.23142790697674417,0.10115158366611855,0.005034955540163941,0.024626020114454954
2022-01-29,0.024638888888888894,0.12413019079685744,0.08903333333333334,0.14452861952861953,0.14309871181224784,0.10651479579973966
2022-01-30,0.10716666666666667,0.15267857142857144,0.1428888888888889,0.14801587301587302,-0.005506224387014908,-0.00861521298065782
2022-01-31,0.26396000000000003,0.13852353395061728,0.30305652173913045,0.15896588164251207,-0.008358529179046567,0.028737726788967834
2022-02-01,0.21766666666666667,0.010269072491294714,0.270635,0.055024691358024694,0.07113356403528877,0.06917892330481358
2022-02-02,0.11186190476190476,0.03144896486733221,0.12363684210526316,0.03475938222178824,-0.07327557266468093,-0.07822515689767898
2022-02-03,0.21191578947368425,0.056273667852615214,0.18315,0.059399982733316065,-0.0489182270279056,-0.05143587767250007
2022-02-04,0.205105,0.02065277777777778,0.24130000000000001,0.024297385620915036,0.1621596910059452,0.17109272334920733
2022-02-05,0.262075,0.08491161616161616,0.27954666666666667,0.09057239057239057,0.033123411471024156,0.03312341147102416
2022-02-06,0.12993000000000002,0.11623677248677249,0.14700714285714286,0.1499811035525321,0.04090755339711903,0.040672708768397535
2022-02-07,0.23296399999999998,0.10599053030303031,0.22363,0.12112452651515151,0.12218546863645315,0.10523662432096899
2022-02-08,0.1793607142857143,0.08939303751803751,0.185612,0.08012020202020204,-0.017578403598495905,-0.020984469698025643
2022-02-09,0.3607125,0.15866950757575757,0.4065833333333333,0.13655934343434342,0.07287056662607937,0.07736821339598722
2022-02-10,0.16854666666666668,0.06814401555234889,0.1805857142857143,0.07301144523465952,0.1357053122172753,0.14565481152385473
2022-02-11,0.3547526315789474,0.10721908939014202,0.37446111111111113,0.11317570546737213,0.09882566053420305,0.09882566053420305
2022-02-12,0.28602666666666665,0.15253306878306877,0.2699857142857143,0.13485685941043085,0.04433887489140033,0.045871274279696596
2022-02-13,0.1988818181818182,0.026218586608196995,0.14804444444444445,-0.03802308802308802,-0.047815221531147305,-0.06511246495776706
2022-02-14,0.24877894736842104,0.09105491000227843,0.27308846153846156,0.09488362827648542,0.11312514609706245,0.14274310482045013
2022-02-15,0.29139200000000004,0.0788654075091575,0.220775,0.07354253472222222,0.08036406353116034,0.10361544797196982
2022-02-16,0.13875357142857142,0.06004567357245928,0.12442727272727273,0.05260404368358913,0.07560760644264519,0.08188601257279515
2022-02-17,0.05398571428571429,-0.06711380385487528,0.1237875,-0.020562996031746036,-0.027093713482220966,-0.03187289461493493
2022-02-18,0.16942647058823532,0.08377919823232323,0.17947037037037036,0.05526824962588851,-0.06502426582772067,-0.09868479357101025
2022-02-19,0.025482352941176466,0.09901960784313725,0.29264999999999997,0.02291666666666667,0.005599068696884565,0.028750386089086536
2022-02-20,-0.16194285714285714,-0.075,-0.03891666666666668,-0.020833333333333332,0.10068723659164139,0.12619356492844722
2022-02-21,-0.09243125,0.05201210826210826,-0.05280000000000001,0.06401490247644094,-0.08975907956482841,-0.11366040983165686
2022-02-22,0.1119125,0.087890625,0.14921666666666666,0.1171875,-0.10431697912281379,-0.11096578768144053
2022-02-23,0.3550346153846154,0.03408968540235711,0.366595,0.046122146578619794,-0.1691176428173024,-0.22507739514112474
2022-02-24,0.3024192307692308,0.1107956857956858,0.2705545454545455,0.08775853775853776,-0.05195404900811043,-0.06314160298048098
2022-02-25,0.2736962962962963,0.04761223344556678,0.29243478260869565,0.05111001317523057,0.015045761544671332,0.03818471207404915
2022-02-26,0.26356666666666667,0.11453423120089787,0.2965125,0.1288510101010101,0.07629369882245858,0.08866488724015653
2022-02-27,0.109275,0.08825757575757576,0.061085714285714285,0.10086580086580087,-0.02865554566960782,-0.046957784465381076
2022-02-28,0.389148,0.16494147186147184,0.389148,0.16494147186147184,0.1259920548275113,0.1259920548275113
2022-03-01,0.2672866666666666,0.04559289321789321,0.22367142857142858,0.04884952844774273,0.1450381765142083,0.15471961076504417
2022-03-02,0.172778125,0.03371212121212121,0.2398,0.036758893280632414,0.004711668210802572,0.0026339859558412427
2022-03-03,0.2806470588235294,0.03339275103980987,0.2645,0.026262626262626265,0.059750909040517663,0.06986457612365485
2022-03-04,0.23380476190476193,0.09357177214320071,0.2625470588235294,0.11558865970630677,0.0832937823697215,0.09962513390928507
2022-03-05,0.29431666666666667,0.15444444444444444,0.33568888888888887,0.12814814814814815,0.2195665480879446,0.2587797541171312
2022-03-06,0.22024444444444444,0.15416666666666667,0.2509166666666667,0.14791666666666667,0.12331855483353135,0.13968762227644524
2022-03-07,0.4053727272727273,0.22424242424242424,0.43872222222222224,0.2296296296296296,0.11074490040879358,0.12217815825715661
2022-03-08,0.21067142857142857,0.09501700680272109,0.24388,0.07159523809523809,0.010705171219472384,0.010481116505196472
2022-03-09,0.37533636363636363,0.2093073593073593,0.3252555555555555,0.20026455026455026,0.0379173472015695,-0.010949645377695574
2022-03-10,0.15518181818181817,0.04786255411255411,0.18966666666666668,0.039451058201058195,0.1648760271173986,0.17109371742440593
2022-03-11,0.18832142857142856,0.14534632034632033,0.18832142857142856,0.14534632034632033,0.08058480805318272,0.08058480805318272
2022-03-12,0.2626375,0.3125,0.33214,0.3,0.00518971460405735,0.009927606365332969
2022-03-13,0.23178333333333334,0.28587962962962965,0.2816,0.12690972222222224,0.008701853454112991,0.01190376877784728
2022-03-14,0.13310588235294118,0.1035204991087344,0.13152142857142857,0.1257034632034632,-0.05531834350789294,-0.06536456582446891
2022-03-15,0.07835,0.10913815640378141,0.035076923076923075,0.08175978224055146,0.052823273756075664,0.05232591633326734
2022-03-16,0.419685,0.18916666666666665,0.4325235294117647,0.16372549019607843,0.007312809443101291,0.012400558994462095
2022-03-17,0.24545500000000003,0.15373484848484847,0.26990666666666663,0.16710101010101008,0.04880614895373583,0.05298970360308886
2022-03-18,0.29702272727272727,0.20928030303030304,0.29430526315789474,0.17916666666666667,0.1941389968110756,0.1746152297593653
2022-03-19,0.32013636363636366,0.19689574314574312,0.2949777777777778,0.23135802469135802,0.1292038451541554,0.06879779717160595
2022-03-20,0.24983846153846154,0.43846153846153846,0.13006,0.24,-0.08278713117425254,-0.14753842384864885
2022-03-21,0.21782692307692308,0.0748853923853924,0.24197727272727274,0.06861455463728192,0.14243485345146972,0.14616795121268789
2022-03-22,0.1366,0.07701348651348651,0.1280972972972973,0.06285606285606286,-0.018680152669549,-0.015214097637094966
2022-03-23,0.0382525,0.10066477272727273,0.0638030303030303,0.11633608815426996,0.11941426983103157,0.11115814175988947
2022-03-24,0.24302903225806452,0.0759948079101305,0.24418076923076923,0.08564124532874533,0.08792355659628107,0.09710301768167742
2022-03-25,0.10416896551724139,0.06783047687465792,0.13731363636363636,0.05910987103174603,-0.005198619392668379,-0.0042444669928115245
2022-03-26,0.30196875,0.0332175925925926,0.2525428571428571,0.030952380952380953,0.05605536192888394,0.05846897754818201
2022-03-27,0.23416875,0.2553977272727273,0.189375,0.17386363636363636,-0.038061971892602756,-0.06150081210459272
2022-03-28,0.11444307692307693,0.10333032565724874,0.1145754716981132,0.10864411008278932,-0.02203714861176336,-0.02052806946872312
2022-03-29,0.06874242424242426,0.049924242424242427,0.05911785714285715,0.055267857142857146,0.10630205442959612,0.12354991379482992
2022-03-30,0.11547647058823529,0.11176003734827265,0.11011428571428572,0.12697845804988664,0.009978317984325047,0.01702788465966781
2022-03-31,0.11010571428571428,0.12202380952380952,0.15665185185185185,0.1316358024691358,0.04337965635848896,0.0415934688478176
2022-04-01,0.06740526315789473,0.11027568922305765,0.08538,0.07468253968253968,0.10737952374314004,0.13647313689192136
2022-04-02,0.33316521739130434,0.10814210950080516,0.4033052631578947,0.1177509746588694,0.017061481454774083,0.006280906824395055
2022-04-03,0.12253076923076921,0.07275641025641025,0.18409999999999999,0.09458333333333332,-0.016970427993398436,-0.012268229760229567
2022-04-04,0.09425,0.04862641192719318,0.08645862068965517,0.03641535109207523,-0.013017352728638803,-0.011053664609789854
2022-04-05,0.35733125,0.14945312500000002,0.33927692307692314,0.1421474358974359,-0.043382272939197726,-0.06004140597696488
2022-04-06,0.1258190476190476,0.08724346641013307,0.13767333333333334,0.10648428731762065,0.0260287056277905,0.03278842009603975
2022-04-07,0.16731891891891892,0.0815940940940941,0.1611939393939394,0.05108024691358024,0.057515494953337555,0.06200349373234944
2022-04-08,0.16939714285714288,0.13377310520167662,0.12455862068965518,0.0870968511054718,0.053922341684145586,0.02713843332282428
2022-04-09,0.5100153846153846,0.21763736263736264,0.4865916666666667,0.22188492063492063,0.022012808073598625,0.041679245031749225
2022-04-10,0.09581875,0.07699915824915823,0.13836,0.0821324354657688,-0.040260045032482615,0.009370656373600147
2022-04-11,0.21129444444444445,0.14271604938271606,0.19643750000000001,0.15215277777777778,0.00347535384611951,-0.0006913417018949976
2022-04-12,0.16259333333333334,0.16044444444444445,0.1625933333333333,0.16044444444444445,0.08252425168951352,0.08252425168951351
2022-04-13,0.18404838709677418,0.1041666334177855,0.20376785714285714,0.09747020128397679,-0.011450376301523174,-0.027595852790721527
2022-04-14,0.17608275862068967,0.08290608816470885,0.15212307692307692,0.06170294449140602,-0.029383233876834662,-0.025197841468508602
2022-04-15,0.2382185185185185,0.04703463203463204,0.2298904761904762,-0.012316017316017315,-0.11061020119598618,-0.14514438088305973
2022-04-16,0.14294615384615386,0.13808413808413808,0.1418625,0.08133116883116884,-0.12126491018212758,-0.05647507806619009
2022-04-17,0.04845833333333333,0.059821428571428574,0.04653,0.055952380952380955,0.012992160550008208,0.018941622041165812
2022-04-18,0.2443034482758621,0.18045908593322385,0.27619166666666667,0.16979083994708996,-0.03533209423566687,-0.03743648887253726
2022-04-19,0.24438636363636365,0.11969696969696969,0.2387842105263158,0.0881578947368421,0.08505787973461504,0.09585948402527719
2022-04-20,0.3010213675213675,0.19404492112825447,0.15615925925925925,0.09912970088896014,0.020666518280457718,-0.010375798180154194
2022-04-21,0.21604920634920635,0.16293292270144122,0.22749473684210528,0.1566919438045169,0.10470665148681117,0.08237755815659102
2022-04-22,0.091825,0.09706626706626706,0.11594230769230769,0.06731751154828078,0.011431599291972822,0.06257681881722349
2022-04-23,0.0441448275862069,0.07184816141712694,0.044769230769230776,0.052195443445443454,-0.16738869227340505,-0.21489815360221726
2022-04-24,0.17880000000000001,-0.031390374331550806,0.22754,-0.03013131313131313,0.050583296126740826,0.05849568825215102
2022-04-25,0.21753421052631577,0.1316694514062935,0.17542,0.090586860670194,0.021497109880376807,0.015075488512714714
2022-04-26,0.07999466666666667,0.13268182619849286,0.12693620689655172,0.134724409530444,-0.18172607654084763,-0.18647594968788325
2022-04-27,-0.14480833333333334,0.04113215488215489,-0.06171081081081081,0.054763854763854765,-0.20014581206875542,-0.15024750559639774
2022-04-28,-0.020107142857142858,0.054189184933232555,0.05494571428571428,0.053607457797933994,-0.12494383502884633,-0.1512887231591675
2022-04-29,0.08303387096774194,0.05519834481528029,0.075866,0.028552008177008172,-0.001129411881969837,-0.02400952225149263
2022-04-30,0.10567307692307693,0.08498154623154622,0.15627727272727274,0.10131772268135904,0.017148642227626756,-0.04388825150884011
2022-05-01,0.08681,0.2230208333333333,0.18337272727272727,0.14564393939393938,-0.05946914087980989,-0.05070344765077941
2022-05-02,0.12589666666666666,0.0838625140291807,0.14570000000000002,0.06139044768674398,-0.01383964804311594,-0.020204894610547593
2022-05-03,0.14277857142857142,0.032380952380952385,0.11118181818181819,0.001136363636363636,0.04952279365222369,0.06423695986582474
2022-05-04,0.20155909090909094,0.11268939393939394,0.21015263157894737,0.12214912280701755,-0.04203767625784333,0.0005893595026511651
2022-05-05,0.4420444444444444,0.2808922558922559,0.4272571428571429,0.29090909090909095,0.04026589128706191,0.04755130569849697
2022-05-06,0.2288083333333333,0.09668162277537277,0.2196611111111111,0.10774480920314254,0.011535600293427697,0.01887405053195025
2022-05-07,0.5479153846153846,0.16681623931623932,0.5164875,0.11774305555555556,-0.10194000229239465,-0.17466576001606882
2022-05-08,0.41317692307692305,0.0691086691086691,0.43837000000000004,0.019246031746031747,-0.04381908304416219,-0.06070451382547619
2022-05-09,0.19725625,0.09875062003968253,0.1453148148148148,0.07105011757789537,0.04560774724814107,0.049223930641476565
2022-05-10,0.2241846153846154,0.12566186484455716,0.2305333333333333,0.1001580760509332,-0.01936144936973088,-0.009508008857003687
2022-05-11,0.11564390243902438,0.12276422764227642,0.1282029411764706,0.10416666666666667,-0.04430590883442542,-0.03055907879024744
2022-05-12,0.1167939393939394,0.1319006146420919,0.09867777777777777,0.10596494876008765,-0.06966759522699498,-0.08282686542120897
2022-05-13,0.08805862068965517,0.24209770114942528,0.06325,0.18208333333333332,-0.0914271365016185,-0.12916452654947838
2022-05-14,0.3372846153846154,0.12373737373737373,0.37745555555555554,0.12410213243546576,-0.032462880230293825,-0.05215865425351592
2022-05-15,0.194,0.1486111111111111,0.18306666666666668,0.14097222222222222,0.017347117161585237,0.02308638378356895
2022-05-16,0.19072499999999998,0.12294191919191919,0.17312352941176473,0.0956179441473559,-0.013577428366988904,-0.017294380296435635
2022-05-17,0.020295238095238095,0.10089466089466088,0.018885714285714283,0.07467532467532467,-0.25524749300841776,-0.18576941397041083
2022-05-18,0.13118214285714286,0.1365304834054834,0.15266521739130434,0.10824000878348705,-0.22006107783610268,-0.2220954248914495
2022-05-19,0.04924883720930233,0.04750582548911038,-0.01928857142857143,0.009911918934240364,-0.08486181771555959,-0.09514600837703895
2022-05-20,0.10049152542372881,0.09416980539861897,0.1080591836734694,0.09055042651981426,-0.1824044312460948,-0.18274558021449575
2022-05-21,0.16377777777777777,0.12077153534908165,0.1052,0.11185177016019407,-0.06934639832211864,-0.08099267805886008
2022-05-22,0.07995294117647059,0.027180258467023172,0.008833333333333327,0.010727588383838383,-0.17558284120305492,-0.10029571581011015
2022-05-23,0.045576,0.09823148148148148,0.032200000000000006,0.07374789562289562,-0.13224473483860494,-0.11588552586086419
2022-05-24,0.10684999999999999,0.08226584022038567,0.08701764705882353,0.057442067736185376,-0.09110327843915332,-0.11115125939249992
2022-05-25,0.5321523809523809,0.23668709446260466,0.30935,0.1290635264206693,-0.007255954867494997,-0.08812780540436509
2022-05-26,0.07440250000000001,0.08239296837421838,0.126975,0.08819743781350924,0.0025847834302112514,0.005642893852601792
2022-05-27,0.23459354838709678,0.1667213610761998,0.22211904761904763,0.11982280285851714,0.10501785366044887,0.09699212937899256
2022-05-28,0.2269153846153846,0.1378205128205128,0.2256625,0.04479166666666667,0.04160862602293491,0.038166390524970166
2022-05-29,0.07966428571428572,0.03908730158730158,0.020325,0.017824074074074076,-0.0074854366747396164,-0.011883609462529402
2022-05-30,0.21638235294117647,-0.08649237472766884,0.16159166666666666,-0.1125,-0.3369285117232186,-0.29650912929459344
2022-05-31,0.09497272727272726,0.038269054178145086,0.11607777777777778,0.03288439955106622,0.07678525994362478,0.08684428536798804
2022-06-01,0.5580016949152542,0.3113741837258786,0.20895185185185186,0.11590408048741382,0.0273493531838817,-0.03579863379227705
2022-06-02,0.15722352941176468,0.12644724556489262,0.2435923076923077,0.1461233211233211,-0.051291567656923755,-0.059021030242244414
2022-06-03,0.030798039215686284,0.029030147412500356,0.03505128205128206,0.01526760276760277,-0.22641032860230872,-0.21435038287503025
2022-06-04,-0.05549444444444444,-0.0953125,-0.065,-0.1512019230769231,-0.08975105569697919,-0.11247824694340429
2022-06-05,-0.10415,0.07696969696969697,-0.06845000000000001,0.09621212121212121,-0.028230086248368053,-0.03390335633109016
2022-06-06,0.21897058823529414,0.14559001782531195,0.24939230769230766,0.12997027972027972,-0.08922548372955884,-0.10912160209069649
2022-06-07,0.04575000000000001,0.09147537878787879,0.24855833333333333,0.11759785353535353,0.041946454439312206,0.051616352849773006
2022-06-08,0.173755,0.1128858024691358,0.26776,0.12718106995884773,0.017846374050714042,0.01707255998108947
2022-06-09,0.17416285714285715,0.0917464715179001,0.2670758620689655,0.13228022424574148,0.028705466006483344,0.05610922543752578
2022-06-10,0.610804054054054,0.317921561984062,0.28347142857142854,0.1320181459578781,0.059817309705288806,-0.023108889198591647
2022-06-11,-0.08745,0.2525033996733614,-0.09228181818181817,0.2706374437401223,-0.027806347701698552,-0.03735543826284509
2022-06-12,-0.12333913043478262,0.04917184265010352,-0.07845,0.07589285714285714,0.07408827227418838,0.10198098662144997
2022-06-13,0.02694857142857143,0.022275132275132278,0.017209999999999993,0.01070987654320988,0.025550871741558807,0.02531255334014852
2022-06-14,0.2697371428571429,0.14954059729952587,0.09168571428571427,0.07073730502301931,-0.0256290120205709,-0.09310020099986684
2022-06-15,-0.032339999999999994,0.1354934864518198,0.00558235294117647,0.14293351347272917,-0.19218632571864872,-0.14724715411042175
2022-06-16,0.07255714285714285,0.13784137291280146,0.123904,0.1382203463203463,0.1731386668980122,0.15789450791284995
2022-06-17,0.3312916666666667,0.21514033564814816,0.11519583333333333,0.1488353587962963,-0.015680435579270135,-0.12029448319226504
2022-06-18,0.141565,0.05283585858585858,0.09827333333333334,0.02362962962962963,-0.11406610575504601,-0.08106335619231687
2022-06-19,0.038825,-0.0017526455026455057,0.05176666666666666,-0.0023368606701940076,-0.05491027049720286,-0.05491027049720285
2022-06-20,0.06618461538461538,0.12898224460724458,0.14017,0.13017691798941797,-0.18701853388204023,-0.19249805977398698
2022-06-21,0.1086391304347826,0.07667101014927102,0.13312631578947368,0.05202280175964387,0.05793083430794269,0.06370576502134402
2022-06-22,0.6045490909090909,0.27668482716778176,0.06235555555555556,0.03995711079044414,0.05124283302575349,-0.049212156329303966
2022-06-23,0.008890476190476195,0.1383387445887446,0.010372222222222227,0.11972853535353536,-0.08258583050753392,-0.0825858305075339
2022-06-24,0.098415,0.06243220899470899,0.0731,0.02324294532627866,-0.16059253737330434,-0.13090242239597594
2022-06-25,-0.03377777777777778,0.14259259259259258,-0.03377777777777778,0.14259259259259258,-0.19219531698359382,-0.19219531698359382
2022-06-26,0.027000000000000007,-0.03713991769547325,0.04050000000000001,-0.05570987654320987,-0.026031242373088986,-0.026031242373088983
2022-06-27,0.12457,0.10433501683501682,0.19028,0.12308641975308642,-0.031210586195811622,-0.03822369369513848
2022-06-28,0.08059411764705882,0.06352044605721077,0.16407500000000003,0.0717347582972583,-0.04161269532735733,-0.05226213806732134
2022-06-29,0.24165714285714285,0.1126781204906205,0.2544565217391304,0.084439503732982,0.006886012951976468,0.04204361069947479
2022-06-30,0.20144545454545454,0.0850927565700293,0.23336666666666667,0.05644412377745711,-0.20270308433100584,-0.20352374974431264
2022-07-01,0.21631599999999998,0.09380295815295815,0.2767777777777778,0.08861521965688632,-0.010979177989065649,0.02565685992262192
2022-07-02,0.5674529411764706,0.41169030112044824,0.2241357142857143,0.28069727891156465,0.03965578800724707,-0.009939114621374777
2022-07-03,0.5926842105263158,0.27801948447507663,-0.019681818181818175,0.04475859788359788,-0.03512362616234706,-0.2652868554772188
2022-07-04,0.20454500000000003,0.09205952380952381,0.2212235294117647,0.08134453781512606,0.0025935908313840517,0.00779700449978311
