Date,FinBERT_Sentiment,Volume
2021-08-16,-0.0961774787790472,68032200.0
2021-08-17,-0.0987871277547551,71163900.0
2021-08-18,-0.03952387809732,61048200.0
2021-08-19,-0.058801687822025,42940500.0
2021-08-20,-0.036325477721432,44525700.0
2021-08-23,0.0154125626422363,60794700.0
2021-08-24,-0.0365594676669305,39249300.0
2021-08-25,-0.041467122667319,37936800.0
2021-08-26,-0.0156434314811359,39642900.0
2021-08-27,-0.0178276944169951,41501400.0
2021-08-30,-0.0052356176351109,55812600.0
2021-08-31,-0.0196117459268752,62566200.0
2021-09-01,-0.0341623396095026,39612900.0
2021-09-02,-0.004368114446927,38331900.0
2021-09-03,-0.0161632396420647,45738300.0
2021-09-07,0.0052599436615518,60119400.0
2021-09-08,0.0109816302079706,56379000.0
2021-09-09,-0.019996780826993,42233100.0
2021-09-10,-0.0210910305587549,45552600.0
2021-09-13,-0.0454470190244161,68857500.0
2021-09-14,-0.0285662773440216,55574700.0
2021-09-15,-0.0063256265476662,46073100.0
2021-09-16,0.0090767732109414,41770200.0
2021-09-17,-0.035981929702405,84612600.0
2021-09-20,-0.0784245616119158,74273100.0
2021-09-21,-0.0433765456309182,48992100.0
2021-09-22,-0.0198492577012375,45378900.0
2021-09-23,-0.0220453337682649,35842500.0
2021-09-24,-0.0066457677441053,64119000.0
2021-09-27,0.0180956175170731,84212100.0
2021-09-28,0.0065189011407313,76144200.0
2021-09-29,-0.0451478647192318,62828700.0
2021-09-30,-0.0368387842345542,53868000.0
2021-10-01,-0.0414380171900273,51094200.0
2021-10-04,-0.0135917696413697,91449900.0
2021-10-05,-0.0399009734758042,55297800.0
2021-10-06,-0.0174310825631378,43898400.0
2021-10-07,-0.0273440489022862,57587400.0
2021-10-08,-0.0274244037277787,50215800.0
2021-10-11,-0.0145687720470242,42600900.0
2021-10-12,0.0048414870289887,66060000.0
2021-10-13,-0.0101385837243425,42360300.0
2021-10-14,-0.0055475509215662,36741600.0
2021-10-15,-0.0244135375481609,56773800.0
2021-10-18,0.0218366231288785,72621600.0
2021-10-19,0.0281132257553586,52143300.0
2021-10-20,-0.013397044068681,42096300.0
2021-10-21,-0.0224753171259132,94444500.0
2021-10-22,0.0159570251435733,68642400.0
2021-10-25,0.0243389190169982,188556300.0
2021-10-26,-0.0085620059342793,187245000.0
2021-10-27,-0.0206896019518602,115579500.0
2021-10-28,-0.0210304304287431,81639600.0
2021-10-29,-0.0026991349571432,89755200.0
2021-11-01,-0.0071295398534775,168146100.0
2021-11-02,-0.0337002856541689,128213400.0
2021-11-03,-0.0228877124618337,103885500.0
2021-11-04,-0.0027708448903063,76192200.0
2021-11-05,-0.0338764212387292,64886400.0
2021-11-08,-0.0548673961413504,100337100.0
2021-11-09,-0.0739109975032245,177317400.0
2021-11-10,-0.0520017039002208,128408100.0
2021-11-11,-0.0373353084384613,67189800.0
2021-11-12,-0.0366201281698155,76719300.0
2021-11-15,-0.0651402157746146,104326800.0
2021-11-16,-0.061086523676962,79627200.0
2021-11-17,-0.0229879344657213,94336200.0
2021-11-18,-0.0309830425931266,62696700.0
2021-11-19,-0.0062750367577737,64926900.0
2021-11-22,-0.0138517657553161,99217500.0
2021-11-23,-0.0660114732235147,108515100.0
2021-11-24,-0.0397714084288214,67680600.0
2021-11-26,-0.0652181586940723,35042700.0
2021-11-29,-0.0022853348538817,58393500.0
2021-11-30,-0.0321631163689425,81276000.0
2021-12-01,-0.042431979327666,68450400.0
2021-12-02,-0.0320066016092034,73114800.0
2021-12-03,-0.083617171307367,92322000.0
2021-12-06,-0.0632469801096317,81663000.0
2021-12-07,-0.0223524038270461,56084700.0
2021-12-08,-0.0205593621807544,41906400.0
2021-12-09,-0.0703680403403309,59438400.0
2021-12-10,-0.082335642033418,59664300.0
2021-12-13,-0.0786869851580889,78595500.0
2021-12-14,-0.0942386393581875,70806300.0
2021-12-15,-0.0695815416635636,75169200.0
2021-12-16,-0.0926610146087934,82771500.0
2021-12-17,-0.0616475528170974,100437300.0
2021-12-20,-0.0681940186001444,56480100.0
2021-12-21,-0.056047488993788,71517900.0
2021-12-22,0.0100741068272017,93634200.0
2021-12-23,-0.0115573737577602,92713200.0
2021-12-27,-0.0192036361865564,71145900.0
2021-12-28,-0.0305023443709615,60324000.0
2021-12-29,-0.0428712284910646,56154000.0
2021-12-30,-0.0598518058265743,47040900.0
2021-12-31,-0.0177650082398265,40733700.0
2022-01-03,-0.0038614670781503,103931400.0
2022-01-04,-0.0150569680589851,100248300.0
2022-01-05,-0.0479871138565158,80119800.0
2022-01-06,-0.0283566115408218,90336600.0
2022-01-07,-0.0447577282913563,84164700.0
2022-01-10,-0.0256128769330645,91815000.0
2022-01-11,-0.015284212282684,66063300.0
2022-01-12,-0.0096851560424747,83739000.0
2022-01-13,-0.0702363503099357,97209900.0
2022-01-14,-0.0428973797494306,72924300.0
2022-01-18,-0.0686632288072603,66743400.0
2022-01-19,-0.0606350827663076,75442500.0
2022-01-20,-0.065707530041005,70488600.0
2022-01-21,-0.0686134524078795,103416000.0
2022-01-24,-0.0774540060086318,151565700.0
2022-01-25,-0.0796072308880645,86595900.0
2022-01-26,-0.0512245416670351,104867400.0
2022-01-27,-0.0904536133579601,147109500.0
2022-01-28,-0.0756666891107953,134789100.0
2022-01-31,-0.0288596629187191,104436000.0
2022-02-01,-0.0310228506020109,73138200.0
2022-02-02,-0.0772264534315642,66792900.0
2022-02-03,-0.0497724670906617,78855600.0
2022-02-04,-0.0357192941878324,73625400.0
2022-02-07,-0.0203147350252436,60994500.0
2022-02-08,-0.0370084386050313,50729100.0
2022-02-09,-0.0484205737884621,52259400.0
2022-02-10,-0.0456029049001201,66126900.0
2022-02-11,-0.0577961805167805,79645800.0
2022-02-14,-0.0437532700576377,67756500.0
2022-02-15,-0.0195974891172669,57286200.0
2022-02-16,-0.0177284723011388,51294300.0
2022-02-17,-0.0865563927425478,55178400.0
2022-02-18,-0.0853344743384444,68501700.0
2022-02-22,-0.098862023372047,83288100.0
2022-02-23,-0.0918348323584481,95256900.0
2022-02-24,-0.0665449021245718,135322200.0
2022-02-25,-0.0544754799297411,76067700.0
2022-02-28,0.0165494518196786,99006900.0
2022-03-01,0.0023743648621884,74766900.0
2022-03-02,-0.0173406555565975,74643300.0
2022-03-03,-0.0616559625175799,61623600.0
2022-03-04,-0.0773698521232257,66999600.0
2022-03-07,-0.0522682666005566,72494100.0
2022-03-08,-0.0417559760583444,80399100.0
2022-03-09,-0.0379262418849741,59184000.0
2022-03-10,-0.0518296024618009,58648500.0
2022-03-11,-0.0682089602033999,67037100.0
2022-03-14,-0.0729072269390326,71152200.0
2022-03-15,-0.0580739739073771,66841200.0
2022-03-16,-0.0562041048412817,84028800.0
2022-03-17,-0.0131882356606838,66582900.0
2022-03-18,-0.0249814576021521,100414200.0
2022-03-21,-0.0232779100200096,81981600.0
2022-03-22,-0.0056496307561564,105868500.0
2022-03-23,-0.0096322426943392,120676200.0
2022-03-24,-0.0346970049332278,68920800.0
2022-03-25,-0.0331117816330719,62031600.0
2022-03-28,-0.0220081347339168,102506100.0
2022-03-29,-0.0113431306530849,73614900.0
2022-03-30,-0.0135730849324434,59865000.0
2022-03-31,-0.0444193854143358,48992700.0
2022-04-01,-0.0280637033483381,54263100.0
2022-04-04,-0.0260385027603325,82035900.0
2022-04-05,-0.0500582659436203,80075100.0
2022-04-06,-0.0346249549233253,89348400.0
2022-04-07,-0.0236530232564384,79447200.0
2022-04-08,-0.0339023601752303,55013700.0
2022-04-11,-0.0623661956475098,59357100.0
2022-04-12,-0.0372414186234231,65976000.0
2022-04-13,-0.0344209380645358,55121100.0
2022-04-14,-0.0634195826821769,58422300.0
2022-04-18,-0.0504153717544707,51715200.0
2022-04-19,-0.0348629953753943,49847700.0
2022-04-20,-0.0455488514082097,70711200.0
2022-04-21,-0.0308924763187998,105416400.0
2022-04-22,-0.0479027334598791,69696600.0
2022-04-25,-0.1092933525881889,68341200.0
2022-04-26,-0.1351719270618418,136133700.0
2022-04-27,-0.1631534109365772,76956300.0
2022-04-28,-0.1016161818092241,124948500.0
2022-04-29,-0.0635868454255214,88133100.0
2022-05-02,-0.0713243504934426,75781500.0
2022-05-03,-0.0290611408838959,63709500.0
2022-05-04,-0.0633399396826123,81643800.0
2022-05-05,-0.0568496538561666,92519100.0
2022-05-06,-0.0239708323207193,72903000.0
2022-05-09,-0.10102480856747,90810300.0
2022-05-10,-0.1069251161393229,84401700.0
2022-05-11,-0.0907635916151576,97224600.0
2022-05-12,-0.0875523517706065,140313000.0
2022-05-13,-0.1043545602210176,92150700.0
2022-05-16,-0.089311320340525,86098500.0
2022-05-17,-0.11870793886231,80236200.0
2022-05-18,-0.1219531209622634,87811800.0
2022-05-19,-0.1125255718305027,90296700.0
2022-05-20,-0.1167808090725117,144973200.0
2022-05-23,-0.1015608456517799,88903500.0
2022-05-24,-0.1488099362948918,89092500.0
2022-05-25,-0.090094640923961,92139300.0
2022-05-26,-0.0380331686667593,106003200.0
2022-05-27,-0.0432670205033674,89295000.0
2022-05-31,-0.0449567447746139,101914500.0
2022-06-01,-0.0555967732208671,77247900.0
2022-06-02,-0.0741519302474833,93473100.0
2022-06-03,-0.1579262902904269,112393800.0
2022-06-06,-0.0995626159632094,84204600.0
2022-06-07,-0.1085768745794145,72808500.0
2022-06-08,-0.0396691663858718,76210500.0
2022-06-09,-0.032925496499372,96491400.0
2022-06-10,-0.044403362816924,97536600.0
2022-06-13,-0.0800518283850229,102767400.0
2022-06-14,-0.0591016272746001,97988700.0
2022-06-15,-0.0743884967193889,119131800.0
2022-06-16,-0.0628055329827085,107390700.0
2022-06-17,-0.0930628027898141,92641800.0
2022-06-21,-0.0226223651061263,122793000.0
2022-06-22,-0.0428736711133415,101107500.0
2022-06-23,-0.0533617472453658,104202600.0
2022-06-24,-0.0844560482369232,95770800.0
2022-06-27,-0.0583161477783792,89178300.0
2022-06-28,-0.049318413813788,90391200.0
2022-06-29,-0.1057404843337039,82897200.0
2022-06-30,-0.0930609150797901,94600500.0
2022-07-01,-0.1120534063861687,74460300.0
